"inventoryid","inventorydate","year","month","partid","partname","partcode","partcategory","partdescription","supplierid","suppliername","suppliercity","suppliercountry","supplierrating","warehouseid","warehousename","warehouselocation","warehousecity","quantityonhand","quantityreserved","quantitydamaged","availablequantity","reorderlevel","reorderquantity","leadtimedays","unitcost","totalcost","supplierleadtime","receivedate","invoicenumber","invoiceamount","status","expirydate","storagelocation","laststockupdate","notes"
"INV00000001","2024-08-18",2024,7,"PART000002","Part 2","PC259518","Component","Essential component Part 2","SUP0002","Supplier 2","Delhi","India","3.43","WH02","Warehouse 2","South","Delhi",48225,22645,57,25523,909,4023,49,"582.52","14867657.96",54,"2024-07-24","INV987818","87348.98","Low Stock",NULL,"Rack-25","2024-06-03","Stock level: 48225 units, Supplier rating: 3.43"
"INV00000001","18-08-2024",2024,7,"PART000002","Part 2","PC259518","Component","Essential component Part 2","SUP0002","Supplier 2","Delhi","India","3.43","WH02","Warehouse 2","South","Delhi",48225,22645,57,25523,909,4023,49,"582.52","14867657.96",54,"24-07-2024","INV987818","87348.98","Low Stock",NULL,"Rack-25","03-06-2024","Stock level: 48225 units, Supplier rating: 3.43"
"INV00000002","2024-07-26",2024,3,"PART000003","Part 3","PC239745","Subassembly","Essential component Part 3","SUP0003","Supplier 3","Bangalore","India","4.86","WH03","Warehouse 3","East","Bangalore",11185,3884,386,6915,1871,16431,10,"833.87","5766211.05",88,"2024-01-24","INV559364","82099.11","Out of Stock","null","Rack-85","2024-09-15","Stock level: 11185 units, Supplier rating: 4.86"
"INV00000003","2024-04-16",2024,9,"PART000004","Part 4","PC352064","Tool","Essential component Part 4","SUP0004","Supplier 4","Pune","India","2.89","WH04","Warehouse 4","West","Pune",18219,16387,112,1720,2389,18245,36,"732.73","1260295.6",61,"2024-11-23","INV956827","49124.97","Discontinued","null","Rack-49","2024-01-26","Stock level: 18219 units, Supplier rating: 2.89"
"INV00000004","2024-04-21",2024,1,"PART000005","Part 5","PC873069","Packaging","Essential component Part 5","SUP0005","Supplier 5","Hyderabad","India","3.46","WH05","Warehouse 5","Central","Hyderabad",37645,8882,239,28524,3616,10370,5,"565.97","16143728.28",54,"2024-07-01","INV484607","22223.49","On Order","null","Rack-86","2024-04-12","Stock level: 37645 units, Supplier rating: 3.46"
"INV00000005","2024-05-10",2024,10,"PART000006","Part 6","PC627010","Raw Material","Essential component Part 6","SUP0006","Supplier 6","Chennai","India","2.72","WH06","Warehouse 6","North","Chennai",28007,21658,286,6063,4263,558,31,"701.93","4255801.59",74,"2024-06-11","INV225654","40872.12","Available","2025-02-17","Rack-30","2024-08-23","Stock level: 28007 units, Supplier rating: 2.72"
"INV00000006","2024-05-18",2024,3,"PART000007","Part 7","PC173736","Component","Essential component Part 7","SUP0007","Supplier 7","Kolkata","India","2.45","WH07","Warehouse 7","South","Kolkata",9788,9353,326,109,2918,6651,6,"313.05","34122.45",14,"2024-11-15","INV788030","94939.92","Low Stock","null","Rack-17","2024-01-14","Stock level: 9788 units, Supplier rating: 2.45"
"INV00000007","2024-10-13",2024,5,"PART000008","Part 8","PC339696","Subassembly","Essential component Part 8","SUP0008","Supplier 8","Jaipur","India","2.35","WH08","Warehouse 8","East","Jaipur",44826,2061,448,42317,4487,3728,39,"625.95","26488326.15",90,"2024-03-06","INV745818","10327.64","Out of Stock","2025-02-13","Rack-100","2024-01-07","Stock level: 44826 units, Supplier rating: 2.35"
"INV00000008","2024-02-08",2024,10,"PART000009","Part 9","PC176906","Tool","Essential component Part 9","SUP0009","Supplier 9","Mumbai","India","4.5","WH09","Warehouse 9","West","Mumbai",18255,632,408,17215,3994,11763,8,"124.72","2147054.8",28,"2024-07-20","INV713948","7545.1","Discontinued","null","Rack-59","2024-12-24","Stock level: 18255 units, Supplier rating: 4.5"
"INV00000009","2024-11-18",2024,3,"PART000010","Part 10","PC723374","Packaging","Essential component Part 10","SUP0010","Supplier 10","Delhi","India","3.62","WH10","Warehouse 10","Central","Delhi",38521,22470,385,15666,2659,740,36,"68.77","1077350.82",32,"2024-05-11","INV213466","2988.24","On Order","null","Rack-71","2024-10-08","Stock level: 38521 units, Supplier rating: 3.62"
"INV00000010","2024-07-12",2024,1,"PART000011","Part 11","PC910874","Raw Material","Essential component Part 11","SUP0011","Supplier 11","Bangalore","India","3.23","WH01","Warehouse 1","North","Bangalore",19101,17366,372,1363,504,10408,40,"375.1","511261.3",53,"2024-02-27","INV134343","80627.43","Available","null","Rack-40","2024-05-19","Stock level: 19101 units, Supplier rating: 3.23"
"INV00000011","2024-01-17",2024,11,"PART000012","Part 12","PC193747","Component","Essential component Part 12","SUP0012","Supplier 12","Pune","India","3.6","WH02","Warehouse 2","South","Pune",45893,4785,333,40775,3320,4881,56,"899.05","36658763.75",50,"2024-09-11","INV886939","87389.28","Low Stock","null","Rack-19","2024-08-10","Stock level: 45893 units, Supplier rating: 3.6"
"INV00000012","2024-11-22",2024,11,"PART000013","Part 13","PC209464","Subassembly","Essential component Part 13","SUP0013","Supplier 13","Hyderabad","India","3.07","WH03","Warehouse 3","East","Hyderabad",43332,31374,10,11948,2721,15992,34,"839.45","10029748.6",59,"2024-08-08","INV647609","55718.98","Out of Stock","null","Rack-63","2024-02-20","Stock level: 43332 units, Supplier rating: 3.07"
"INV00000013","2024-08-20",2024,10,"PART000014","Part 14","PC845872","Tool","Essential component Part 14","SUP0014","Supplier 14","Chennai","India","4.41","WH04","Warehouse 4","West","Chennai",204,166,317,-279,3688,4367,46,"723.95","-201982.05",55,"2024-01-17","INV412214","86953.25","Discontinued","null","Rack-50","2024-04-26","Stock level: 204 units, Supplier rating: 4.41"
"INV00000014","2024-10-15",2024,7,"PART000015","Part 15","PC191190","Packaging","Essential component Part 15","SUP0015","Supplier 15","Kolkata","India","2.83","WH05","Warehouse 5","Central","Kolkata",13242,12071,160,1011,4227,13155,17,"335.48","339170.28",84,"2024-11-28","INV226782","27068.06","On Order","2025-07-19","Rack-4","2024-01-18","Stock level: 13242 units, Supplier rating: 2.83"
"INV00000015","2024-08-07",2024,8,"PART000016","Part 16","PC438960","Raw Material","Essential component Part 16","SUP0016","Supplier 16","Jaipur","India","4.58","WH06","Warehouse 6","North","Jaipur",14313,11946,340,2027,4731,17120,38,"129.39","262273.53",85,"2024-09-15","INV436451","60892.7","Available","null","Rack-43","2024-06-17","Stock level: 14313 units, Supplier rating: 4.58"
"INV00000016","2024-02-27",2024,5,"PART000017","Part 17","PC204705","Component","Essential component Part 17","SUP0017","Supplier 17","Mumbai","India","3.59","WH07","Warehouse 7","South","Mumbai",1892,1112,108,672,493,8707,40,"860.87","578504.64",7,"2024-07-04","INV173045","37860.03","Low Stock","null","Rack-77","2024-10-08","Stock level: 1892 units, Supplier rating: 3.59"
"INV00000017","2024-07-16",2024,3,"PART000018","Part 18","PC136584","Subassembly","Essential component Part 18","SUP0018","Supplier 18","Delhi","India","4.58","WH08","Warehouse 8","East","Delhi",3349,2650,231,468,1549,9750,42,"900.33","421354.44",86,"2024-05-02","INV957560","25711.33","Out of Stock","2025-04-12","Rack-22","2024-06-19","Stock level: 3349 units, Supplier rating: 4.58"
"INV00000018","2024-06-25",2024,7,"PART000019","Part 19","PC316499","Tool","Essential component Part 19","SUP0019","Supplier 19","Bangalore","India","4.06","WH09","Warehouse 9","West","Bangalore",40151,8444,475,31232,2319,2852,56,"423","13211136",7,"2024-07-22","INV577638","11262.32","Discontinued","null","Rack-6","2024-07-17","Stock level: 40151 units, Supplier rating: 4.06"
"INV00000019","2024-12-22",2024,11,"PART000020","Part 20","PC977195","Packaging","Essential component Part 20","SUP0020","Supplier 20","Pune","India","4.1","WH10","Warehouse 10","Central","Pune",12514,2827,110,9577,3361,8479,41,"500.94","4797502.38",81,"2024-09-25","INV443217","63209.31","On Order","null","Rack-73","2024-11-25","Stock level: 12514 units, Supplier rating: 4.1"
"INV00000020","2024-02-16",2024,5,"PART000021","Part 21","PC846685","Raw Material","Essential component Part 21","SUP0021","Supplier 21","Hyderabad","India","4.56","WH01","Warehouse 1","North","Hyderabad",39175,9587,0,29588,2910,6449,46,"829.54","24544429.52",89,"2024-03-19","INV605979","67070.67","Available","2025-05-12","Rack-97","2024-12-06","Stock level: 39175 units, Supplier rating: 4.56"
"INV00000021","2024-03-21",2024,3,"PART000022","Part 22","PC476878","Component","Essential component Part 22","SUP0022","Supplier 22","Chennai","India","2.4","WH02","Warehouse 2","South","Chennai",24311,10684,155,13472,3672,6040,53,"818.63","11028583.36",73,"2024-06-07","INV257868","85692.87","Low Stock","null","Rack-52","2024-11-23","Stock level: 24311 units, Supplier rating: 2.4"
"INV00000022","2024-10-11",2024,9,"PART000023","Part 23","PC698251","Subassembly","Essential component Part 23","SUP0023","Supplier 23","Kolkata","India","2.19","WH03","Warehouse 3","East","Kolkata",5409,5245,0,164,2049,8824,54,"16.8","2755.2",59,"2024-11-06","INV103172","24101.57","Out of Stock","null","Rack-58","2024-12-11","Stock level: 5409 units, Supplier rating: 2.19"
"INV00000023","2024-11-04",2024,8,"PART000024","Part 24","PC425527","Tool","Essential component Part 24","SUP0024","Supplier 24","Jaipur","India","3.34","WH04","Warehouse 4","West","Jaipur",48958,30878,33,18047,773,15119,60,"426.68","7700293.96",44,"2024-05-14","INV553208","39616.12","Discontinued","null","Rack-15","2024-09-25","Stock level: 48958 units, Supplier rating: 3.34"
"INV00000024","2024-08-08",2024,9,"PART000025","Part 25","PC867077","Packaging","Essential component Part 25","SUP0025","Supplier 25","Mumbai","India","2.01","WH05","Warehouse 5","Central","Mumbai",37923,2469,269,35185,2190,3682,35,"592.83","20858723.55",6,"2024-09-12","INV462911","29674.9","On Order","null","Rack-55","2024-06-08","Stock level: 37923 units, Supplier rating: 2.01"
"INV00000025","2024-02-05",2024,9,"PART000026","Part 26","PC966601","Raw Material","Essential component Part 26","SUP0026","Supplier 26","Delhi","India","3.79","WH06","Warehouse 6","North","Delhi",1016,476,26,514,487,10128,13,"59.99","30834.86",77,"2024-12-07","INV977825","35567.3","Available","null","Rack-98","2024-10-22","Stock level: 1016 units, Supplier rating: 3.79"
"INV00000026","2024-12-19",2024,4,"PART000027","Part 27","PC636416","Component","Essential component Part 27","SUP0027","Supplier 27","Bangalore","India","4.53","WH07","Warehouse 7","South","Bangalore",46876,21644,317,24915,3542,3661,57,"695.39","17325641.85",82,"2024-05-20","INV704071","94207.46","Low Stock","null","Rack-37","2024-11-26","Stock level: 46876 units, Supplier rating: 4.53"
"INV00000027","2024-07-08",2024,12,"PART000028","Part 28","PC199816","Subassembly","Essential component Part 28","SUP0028","Supplier 28","Pune","India","3.65","WH08","Warehouse 8","East","Pune",18369,15314,358,2697,2858,19317,30,"163.61","441256.17",60,"2024-02-26","INV513849","44444.63","Out of Stock","null","Rack-100","2024-08-04","Stock level: 18369 units, Supplier rating: 3.65"
"INV00000028","2024-04-08",2024,12,"PART000029","Part 29","PC947650","Tool","Essential component Part 29","SUP0029","Supplier 29","Hyderabad","India","2.4","WH09","Warehouse 9","West","Hyderabad",33964,6922,301,26741,3622,3279,60,"791.26","21159083.66",52,"2024-01-18","INV649042","47030.08","Discontinued","null","Rack-28","2024-06-07","Stock level: 33964 units, Supplier rating: 2.4"
"INV00000029","2024-07-24",2024,4,"PART000030","Part 30","PC360693","Packaging","Essential component Part 30","SUP0030","Supplier 30","Chennai","India","3.33","WH10","Warehouse 10","Central","Chennai",20207,8224,264,11719,2382,941,43,"314.38","3684219.22",80,"2024-04-03","INV382884","84768.76","On Order","null","Rack-10","2024-05-04","Stock level: 20207 units, Supplier rating: 3.33"
"INV00000030","2024-02-06",2024,8,"PART000031","Part 31","PC323902","Raw Material","Essential component Part 31","SUP0031","Supplier 31","Kolkata","India","2.02","WH01","Warehouse 1","North","Kolkata",32735,14711,352,17672,2675,7483,30,"358.25","6330994",77,"2024-09-08","INV113552","43134.57","Available","null","Rack-18","2024-07-26","Stock level: 32735 units, Supplier rating: 2.02"
"INV00000031","2024-09-28",2024,7,"PART000032","Part 32","PC735779","Component","Essential component Part 32","SUP0032","Supplier 32","Jaipur","India","4.82","WH02","Warehouse 2","South","Jaipur",30141,16869,255,13017,1119,4232,26,"225.81","2939368.77",60,"2024-11-03","INV915425","99538.75","Low Stock","2025-06-25","Rack-21","2024-06-07","Stock level: 30141 units, Supplier rating: 4.82"
"INV00000032","2024-11-25",2024,5,"PART000033","Part 33","PC678131","Subassembly","Essential component Part 33","SUP0033","Supplier 33","Mumbai","India","5","WH03","Warehouse 3","East","Mumbai",23045,7086,252,15707,1519,12488,14,"190.28","2988727.96",22,"2024-02-02","INV145903","37613.51","Out of Stock","2025-08-20","Rack-46","2024-10-28","Stock level: 23045 units, Supplier rating: 5.0"
"INV00000033","2024-06-27",2024,8,"PART000034","Part 34","PC280871","Tool","Essential component Part 34","SUP0034","Supplier 34","Delhi","India","4.21","WH04","Warehouse 4","West","Delhi",39113,16885,206,22022,4005,2068,12,"954.08","21010749.76",83,"2024-07-12","INV962221","64375.96","Discontinued","null","Rack-4","2024-07-28","Stock level: 39113 units, Supplier rating: 4.21"
"INV00000034","2024-12-06",2024,12,"PART000035","Part 35","PC196262","Packaging","Essential component Part 35","SUP0035","Supplier 35","Bangalore","India","4.99","WH05","Warehouse 5","Central","Bangalore",21158,16,333,20809,3358,13080,52,"620","12901580",34,"2024-09-10","INV680527","60205.16","On Order","2025-07-21","Rack-10","2024-09-08","Stock level: 21158 units, Supplier rating: 4.99"
"INV00000035","2024-02-22",2024,4,"PART000036","Part 36","PC159516","Raw Material","Essential component Part 36","SUP0036","Supplier 36","Pune","India","2.34","WH06","Warehouse 6","North","Pune",47142,38708,120,8314,4673,765,46,"471.01","3915977.14",10,"2024-03-22","INV328533","78165.51","Available","2025-01-17","Rack-33","2024-09-24","Stock level: 47142 units, Supplier rating: 2.34"
"INV00000036","2024-03-09",2024,2,"PART000037","Part 37","PC157290","Component","Essential component Part 37","SUP0037","Supplier 37","Hyderabad","India","4.78","WH07","Warehouse 7","South","Hyderabad",7474,2525,384,4565,4724,14197,38,"345.2","1575838",64,"2024-07-26","INV840000","84457.94","Low Stock","null","Rack-46","2024-01-16","Stock level: 7474 units, Supplier rating: 4.78"
"INV00000037","2024-12-11",2024,4,"PART000038","Part 38","PC248297","Subassembly","Essential component Part 38","SUP0038","Supplier 38","Chennai","India","4.4","WH08","Warehouse 8","East","Chennai",17162,2224,375,14563,139,7197,37,"860.55","12532189.65",79,"2024-11-13","INV314478","55590.47","Out of Stock","null","Rack-41","2024-01-22","Stock level: 17162 units, Supplier rating: 4.4"
"INV00000038","2024-03-01",2024,6,"PART000039","Part 39","PC713457","Tool","Essential component Part 39","SUP0039","Supplier 39","Kolkata","India","2.85","WH09","Warehouse 9","West","Kolkata",16344,861,39,15444,3003,9236,16,"919.37","14198750.28",65,"2024-12-14","INV876062","91949.23","Discontinued","2025-10-05","Rack-86","2024-08-02","Stock level: 16344 units, Supplier rating: 2.85"
"INV00000039","2024-11-13",2024,9,"PART000040","Part 40","PC801485","Packaging","Essential component Part 40","SUP0040","Supplier 40","Jaipur","India","3.53","WH10","Warehouse 10","Central","Jaipur",27635,23757,162,3716,2666,3325,25,"171.7","638037.2",8,"2024-09-21","INV448727","91892.77","On Order","2025-12-14","Rack-75","2024-02-02","Stock level: 27635 units, Supplier rating: 3.53"
"INV00000040","2024-12-10",2024,2,"PART000041","Part 41","PC637437","Raw Material","Essential component Part 41","SUP0041","Supplier 41","Mumbai","India","3.39","WH01","Warehouse 1","North","Mumbai",16012,10610,223,5179,3234,12066,30,"178.31","923467.49",12,"2024-07-22","INV664060","28442.05","Available","null","Rack-43","2024-11-01","Stock level: 16012 units, Supplier rating: 3.39"
"INV00000041","2024-02-15",2024,9,"PART000042","Part 42","PC914998","Component","Essential component Part 42","SUP0042","Supplier 42","Delhi","India","4.06","WH02","Warehouse 2","South","Delhi",36484,24134,32,12318,1752,19690,26,"183.52","2260599.36",37,"2024-04-17","INV720400","75271.62","Low Stock","2025-07-06","Rack-1","2024-01-26","Stock level: 36484 units, Supplier rating: 4.06"
"INV00000042","2024-04-25",2024,12,"PART000043","Part 43","PC734625","Subassembly","Essential component Part 43","SUP0043","Supplier 43","Bangalore","India","3.05","WH03","Warehouse 3","East","Bangalore",5619,2466,271,2882,4827,9511,51,"510.9","1472413.8",11,"2024-04-04","INV335384","68141.49","Out of Stock","null","Rack-93","2024-05-07","Stock level: 5619 units, Supplier rating: 3.05"
"INV00000043","2024-05-12",2024,7,"PART000044","Part 44","PC476576","Tool","Essential component Part 44","SUP0044","Supplier 44","Pune","India","4.31","WH04","Warehouse 4","West","Pune",15957,6357,309,9291,2552,19760,41,"814.52","7567705.32",62,"2024-02-26","INV472926","19329.29","Discontinued","2025-05-20","Rack-39","2024-05-05","Stock level: 15957 units, Supplier rating: 4.31"
"INV00000044","2024-03-24",2024,9,"PART000045","Part 45","PC615134","Packaging","Essential component Part 45","SUP0045","Supplier 45","Hyderabad","India","2.53","WH05","Warehouse 5","Central","Hyderabad",5412,2031,311,3070,3114,19427,10,"651.19","1999153.3",58,"2024-12-08","INV180880","36504.18","On Order","2025-07-08","Rack-31","2024-12-12","Stock level: 5412 units, Supplier rating: 2.53"
"INV00000045","2024-01-11",2024,8,"PART000046","Part 46","PC537833","Raw Material","Essential component Part 46","SUP0046","Supplier 46","Chennai","India","4.34","WH06","Warehouse 6","North","Chennai",44391,15196,458,28737,1179,16366,22,"413","11868381",73,"2024-08-06","INV978764","20156.91","Available","2025-08-28","Rack-98","2024-04-23","Stock level: 44391 units, Supplier rating: 4.34"
"INV00000046","2024-02-14",2024,10,"PART000047","Part 47","PC698807","Component","Essential component Part 47","SUP0047","Supplier 47","Kolkata","India","2.33","WH07","Warehouse 7","South","Kolkata",48237,11047,151,37039,3226,12106,37,"632.07","23411240.73",76,"2024-02-13","INV530587","19924.15","Low Stock","null","Rack-92","2024-10-28","Stock level: 48237 units, Supplier rating: 2.33"
"INV00000047","2024-08-19",2024,10,"PART000048","Part 48","PC908029","Subassembly","Essential component Part 48","SUP0048","Supplier 48","Jaipur","India","4.07","WH08","Warehouse 8","East","Jaipur",40187,569,145,39473,4291,5277,26,"798.64","31524716.72",72,"2024-03-23","INV234972","91875.81","Out of Stock","2025-04-16","Rack-86","2024-10-24","Stock level: 40187 units, Supplier rating: 4.07"
"INV00000048","2024-03-12",2024,9,"PART000049","Part 49","PC519376","Tool","Essential component Part 49","SUP0049","Supplier 49","Mumbai","India","4.25","WH09","Warehouse 9","West","Mumbai",8018,7428,65,525,1884,804,32,"319.96","167979",71,"2024-09-17","INV888786","30899.29","Discontinued","null","Rack-23","2024-01-04","Stock level: 8018 units, Supplier rating: 4.25"
"INV00000049","2024-02-28",2024,6,"PART000050","Part 50","PC392944","Packaging","Essential component Part 50","SUP0050","Supplier 50","Delhi","India","2.75","WH10","Warehouse 10","Central","Delhi",39730,36616,161,2953,3597,18229,20,"304","897712",48,"2024-08-28","INV345681","61205.06","On Order","null","Rack-90","2024-10-24","Stock level: 39730 units, Supplier rating: 2.75"
"INV00000050","2024-07-15",2024,9,"PART000051","Part 51","PC777614","Raw Material","Essential component Part 51","SUP0051","Supplier 51","Bangalore","India","2.09","WH01","Warehouse 1","North","Bangalore",23998,18184,213,5601,3212,12723,29,"184.67","1034336.67",35,"2024-02-24","INV351694","87918.52","Available","null","Rack-22","2024-02-26","Stock level: 23998 units, Supplier rating: 2.09"
"INV00000051","2024-12-05",2024,8,"PART000052","Part 52","PC370688","Component","Essential component Part 52","SUP0052","Supplier 52","Pune","India","3.7","WH02","Warehouse 2","South","Pune",20009,1472,440,18097,139,5158,23,"856.13","15493384.61",76,"2024-09-24","INV493870","49427.51","Low Stock","2025-01-28","Rack-15","2024-05-23","Stock level: 20009 units, Supplier rating: 3.7"
"INV00000052","2024-02-16",2024,7,"PART000053","Part 53","PC501220","Subassembly","Essential component Part 53","SUP0053","Supplier 53","Hyderabad","India","4.71","WH03","Warehouse 3","East","Hyderabad",14336,5489,247,8600,1443,5441,41,"850.86","7317396",45,"2024-08-28","INV626346","92793.26","Out of Stock","2025-05-17","Rack-64","2024-12-02","Stock level: 14336 units, Supplier rating: 4.71"
"INV00000053","2024-11-06",2024,10,"PART000054","Part 54","PC327442","Tool","Essential component Part 54","SUP0054","Supplier 54","Chennai","India","3.19","WH04","Warehouse 4","West","Chennai",28224,15448,400,12376,4437,10778,60,"396.63","4908692.88",77,"2024-07-25","INV742670","93535.08","Discontinued","null","Rack-98","2024-03-10","Stock level: 28224 units, Supplier rating: 3.19"
"INV00000054","2024-01-17",2024,1,"PART000055","Part 55","PC324304","Packaging","Essential component Part 55","SUP0055","Supplier 55","Kolkata","India","3.18","WH05","Warehouse 5","Central","Kolkata",49401,7933,229,41239,196,18225,42,"757.19","31225758.41",36,"2024-05-09","INV694789","22246.98","On Order","null","Rack-87","2024-03-07","Stock level: 49401 units, Supplier rating: 3.18"
"INV00000055","2024-02-03",2024,1,"PART000056","Part 56","PC134481","Raw Material","Essential component Part 56","SUP0056","Supplier 56","Jaipur","India","2.51","WH06","Warehouse 6","North","Jaipur",46068,38150,500,7418,3041,7829,26,"203.03","1506076.54",41,"2024-07-24","INV459062","51013.07","Available","null","Rack-3","2024-07-10","Stock level: 46068 units, Supplier rating: 2.51"
"INV00000056","2024-10-27",2024,1,"PART000057","Part 57","PC575886","Component","Essential component Part 57","SUP0057","Supplier 57","Mumbai","India","4.47","WH07","Warehouse 7","South","Mumbai",44903,44889,276,-262,4917,6731,35,"825.98","-216406.76",36,"2024-08-27","INV749143","52580.74","Low Stock","null","Rack-24","2024-08-03","Stock level: 44903 units, Supplier rating: 4.47"
"INV00000057","2024-02-13",2024,11,"PART000058","Part 58","PC727937","Subassembly","Essential component Part 58","SUP0058","Supplier 58","Delhi","India","2.94","WH08","Warehouse 8","East","Delhi",2541,1254,3,1284,3456,3931,14,"430.16","552325.44",89,"2024-08-11","INV539109","87964.88","Out of Stock","null","Rack-93","2024-02-21","Stock level: 2541 units, Supplier rating: 2.94"
"INV00000058","2024-02-08",2024,6,"PART000059","Part 59","PC641424","Tool","Essential component Part 59","SUP0059","Supplier 59","Bangalore","India","4.36","WH09","Warehouse 9","West","Bangalore",41606,21820,365,19421,3689,1578,54,"244.18","4742219.78",29,"2024-07-03","INV342157","61890.34","Discontinued","null","Rack-65","2024-11-28","Stock level: 41606 units, Supplier rating: 4.36"
"INV00000059","2024-06-22",2024,1,"PART000060","Part 60","PC527053","Packaging","Essential component Part 60","SUP0060","Supplier 60","Pune","India","2.2","WH10","Warehouse 10","Central","Pune",25754,24992,401,361,4031,6234,11,"220.6","79636.6",27,"2024-07-14","INV657379","89836.92","On Order","null","Rack-53","2024-08-06","Stock level: 25754 units, Supplier rating: 2.2"
"INV00000060","2024-10-02",2024,9,"PART000061","Part 61","PC537506","Raw Material","Essential component Part 61","SUP0001","Supplier 1","Hyderabad","India","2.07","WH01","Warehouse 1","North","Hyderabad",15926,11523,281,4122,2085,15789,60,"534.64","2203786.08",53,"2024-07-03","INV701543","13105.83","Available","null","Rack-38","2024-09-08","Stock level: 15926 units, Supplier rating: 2.07"
"INV00000061","2024-09-09",2024,3,"PART000062","Part 62","PC232210","Component","Essential component Part 62","SUP0002","Supplier 2","Chennai","India","2.65","WH02","Warehouse 2","South","Chennai",41291,11521,384,29386,5000,10739,41,"259.14","7615088.04",65,"2024-10-10","INV975294","5054.61","Low Stock","2025-04-01","Rack-85","2024-07-01","Stock level: 41291 units, Supplier rating: 2.65"
"INV00000062","2024-11-22",2024,3,"PART000063","Part 63","PC120121","Subassembly","Essential component Part 63","SUP0003","Supplier 3","Kolkata","India","4.64","WH03","Warehouse 3","East","Kolkata",24041,2050,118,21873,2313,17632,14,"67.26","1471177.98",36,"2024-10-08","INV198157","79502.77","Out of Stock","2025-02-06","Rack-39","2024-02-27","Stock level: 24041 units, Supplier rating: 4.64"
"INV00000063","2024-05-06",2024,3,"PART000064","Part 64","PC393891","Tool","Essential component Part 64","SUP0004","Supplier 4","Jaipur","India","3.52","WH04","Warehouse 4","West","Jaipur",16384,14379,409,1596,1751,2369,8,"618.28","986774.88",88,"2024-05-27","INV837176","3093.58","Discontinued","null","Rack-58","2024-01-15","Stock level: 16384 units, Supplier rating: 3.52"
"INV00000064","2024-11-02",2024,8,"PART000065","Part 65","PC439548","Packaging","Essential component Part 65","SUP0005","Supplier 5","Mumbai","India","2.31","WH05","Warehouse 5","Central","Mumbai",36279,2504,116,33659,1186,15690,29,"860.04","28948086.36",25,"2024-02-24","INV733430","79756.67","On Order","2025-06-14","Rack-1","2024-07-26","Stock level: 36279 units, Supplier rating: 2.31"
"INV00000065","2024-05-07",2024,9,"PART000066","Part 66","PC886505","Raw Material","Essential component Part 66","SUP0006","Supplier 6","Delhi","India","4.95","WH06","Warehouse 6","North","Delhi",12179,873,332,10974,1908,7040,23,"113.29","1243244.46",31,"2024-07-07","INV958642","66196.83","Available","null","Rack-85","2024-05-10","Stock level: 12179 units, Supplier rating: 4.95"
"INV00000066","2024-01-05",2024,4,"PART000067","Part 67","PC663736","Component","Essential component Part 67","SUP0007","Supplier 7","Bangalore","India","2.15","WH07","Warehouse 7","South","Bangalore",23530,15701,38,7791,2970,11111,5,"854.83","6659980.53",22,"2024-09-21","INV557674","42638.33","Low Stock","null","Rack-27","2024-01-11","Stock level: 23530 units, Supplier rating: 2.15"
"INV00000067","2024-08-13",2024,4,"PART000068","Part 68","PC629453","Subassembly","Essential component Part 68","SUP0008","Supplier 8","Pune","India","2.37","WH08","Warehouse 8","East","Pune",39247,38526,30,691,3586,16598,17,"318.47","220062.77",86,"2024-03-15","INV561396","93974.67","Out of Stock","null","Rack-94","2024-06-08","Stock level: 39247 units, Supplier rating: 2.37"
"INV00000068","2024-12-22",2024,7,"PART000069","Part 69","PC134920","Tool","Essential component Part 69","SUP0009","Supplier 9","Hyderabad","India","4.67","WH09","Warehouse 9","West","Hyderabad",33893,3402,500,29991,226,16911,56,"409.14","12270517.74",43,"2024-02-19","INV652654","75757.79","Discontinued","2025-05-07","Rack-78","2024-04-14","Stock level: 33893 units, Supplier rating: 4.67"
"INV00000069","2024-11-24",2024,4,"PART000070","Part 70","PC103211","Packaging","Essential component Part 70","SUP0010","Supplier 10","Chennai","India","4.87","WH10","Warehouse 10","Central","Chennai",7962,2296,248,5418,1549,8345,36,"399.89","2166604.02",26,"2024-06-06","INV654666","22798.76","On Order","null","Rack-34","2024-06-27","Stock level: 7962 units, Supplier rating: 4.87"
"INV00000070","2024-03-21",2024,5,"PART000071","Part 71","PC882921","Raw Material","Essential component Part 71","SUP0011","Supplier 11","Kolkata","India","2.97","WH01","Warehouse 1","North","Kolkata",27790,25779,300,1711,2911,5411,59,"503.11","860821.21",71,"2024-12-19","INV284744","73380.54","Available","null","Rack-62","2024-11-09","Stock level: 27790 units, Supplier rating: 2.97"
"INV00000071","2024-06-09",2024,1,"PART000072","Part 72","PC703017","Component","Essential component Part 72","SUP0012","Supplier 12","Jaipur","India","2.51","WH02","Warehouse 2","South","Jaipur",11594,592,358,10644,1933,14859,52,"694.29","7390022.76",73,"2024-06-03","INV752781","39436.98","Low Stock","2025-03-23","Rack-82","2024-10-05","Stock level: 11594 units, Supplier rating: 2.51"
"INV00000072","2024-06-21",2024,12,"PART000073","Part 73","PC893000","Subassembly","Essential component Part 73","SUP0013","Supplier 13","Mumbai","India","2.24","WH03","Warehouse 3","East","Mumbai",2361,2185,341,-165,2361,18975,26,"600.06","-99009.9",72,"2024-06-12","INV413913","36984.71","Out of Stock","null","Rack-93","2024-03-09","Stock level: 2361 units, Supplier rating: 2.24"
"INV00000073","2024-06-28",2024,5,"PART000074","Part 74","PC957151","Tool","Essential component Part 74","SUP0014","Supplier 14","Delhi","India","3.42","WH04","Warehouse 4","West","Delhi",30610,5553,357,24700,3183,10217,28,"550.02","13585494",88,"2024-06-01","INV811914","38782.27","Discontinued","null","Rack-72","2024-03-20","Stock level: 30610 units, Supplier rating: 3.42"
"INV00000074","2024-05-09",2024,6,"PART000075","Part 75","PC130096","Packaging","Essential component Part 75","SUP0015","Supplier 15","Bangalore","India","3.26","WH05","Warehouse 5","Central","Bangalore",3074,1866,305,903,917,12123,39,"965.97","872270.91",53,"2024-02-15","INV578205","75742.99","On Order","null","Rack-33","2024-01-15","Stock level: 3074 units, Supplier rating: 3.26"
"INV00000075","2024-12-23",2024,3,"PART000076","Part 76","PC685075","Raw Material","Essential component Part 76","SUP0016","Supplier 16","Pune","India","4.67","WH06","Warehouse 6","North","Pune",46570,37811,120,8639,1820,10860,17,"63.84","551513.76",49,"2024-01-28","INV975580","16897.82","Available","null","Rack-36","2024-02-01","Stock level: 46570 units, Supplier rating: 4.67"
"INV00000076","2024-09-13",2024,5,"PART000077","Part 77","PC921321","Component","Essential component Part 77","SUP0017","Supplier 17","Hyderabad","India","3.04","WH07","Warehouse 7","South","Hyderabad",4062,3714,258,90,2389,10607,54,"489.27","44034.3",68,"2024-04-05","INV380985","32437.54","Low Stock","null","Rack-96","2024-12-14","Stock level: 4062 units, Supplier rating: 3.04"
"INV00000077","2024-01-20",2024,6,"PART000078","Part 78","PC674319","Subassembly","Essential component Part 78","SUP0018","Supplier 18","Chennai","India","3.4","WH08","Warehouse 8","East","Chennai",36295,21300,254,14741,1966,15346,30,"146.25","2155871.25",26,"2024-09-20","INV506499","88286.11","Out of Stock","null","Rack-52","2024-10-26","Stock level: 36295 units, Supplier rating: 3.4"
"INV00000078","2024-02-16",2024,3,"PART000079","Part 79","PC917489","Tool","Essential component Part 79","SUP0019","Supplier 19","Kolkata","India","3.9","WH09","Warehouse 9","West","Kolkata",27444,532,245,26667,4630,3357,27,"567.5","15133522.5",43,"2024-05-14","INV262937","90761.84","Discontinued","null","Rack-96","2024-04-13","Stock level: 27444 units, Supplier rating: 3.9"
"INV00000079","2024-07-21",2024,2,"PART000080","Part 80","PC809415","Packaging","Essential component Part 80","SUP0020","Supplier 20","Jaipur","India","3","WH10","Warehouse 10","Central","Jaipur",3503,3074,456,-27,440,13191,46,"178.51","-4819.77",84,"2024-08-02","INV996129","7939.01","On Order","null","Rack-64","2024-09-13","Stock level: 3503 units, Supplier rating: 3.0"
"INV00000080","2024-04-21",2024,5,"PART000081","Part 81","PC386798","Raw Material","Essential component Part 81","SUP0021","Supplier 21","Mumbai","India","3.85","WH01","Warehouse 1","North","Mumbai",41768,41194,387,187,3180,6331,40,"54.4","10172.8",78,"2024-07-16","INV927059","74664.76","Available","null","Rack-64","2024-02-10","Stock level: 41768 units, Supplier rating: 3.85"
"INV00000081","2024-04-27",2024,1,"PART000082","Part 82","PC307423","Component","Essential component Part 82","SUP0022","Supplier 22","Delhi","India","2.63","WH02","Warehouse 2","South","Delhi",21487,16914,124,4449,4095,11468,18,"270.24","1202297.76",21,"2024-09-18","INV206221","17286.74","Low Stock","2025-09-15","Rack-56","2024-02-19","Stock level: 21487 units, Supplier rating: 2.63"
"INV00000082","2024-02-12",2024,5,"PART000083","Part 83","PC974983","Subassembly","Essential component Part 83","SUP0023","Supplier 23","Bangalore","India","3.87","WH03","Warehouse 3","East","Bangalore",6779,1640,380,4759,3193,1575,14,"870.1","4140805.9",75,"2024-03-27","INV478149","60459.35","Out of Stock","null","Rack-77","2024-09-24","Stock level: 6779 units, Supplier rating: 3.87"
"INV00000083","2024-07-09",2024,4,"PART000084","Part 84","PC169650","Tool","Essential component Part 84","SUP0024","Supplier 24","Pune","India","3.18","WH04","Warehouse 4","West","Pune",44805,10996,141,33668,330,5279,36,"927.73","31234813.64",78,"2024-09-08","INV269223","41496.36","Discontinued","null","Rack-96","2024-12-28","Stock level: 44805 units, Supplier rating: 3.18"
"INV00000084","2024-06-03",2024,1,"PART000085","Part 85","PC405362","Packaging","Essential component Part 85","SUP0025","Supplier 25","Hyderabad","India","2.97","WH05","Warehouse 5","Central","Hyderabad",34804,15579,413,18812,3538,1507,15,"113.44","2134033.28",58,"2024-06-20","INV191941","74559.77","On Order","2025-09-10","Rack-37","2024-10-27","Stock level: 34804 units, Supplier rating: 2.97"
"INV00000085","2024-01-02",2024,9,"PART000086","Part 86","PC853560","Raw Material","Essential component Part 86","SUP0026","Supplier 26","Chennai","India","3.77","WH06","Warehouse 6","North","Chennai",37193,10008,206,26979,1970,17084,57,"725.94","19585135.26",65,"2024-04-17","INV494425","97279.88","Available","2025-03-22","Rack-10","2024-03-03","Stock level: 37193 units, Supplier rating: 3.77"
"INV00000086","2024-07-13",2024,2,"PART000087","Part 87","PC760883","Component","Essential component Part 87","SUP0027","Supplier 27","Kolkata","India","3.72","WH07","Warehouse 7","South","Kolkata",20658,3125,56,17477,4638,4300,28,"68.62","1199271.74",66,"2024-04-18","INV138061","35653.71","Low Stock","2025-04-23","Rack-75","2024-02-13","Stock level: 20658 units, Supplier rating: 3.72"
"INV00000087","2024-09-06",2024,3,"PART000088","Part 88","PC697330","Subassembly","Essential component Part 88","SUP0028","Supplier 28","Jaipur","India","4.77","WH08","Warehouse 8","East","Jaipur",48014,13067,410,34537,4887,7993,31,"836.47","28889164.39",82,"2024-01-24","INV570837","74893.41","Out of Stock","null","Rack-30","2024-05-05","Stock level: 48014 units, Supplier rating: 4.77"
"INV00000088","2024-08-07",2024,10,"PART000089","Part 89","PC334298","Tool","Essential component Part 89","SUP0029","Supplier 29","Mumbai","India","2.74","WH09","Warehouse 9","West","Mumbai",47033,13623,247,33163,4836,7060,57,"971.86","32229793.18",79,"2024-10-08","INV724165","92840.57","Discontinued","null","Rack-48","2024-03-13","Stock level: 47033 units, Supplier rating: 2.74"
"INV00000089","2024-12-21",2024,4,"PART000090","Part 90","PC973579","Packaging","Essential component Part 90","SUP0030","Supplier 30","Delhi","India","4.79","WH10","Warehouse 10","Central","Delhi",38213,37408,93,712,1901,17032,54,"69.85","49733.2",21,"2024-06-17","INV808758","21219.18","On Order","null","Rack-50","2024-05-26","Stock level: 38213 units, Supplier rating: 4.79"
"INV00000090","2024-01-06",2024,5,"PART000091","Part 91","PC881919","Raw Material","Essential component Part 91","SUP0031","Supplier 31","Bangalore","India","2.16","WH01","Warehouse 1","North","Bangalore",26303,14670,96,11537,2287,2963,44,"903.48","10423448.76",26,"2024-01-14","INV481523","46261.09","Available","2025-10-12","Rack-63","2024-01-01","Stock level: 26303 units, Supplier rating: 2.16"
"INV00000091","2024-11-04",2024,6,"PART000092","Part 92","PC138019","Component","Essential component Part 92","SUP0032","Supplier 32","Pune","India","4.6","WH02","Warehouse 2","South","Pune",30598,30242,429,-73,903,14207,36,"249.18","-18190.14",11,"2024-06-05","INV530354","6652.86","Low Stock","null","Rack-80","2024-09-05","Stock level: 30598 units, Supplier rating: 4.6"
"INV00000092","2024-07-23",2024,11,"PART000093","Part 93","PC931108","Subassembly","Essential component Part 93","SUP0033","Supplier 33","Hyderabad","India","2.77","WH03","Warehouse 3","East","Hyderabad",45207,1772,289,43146,2605,5308,9,"27.22","1174434.12",81,"2024-06-12","INV595450","18531","Out of Stock","null","Rack-75","2024-04-15","Stock level: 45207 units, Supplier rating: 2.77"
"INV00000093","2024-09-26",2024,9,"PART000094","Part 94","PC120463","Tool","Essential component Part 94","SUP0034","Supplier 34","Chennai","India","2.29","WH04","Warehouse 4","West","Chennai",43718,38296,228,5194,3389,16740,59,"827.72","4299177.68",72,"2024-05-28","INV942939","5761.87","Discontinued","2025-01-24","Rack-98","2024-03-16","Stock level: 43718 units, Supplier rating: 2.29"
"INV00000094","2024-01-18",2024,9,"PART000095","Part 95","PC607595","Packaging","Essential component Part 95","SUP0035","Supplier 35","Kolkata","India","2.37","WH05","Warehouse 5","Central","Kolkata",4475,3116,484,875,1505,12943,55,"619.57","542123.75",85,"2024-05-27","INV848128","3238.53","On Order","null","Rack-77","2024-08-24","Stock level: 4475 units, Supplier rating: 2.37"
"INV00000095","2024-07-25",2024,4,"PART000096","Part 96","PC614070","Raw Material","Essential component Part 96","SUP0036","Supplier 36","Jaipur","India","3.88","WH06","Warehouse 6","North","Jaipur",4901,2658,379,1864,650,3831,39,"901.62","1680619.68",26,"2024-06-20","INV112585","83445.02","Available","null","Rack-68","2024-02-22","Stock level: 4901 units, Supplier rating: 3.88"
"INV00000096","2024-11-01",2024,3,"PART000097","Part 97","PC768371","Component","Essential component Part 97","SUP0037","Supplier 37","Mumbai","India","2.54","WH07","Warehouse 7","South","Mumbai",20311,8921,335,11055,896,7371,8,"137.22","1516967.1",65,"2024-06-21","INV447586","10521.3","Low Stock","null","Rack-83","2024-04-27","Stock level: 20311 units, Supplier rating: 2.54"
"INV00000097","2024-06-16",2024,3,"PART000098","Part 98","PC266801","Subassembly","Essential component Part 98","SUP0038","Supplier 38","Delhi","India","4.87","WH08","Warehouse 8","East","Delhi",18591,17044,270,1277,1660,17857,8,"688.96","879801.92",55,"2024-03-03","INV363208","95401.03","Out of Stock","2025-01-13","Rack-61","2024-01-06","Stock level: 18591 units, Supplier rating: 4.87"
"INV00000098","2024-08-14",2024,2,"PART000099","Part 99","PC747979","Tool","Essential component Part 99","SUP0039","Supplier 39","Bangalore","India","3.08","WH09","Warehouse 9","West","Bangalore",19898,9376,349,10173,587,3385,41,"542.05","5514274.65",71,"2024-07-05","INV300105","30106.82","Discontinued","null","Rack-4","2024-06-14","Stock level: 19898 units, Supplier rating: 3.08"
"INV00000099","2024-10-26",2024,4,"PART000100","Part 100","PC614464","Packaging","Essential component Part 100","SUP0040","Supplier 40","Pune","India","2.57","WH10","Warehouse 10","Central","Pune",37110,8165,285,28660,4913,17659,43,"546.6","15665556",65,"2024-09-15","INV732449","47508.16","On Order","null","Rack-49","2024-01-10","Stock level: 37110 units, Supplier rating: 2.57"
"INV00000100","2024-04-11",2024,7,"PART000101","Part 101","PC988843","Raw Material","Essential component Part 101","SUP0041","Supplier 41","Hyderabad","India","3.74","WH01","Warehouse 1","North","Hyderabad",5073,296,206,4571,2337,3724,32,"269.81","1233301.51",21,"2024-05-02","INV362051","61390.21","Available","2025-05-06","Rack-22","2024-11-22","Stock level: 5073 units, Supplier rating: 3.74"
"INV00000101","2024-03-19",2024,11,"PART000102","Part 102","PC246266","Component","Essential component Part 102","SUP0042","Supplier 42","Chennai","India","4.34","WH02","Warehouse 2","South","Chennai",23598,12589,169,10840,2260,1927,36,"375.89","4074647.6",22,"2024-01-04","INV218306","95153.56","Low Stock","2025-12-13","Rack-26","2024-12-18","Stock level: 23598 units, Supplier rating: 4.34"
"INV00000102","2024-05-02",2024,6,"PART000103","Part 103","PC542989","Subassembly","Essential component Part 103","SUP0043","Supplier 43","Kolkata","India","3.21","WH03","Warehouse 3","East","Kolkata",38196,6644,184,31368,4629,6417,19,"903.92","28354162.56",40,"2024-07-19","INV763131","11269.11","Out of Stock","null","Rack-78","2024-04-06","Stock level: 38196 units, Supplier rating: 3.21"
"INV00000103","2024-09-27",2024,5,"PART000104","Part 104","PC389092","Tool","Essential component Part 104","SUP0044","Supplier 44","Jaipur","India","4.67","WH04","Warehouse 4","West","Jaipur",12469,8450,244,3775,2903,17688,34,"925.52","3493838",57,"2024-04-26","INV872905","70523.48","Discontinued","null","Rack-48","2024-06-22","Stock level: 12469 units, Supplier rating: 4.67"
"INV00000104","2024-11-25",2024,5,"PART000105","Part 105","PC779814","Packaging","Essential component Part 105","SUP0045","Supplier 45","Mumbai","India","3.49","WH05","Warehouse 5","Central","Mumbai",13825,5053,43,8729,340,11962,33,"635.4","5546406.6",19,"2024-09-07","INV108535","8700.95","On Order","2025-06-08","Rack-83","2024-05-28","Stock level: 13825 units, Supplier rating: 3.49"
"INV00000105","2024-06-23",2024,12,"PART000106","Part 106","PC458831","Raw Material","Essential component Part 106","SUP0046","Supplier 46","Delhi","India","2.15","WH06","Warehouse 6","North","Delhi",46113,14868,141,31104,2492,14460,16,"730.03","22706853.12",18,"2024-05-27","INV771696","68826.75","Available","null","Rack-50","2024-07-13","Stock level: 46113 units, Supplier rating: 2.15"
"INV00000106","2024-04-09",2024,12,"PART000107","Part 107","PC462072","Component","Essential component Part 107","SUP0047","Supplier 47","Bangalore","India","4.66","WH07","Warehouse 7","South","Bangalore",45060,29709,379,14972,2359,17289,29,"550.78","8246278.16",80,"2024-03-17","INV994195","66394.54","Low Stock","null","Rack-74","2024-11-07","Stock level: 45060 units, Supplier rating: 4.66"
"INV00000107","2024-01-09",2024,10,"PART000108","Part 108","PC364532","Subassembly","Essential component Part 108","SUP0048","Supplier 48","Pune","India","3.6","WH08","Warehouse 8","East","Pune",648,357,417,-126,4501,16108,14,"359.84","-45339.84",83,"2024-03-01","INV995619","14441.06","Out of Stock","2025-09-13","Rack-54","2024-09-20","Stock level: 648 units, Supplier rating: 3.6"
"INV00000108","2024-05-26",2024,4,"PART000109","Part 109","PC252345","Tool","Essential component Part 109","SUP0049","Supplier 49","Hyderabad","India","3.98","WH09","Warehouse 9","West","Hyderabad",31258,4131,162,26965,4478,10745,46,"355.24","9579046.6",54,"2024-04-25","INV408387","22754.68","Discontinued","2025-09-28","Rack-15","2024-12-10","Stock level: 31258 units, Supplier rating: 3.98"
"INV00000109","2024-01-04",2024,5,"PART000110","Part 110","PC329033","Packaging","Essential component Part 110","SUP0050","Supplier 50","Chennai","India","2.3","WH10","Warehouse 10","Central","Chennai",7269,2672,408,4189,4035,2618,37,"373.06","1562748.34",58,"2024-08-14","INV966620","97005.24","On Order","2025-05-16","Rack-11","2024-04-01","Stock level: 7269 units, Supplier rating: 2.3"
"INV00000110","2024-02-28",2024,7,"PART000111","Part 111","PC410330","Raw Material","Essential component Part 111","SUP0051","Supplier 51","Kolkata","India","2.4","WH01","Warehouse 1","North","Kolkata",39365,12537,245,26583,3744,10902,22,"525.42","13967239.86",14,"2024-06-12","INV247215","52604.73","Available","2025-09-15","Rack-17","2024-09-03","Stock level: 39365 units, Supplier rating: 2.4"
"INV00000111","2024-07-27",2024,9,"PART000112","Part 112","PC909619","Component","Essential component Part 112","SUP0052","Supplier 52","Jaipur","India","4.4","WH02","Warehouse 2","South","Jaipur",41517,19113,91,22313,3355,14087,21,"374.19","8349301.47",55,"2024-07-04","INV406858","33221.68","Low Stock","null","Rack-47","2024-10-22","Stock level: 41517 units, Supplier rating: 4.4"
"INV00000112","2024-12-16",2024,9,"PART000113","Part 113","PC421260","Subassembly","Essential component Part 113","SUP0053","Supplier 53","Mumbai","India","4.07","WH03","Warehouse 3","East","Mumbai",25551,5922,249,19380,2171,1255,50,"103.41","2004085.8",80,"2024-07-02","INV396753","91971.78","Out of Stock","null","Rack-44","2024-10-06","Stock level: 25551 units, Supplier rating: 4.07"
"INV00000113","2024-09-14",2024,12,"PART000114","Part 114","PC431566","Tool","Essential component Part 114","SUP0054","Supplier 54","Delhi","India","2.72","WH04","Warehouse 4","West","Delhi",2175,1088,488,599,4888,6852,13,"19.24","11524.76",15,"2024-11-01","INV713109","85341.51","Discontinued","null","Rack-59","2024-10-09","Stock level: 2175 units, Supplier rating: 2.72"
"INV00000114","2024-08-06",2024,2,"PART000115","Part 115","PC677806","Packaging","Essential component Part 115","SUP0055","Supplier 55","Bangalore","India","4.73","WH05","Warehouse 5","Central","Bangalore",46493,20497,17,25979,3082,18890,60,"889.44","23106761.76",19,"2024-07-14","INV381371","50886.18","On Order","null","Rack-9","2024-02-13","Stock level: 46493 units, Supplier rating: 4.73"
"INV00000115","2024-06-20",2024,4,"PART000116","Part 116","PC724249","Raw Material","Essential component Part 116","SUP0056","Supplier 56","Pune","India","4.96","WH06","Warehouse 6","North","Pune",39615,23141,404,16070,3908,12113,5,"296.93","4771665.1",85,"2024-05-18","INV999371","68236.52","Available","null","Rack-92","2024-01-17","Stock level: 39615 units, Supplier rating: 4.96"
"INV00000116","2024-10-25",2024,2,"PART000117","Part 117","PC619708","Component","Essential component Part 117","SUP0057","Supplier 57","Hyderabad","India","2.5","WH07","Warehouse 7","South","Hyderabad",23803,9302,442,14059,2780,3781,19,"295.64","4156402.76",31,"2024-06-24","INV496106","45563.98","Low Stock","null","Rack-35","2024-01-21","Stock level: 23803 units, Supplier rating: 2.5"
"INV00000117","2024-08-16",2024,3,"PART000118","Part 118","PC807673","Subassembly","Essential component Part 118","SUP0058","Supplier 58","Chennai","India","2.83","WH08","Warehouse 8","East","Chennai",2579,739,394,1446,1288,10228,41,"864.15","1249560.9",60,"2024-11-19","INV422971","42151.48","Out of Stock","null","Rack-67","2024-02-27","Stock level: 2579 units, Supplier rating: 2.83"
"INV00000118","2024-11-09",2024,7,"PART000119","Part 119","PC507163","Tool","Essential component Part 119","SUP0059","Supplier 59","Kolkata","India","2.47","WH09","Warehouse 9","West","Kolkata",26369,457,104,25808,2537,1750,53,"315.24","8135713.92",70,"2024-03-21","INV519421","48245.36","Discontinued","null","Rack-11","2024-01-12","Stock level: 26369 units, Supplier rating: 2.47"
"INV00000119","2024-03-19",2024,12,"PART000120","Part 120","PC745192","Packaging","Essential component Part 120","SUP0060","Supplier 60","Jaipur","India","4.34","WH10","Warehouse 10","Central","Jaipur",24850,17664,238,6948,1579,19821,36,"345.36","2399561.28",8,"2024-06-20","INV368393","21283.84","On Order","2025-01-12","Rack-1","2024-11-27","Stock level: 24850 units, Supplier rating: 4.34"
"INV00000120","2024-08-01",2024,4,"PART000121","Part 121","PC172588","Raw Material","Essential component Part 121","SUP0001","Supplier 1","Mumbai","India","3.66","WH01","Warehouse 1","North","Mumbai",34070,17222,124,16724,919,5141,13,"595.19","9953957.56",82,"2024-02-05","INV438704","9146.18","Available","2025-08-13","Rack-85","2024-08-16","Stock level: 34070 units, Supplier rating: 3.66"
"INV00000121","2024-01-24",2024,3,"PART000122","Part 122","PC762118","Component","Essential component Part 122","SUP0002","Supplier 2","Delhi","India","2.59","WH02","Warehouse 2","South","Delhi",6751,2243,383,4125,4928,16944,43,"356.65","1471181.25",63,"2024-09-07","INV595611","83974.35","Low Stock","null","Rack-47","2024-06-25","Stock level: 6751 units, Supplier rating: 2.59"
"INV00000122","2024-10-18",2024,3,"PART000123","Part 123","PC244389","Subassembly","Essential component Part 123","SUP0003","Supplier 3","Bangalore","India","3.72","WH03","Warehouse 3","East","Bangalore",18971,15936,80,2955,3766,15998,53,"745.78","2203779.9",34,"2024-05-18","INV592817","35752.89","Out of Stock","2025-01-09","Rack-30","2024-01-05","Stock level: 18971 units, Supplier rating: 3.72"
"INV00000123","2024-09-26",2024,4,"PART000124","Part 124","PC325248","Tool","Essential component Part 124","SUP0004","Supplier 4","Pune","India","4.38","WH04","Warehouse 4","West","Pune",10825,8118,353,2354,3268,15100,48,"717.5","1688995",21,"2024-12-04","INV437702","35559.07","Discontinued","null","Rack-43","2024-09-28","Stock level: 10825 units, Supplier rating: 4.38"
"INV00000124","2024-09-04",2024,5,"PART000125","Part 125","PC638858","Packaging","Essential component Part 125","SUP0005","Supplier 5","Hyderabad","India","4.44","WH05","Warehouse 5","Central","Hyderabad",35973,18614,50,17309,187,949,52,"350.75","6071131.75",50,"2024-01-04","INV618568","93951.89","On Order","null","Rack-53","2024-04-02","Stock level: 35973 units, Supplier rating: 4.44"
"INV00000125","2024-03-21",2024,9,"PART000126","Part 126","PC627062","Raw Material","Essential component Part 126","SUP0006","Supplier 6","Chennai","India","3.94","WH06","Warehouse 6","North","Chennai",48327,37911,324,10092,1343,18380,6,"188.2","1899314.4",17,"2024-04-20","INV799759","8439.41","Available","null","Rack-59","2024-05-18","Stock level: 48327 units, Supplier rating: 3.94"
"INV00000126","2024-03-07",2024,3,"PART000127","Part 127","PC922736","Component","Essential component Part 127","SUP0007","Supplier 7","Kolkata","India","4.75","WH07","Warehouse 7","South","Kolkata",25402,9473,308,15621,429,11619,42,"832.06","12997609.26",7,"2024-02-09","INV607423","52309.51","Low Stock","2025-12-14","Rack-63","2024-10-04","Stock level: 25402 units, Supplier rating: 4.75"
"INV00000127","2024-02-26",2024,9,"PART000128","Part 128","PC403262","Subassembly","Essential component Part 128","SUP0008","Supplier 8","Jaipur","India","4.16","WH08","Warehouse 8","East","Jaipur",19129,14162,1,4966,3096,10106,19,"755.07","3749677.62",37,"2024-06-15","INV657276","1317.39","Out of Stock","null","Rack-73","2024-04-10","Stock level: 19129 units, Supplier rating: 4.16"
"INV00000128","2024-05-28",2024,12,"PART000129","Part 129","PC314380","Tool","Essential component Part 129","SUP0009","Supplier 9","Mumbai","India","4.86","WH09","Warehouse 9","West","Mumbai",45552,6557,168,38827,1029,7784,42,"507.18","19692277.86",72,"2024-04-04","INV866828","90611.68","Discontinued","null","Rack-53","2024-10-10","Stock level: 45552 units, Supplier rating: 4.86"
"INV00000129","2024-07-21",2024,12,"PART000130","Part 130","PC856578","Packaging","Essential component Part 130","SUP0010","Supplier 10","Delhi","India","2.99","WH10","Warehouse 10","Central","Delhi",13715,7873,266,5576,2905,17297,37,"122.08","680718.08",77,"2024-06-21","INV541080","62866.4","On Order","null","Rack-25","2024-01-06","Stock level: 13715 units, Supplier rating: 2.99"
"INV00000130","2024-03-15",2024,5,"PART000131","Part 131","PC910445","Raw Material","Essential component Part 131","SUP0011","Supplier 11","Bangalore","India","2.76","WH01","Warehouse 1","North","Bangalore",7445,4422,309,2714,2930,18216,45,"996.39","2704202.46",87,"2024-07-01","INV997056","78555.32","Available","null","Rack-53","2024-10-28","Stock level: 7445 units, Supplier rating: 2.76"
"INV00000131","2024-11-12",2024,3,"PART000132","Part 132","PC291399","Component","Essential component Part 132","SUP0012","Supplier 12","Pune","India","2.9","WH02","Warehouse 2","South","Pune",30617,22274,496,7847,3196,6178,42,"896.29","7033187.63",88,"2024-01-08","INV635283","81786.51","Low Stock","null","Rack-87","2024-06-09","Stock level: 30617 units, Supplier rating: 2.9"
"INV00000132","2024-03-02",2024,3,"PART000133","Part 133","PC581666","Subassembly","Essential component Part 133","SUP0013","Supplier 13","Hyderabad","India","3.68","WH03","Warehouse 3","East","Hyderabad",40808,25550,147,15111,4121,1729,43,"536.61","8108713.71",85,"2024-10-20","INV968881","76533.36","Out of Stock","2025-08-12","Rack-53","2024-01-28","Stock level: 40808 units, Supplier rating: 3.68"
"INV00000133","2024-02-27",2024,12,"PART000134","Part 134","PC428404","Tool","Essential component Part 134","SUP0014","Supplier 14","Chennai","India","3.44","WH04","Warehouse 4","West","Chennai",37484,8643,409,28432,4733,12438,49,"184.75","5252812",5,"2024-11-21","INV914831","21172.25","Discontinued","null","Rack-83","2024-10-10","Stock level: 37484 units, Supplier rating: 3.44"
"INV00000134","2024-11-13",2024,9,"PART000135","Part 135","PC139203","Packaging","Essential component Part 135","SUP0015","Supplier 15","Kolkata","India","2.86","WH05","Warehouse 5","Central","Kolkata",17457,1319,26,16112,4879,4897,41,"157.44","2536673.28",18,"2024-06-27","INV325732","16412.27","On Order","null","Rack-3","2024-10-13","Stock level: 17457 units, Supplier rating: 2.86"
"INV00000135","2024-05-15",2024,9,"PART000136","Part 136","PC401339","Raw Material","Essential component Part 136","SUP0016","Supplier 16","Jaipur","India","2.08","WH06","Warehouse 6","North","Jaipur",21232,12988,130,8114,3053,18595,58,"858.99","6969844.86",88,"2024-09-19","INV640277","75247.67","Available","2025-10-25","Rack-4","2024-11-20","Stock level: 21232 units, Supplier rating: 2.08"
"INV00000136","2024-07-09",2024,2,"PART000137","Part 137","PC360042","Component","Essential component Part 137","SUP0017","Supplier 17","Mumbai","India","4.18","WH07","Warehouse 7","South","Mumbai",44070,5893,196,37981,2198,18892,53,"783.83","29770647.23",64,"2024-01-24","INV879314","86937.58","Low Stock","null","Rack-76","2024-02-28","Stock level: 44070 units, Supplier rating: 4.18"
"INV00000137","2024-08-26",2024,4,"PART000138","Part 138","PC714407","Subassembly","Essential component Part 138","SUP0018","Supplier 18","Delhi","India","4.11","WH08","Warehouse 8","East","Delhi",22159,15900,390,5869,1764,16099,28,"427.92","2511462.48",33,"2024-03-07","INV788519","96488.21","Out of Stock","null","Rack-67","2024-10-28","Stock level: 22159 units, Supplier rating: 4.11"
"INV00000138","2024-08-05",2024,9,"PART000139","Part 139","PC769028","Tool","Essential component Part 139","SUP0019","Supplier 19","Bangalore","India","4.96","WH09","Warehouse 9","West","Bangalore",48510,33349,145,15016,1807,14107,11,"405.27","6085534.32",65,"2024-11-08","INV844030","81947.14","Discontinued","null","Rack-37","2024-01-18","Stock level: 48510 units, Supplier rating: 4.96"
"INV00000139","2024-02-09",2024,12,"PART000140","Part 140","PC778800","Packaging","Essential component Part 140","SUP0020","Supplier 20","Pune","India","4.65","WH10","Warehouse 10","Central","Pune",26355,26193,447,-285,1598,5048,11,"597.94","-170412.9",90,"2024-05-17","INV323110","63455.35","On Order","2025-06-28","Rack-43","2024-03-17","Stock level: 26355 units, Supplier rating: 4.65"
"INV00000140","2024-03-19",2024,3,"PART000141","Part 141","PC493615","Raw Material","Essential component Part 141","SUP0021","Supplier 21","Hyderabad","India","2.06","WH01","Warehouse 1","North","Hyderabad",41545,481,117,40947,1738,17985,17,"542.95","22232173.65",85,"2024-08-09","INV399984","78876.08","Available","2025-04-06","Rack-19","2024-06-02","Stock level: 41545 units, Supplier rating: 2.06"
"INV00000141","2024-01-07",2024,7,"PART000142","Part 142","PC633113","Component","Essential component Part 142","SUP0022","Supplier 22","Chennai","India","4.98","WH02","Warehouse 2","South","Chennai",10237,3651,358,6228,3583,17877,43,"717.33","4467531.24",54,"2024-01-16","INV485963","94384.02","Low Stock","2025-07-01","Rack-1","2024-02-02","Stock level: 10237 units, Supplier rating: 4.98"
"INV00000142","2024-04-14",2024,11,"PART000143","Part 143","PC929607","Subassembly","Essential component Part 143","SUP0023","Supplier 23","Kolkata","India","3.46","WH03","Warehouse 3","East","Kolkata",28947,9191,249,19507,3549,16726,42,"379.71","7407002.97",6,"2024-10-16","INV126521","15857.6","Out of Stock","2025-04-23","Rack-12","2024-06-06","Stock level: 28947 units, Supplier rating: 3.46"
"INV00000143","2024-12-05",2024,9,"PART000144","Part 144","PC686154","Tool","Essential component Part 144","SUP0024","Supplier 24","Jaipur","India","2.63","WH04","Warehouse 4","West","Jaipur",18599,5769,3,12827,3169,2161,32,"193.84","2486385.68",35,"2024-02-25","INV148041","5231.43","Discontinued","null","Rack-74","2024-07-25","Stock level: 18599 units, Supplier rating: 2.63"
"INV00000144","2024-09-08",2024,8,"PART000145","Part 145","PC307590","Packaging","Essential component Part 145","SUP0025","Supplier 25","Mumbai","India","4.85","WH05","Warehouse 5","Central","Mumbai",22537,1926,319,20292,2183,6265,19,"725.78","14727527.76",15,"2024-10-23","INV752673","5935.29","On Order","null","Rack-62","2024-10-19","Stock level: 22537 units, Supplier rating: 4.85"
"INV00000145","2024-03-26",2024,3,"PART000146","Part 146","PC177416","Raw Material","Essential component Part 146","SUP0026","Supplier 26","Delhi","India","4.27","WH06","Warehouse 6","North","Delhi",21329,17745,202,3382,3943,9715,37,"475.41","1607836.62",62,"2024-11-14","INV631465","31153.9","Available","null","Rack-87","2024-02-15","Stock level: 21329 units, Supplier rating: 4.27"
"INV00000146","2024-10-26",2024,7,"PART000147","Part 147","PC998320","Component","Essential component Part 147","SUP0027","Supplier 27","Bangalore","India","4.33","WH07","Warehouse 7","South","Bangalore",43405,18344,0,25061,1217,14736,21,"681.11","17069297.71",81,"2024-07-15","INV906768","99568.84","Low Stock","null","Rack-68","2024-07-01","Stock level: 43405 units, Supplier rating: 4.33"
"INV00000147","2024-01-21",2024,3,"PART000148","Part 148","PC240699","Subassembly","Essential component Part 148","SUP0028","Supplier 28","Pune","India","3.75","WH08","Warehouse 8","East","Pune",25472,23627,55,1790,3848,18105,45,"234.86","420399.4",39,"2024-01-17","INV444092","39577.81","Out of Stock","2025-05-09","Rack-43","2024-01-15","Stock level: 25472 units, Supplier rating: 3.75"
"INV00000148","2024-02-06",2024,8,"PART000149","Part 149","PC457004","Tool","Essential component Part 149","SUP0029","Supplier 29","Hyderabad","India","3.85","WH09","Warehouse 9","West","Hyderabad",40896,18028,388,22480,331,7917,49,"860.97","19354605.6",46,"2024-06-08","INV834426","19304.35","Discontinued","2025-04-06","Rack-57","2024-06-19","Stock level: 40896 units, Supplier rating: 3.85"
"INV00000149","2024-02-11",2024,11,"PART000150","Part 150","PC346126","Packaging","Essential component Part 150","SUP0030","Supplier 30","Chennai","India","3.27","WH10","Warehouse 10","Central","Chennai",48579,41510,339,6730,566,8507,36,"778.54","5239574.2",10,"2024-07-05","INV628771","38227.35","On Order","2025-08-15","Rack-33","2024-10-09","Stock level: 48579 units, Supplier rating: 3.27"
"INV00000150","2024-04-20",2024,4,"PART000151","Part 151","PC398674","Raw Material","Essential component Part 151","SUP0031","Supplier 31","Kolkata","India","2.68","WH01","Warehouse 1","North","Kolkata",21683,5418,63,16202,1436,9125,11,"792.19","12835062.38",45,"2024-11-15","INV839347","97828.49","Available","null","Rack-43","2024-05-09","Stock level: 21683 units, Supplier rating: 2.68"
"INV00000151","2024-12-21",2024,8,"PART000152","Part 152","PC499980","Component","Essential component Part 152","SUP0032","Supplier 32","Jaipur","India","2.66","WH02","Warehouse 2","South","Jaipur",13728,12592,260,876,1155,15280,54,"621.57","544495.32",33,"2024-04-12","INV646973","47395.04","Low Stock","null","Rack-61","2024-06-04","Stock level: 13728 units, Supplier rating: 2.66"
"INV00000152","2024-11-17",2024,1,"PART000153","Part 153","PC399043","Subassembly","Essential component Part 153","SUP0033","Supplier 33","Mumbai","India","3.6","WH03","Warehouse 3","East","Mumbai",23320,19886,456,2978,3948,2867,55,"166.36","495420.08",10,"2024-09-20","INV868734","23415.14","Out of Stock","null","Rack-70","2024-08-21","Stock level: 23320 units, Supplier rating: 3.6"
"INV00000153","2024-09-01",2024,8,"PART000154","Part 154","PC870087","Tool","Essential component Part 154","SUP0034","Supplier 34","Delhi","India","4.51","WH04","Warehouse 4","West","Delhi",20227,9173,276,10778,227,2662,18,"489.83","5279387.74",10,"2024-12-01","INV411411","67303.51","Discontinued","2025-10-16","Rack-73","2024-06-22","Stock level: 20227 units, Supplier rating: 4.51"
"INV00000154","2024-07-21",2024,1,"PART000155","Part 155","PC863216","Packaging","Essential component Part 155","SUP0035","Supplier 35","Bangalore","India","2.46","WH05","Warehouse 5","Central","Bangalore",31565,2593,310,28662,3055,16991,31,"576.79","16531954.98",36,"2024-04-10","INV244410","68011.63","On Order","null","Rack-35","2024-07-09","Stock level: 31565 units, Supplier rating: 2.46"
"INV00000155","2024-12-28",2024,12,"PART000156","Part 156","PC150432","Raw Material","Essential component Part 156","SUP0036","Supplier 36","Pune","India","3.56","WH06","Warehouse 6","North","Pune",44133,14300,17,29816,4371,6807,7,"563.34","16796545.44",88,"2024-07-16","INV532046","91688.55","Available","null","Rack-97","2024-12-13","Stock level: 44133 units, Supplier rating: 3.56"
"INV00000156","2024-04-19",2024,2,"PART000157","Part 157","PC531791","Component","Essential component Part 157","SUP0037","Supplier 37","Hyderabad","India","4.52","WH07","Warehouse 7","South","Hyderabad",12213,3130,453,8630,1196,11959,13,"957.33","8261757.9",38,"2024-01-18","INV237462","68360.93","Low Stock","null","Rack-65","2024-09-21","Stock level: 12213 units, Supplier rating: 4.52"
"INV00000157","2024-05-24",2024,8,"PART000158","Part 158","PC959711","Subassembly","Essential component Part 158","SUP0038","Supplier 38","Chennai","India","2.87","WH08","Warehouse 8","East","Chennai",38062,31240,359,6463,3270,15192,38,"284.48","1838594.24",30,"2024-08-14","INV841718","87305.96","Out of Stock","null","Rack-94","2024-07-03","Stock level: 38062 units, Supplier rating: 2.87"
"INV00000158","2024-10-05",2024,7,"PART000159","Part 159","PC957390","Tool","Essential component Part 159","SUP0039","Supplier 39","Kolkata","India","3.54","WH09","Warehouse 9","West","Kolkata",35488,21299,117,14072,2181,16016,29,"323.76","4555950.72",28,"2024-11-14","INV354013","31756.71","Discontinued","null","Rack-94","2024-04-07","Stock level: 35488 units, Supplier rating: 3.54"
"INV00000159","2024-10-03",2024,12,"PART000160","Part 160","PC225637","Packaging","Essential component Part 160","SUP0040","Supplier 40","Jaipur","India","4.5","WH10","Warehouse 10","Central","Jaipur",26140,15631,407,10102,2262,1503,54,"773.82","7817129.64",20,"2024-03-07","INV493725","2694.36","On Order","null","Rack-12","2024-04-13","Stock level: 26140 units, Supplier rating: 4.5"
"INV00000160","2024-12-13",2024,5,"PART000161","Part 161","PC391416","Raw Material","Essential component Part 161","SUP0041","Supplier 41","Mumbai","India","2.18","WH01","Warehouse 1","North","Mumbai",22937,16018,224,6695,4340,6279,35,"465.03","3113375.85",36,"2024-10-01","INV401110","35334.24","Available","null","Rack-11","2024-07-01","Stock level: 22937 units, Supplier rating: 2.18"
"INV00000161","2024-01-01",2024,9,"PART000162","Part 162","PC388204","Component","Essential component Part 162","SUP0042","Supplier 42","Delhi","India","3.51","WH02","Warehouse 2","South","Delhi",36263,26357,47,9859,4925,16348,44,"442.84","4365959.56",86,"2024-08-24","INV777735","23654.71","Low Stock","null","Rack-2","2024-03-21","Stock level: 36263 units, Supplier rating: 3.51"
"INV00000162","2024-12-23",2024,3,"PART000163","Part 163","PC448502","Subassembly","Essential component Part 163","SUP0043","Supplier 43","Bangalore","India","4.09","WH03","Warehouse 3","East","Bangalore",48400,18246,226,29928,1599,14981,5,"748.63","22404998.64",41,"2024-12-04","INV656304","96047.89","Out of Stock","2025-07-14","Rack-84","2024-12-25","Stock level: 48400 units, Supplier rating: 4.09"
"INV00000163","2024-01-02",2024,5,"PART000164","Part 164","PC712697","Tool","Essential component Part 164","SUP0044","Supplier 44","Pune","India","4.91","WH04","Warehouse 4","West","Pune",13159,4452,330,8377,4228,11368,37,"429.6","3598759.2",46,"2024-10-10","INV621805","49452.06","Discontinued","null","Rack-48","2024-05-26","Stock level: 13159 units, Supplier rating: 4.91"
"INV00000164","2024-05-11",2024,6,"PART000165","Part 165","PC937308","Packaging","Essential component Part 165","SUP0045","Supplier 45","Hyderabad","India","3.2","WH05","Warehouse 5","Central","Hyderabad",49409,36771,147,12491,874,7818,38,"494.65","6178673.15",24,"2024-08-21","INV964283","39529","On Order","null","Rack-45","2024-04-02","Stock level: 49409 units, Supplier rating: 3.2"
"INV00000165","2024-02-24",2024,12,"PART000166","Part 166","PC535540","Raw Material","Essential component Part 166","SUP0046","Supplier 46","Chennai","India","4.85","WH06","Warehouse 6","North","Chennai",38753,15675,202,22876,1124,8499,35,"544.59","12458040.84",86,"2024-11-14","INV515942","49056.73","Available","null","Rack-99","2024-12-20","Stock level: 38753 units, Supplier rating: 4.85"
"INV00000166","2024-08-18",2024,5,"PART000167","Part 167","PC726894","Component","Essential component Part 167","SUP0047","Supplier 47","Kolkata","India","3.85","WH07","Warehouse 7","South","Kolkata",44567,30236,54,14277,1634,1181,43,"402.25","5742923.25",65,"2024-11-11","INV837765","60971.65","Low Stock","2025-12-18","Rack-70","2024-01-11","Stock level: 44567 units, Supplier rating: 3.85"
"INV00000167","2024-09-02",2024,12,"PART000168","Part 168","PC305862","Subassembly","Essential component Part 168","SUP0048","Supplier 48","Jaipur","India","3.05","WH08","Warehouse 8","East","Jaipur",41006,18187,261,22558,4717,7846,22,"727.77","16417035.66",51,"2024-03-22","INV880499","59950.51","Out of Stock","null","Rack-44","2024-02-15","Stock level: 41006 units, Supplier rating: 3.05"
"INV00000168","2024-05-05",2024,10,"PART000169","Part 169","PC207540","Tool","Essential component Part 169","SUP0049","Supplier 49","Mumbai","India","3.05","WH09","Warehouse 9","West","Mumbai",38589,27333,48,11208,161,3394,26,"380.02","4259264.16",56,"2024-12-26","INV425178","39268.03","Discontinued","2025-03-16","Rack-42","2024-03-20","Stock level: 38589 units, Supplier rating: 3.05"
"INV00000169","2024-12-20",2024,5,"PART000170","Part 170","PC540590","Packaging","Essential component Part 170","SUP0050","Supplier 50","Delhi","India","3.41","WH10","Warehouse 10","Central","Delhi",30693,17794,390,12509,664,5629,28,"453.27","5669954.43",78,"2024-11-17","INV726326","22226.79","On Order","null","Rack-37","2024-07-10","Stock level: 30693 units, Supplier rating: 3.41"
"INV00000170","2024-03-16",2024,5,"PART000171","Part 171","PC948072","Raw Material","Essential component Part 171","SUP0051","Supplier 51","Bangalore","India","4.52","WH01","Warehouse 1","North","Bangalore",21284,4913,124,16247,3390,8078,9,"211.37","3434128.39",33,"2024-02-01","INV209380","17008.54","Available","null","Rack-99","2024-11-25","Stock level: 21284 units, Supplier rating: 4.52"
"INV00000171","2024-11-25",2024,3,"PART000172","Part 172","PC646702","Component","Essential component Part 172","SUP0052","Supplier 52","Pune","India","4.96","WH02","Warehouse 2","South","Pune",13459,8601,387,4471,2293,14268,20,"39.02","174458.42",48,"2024-12-27","INV494728","60318.49","Low Stock","2025-11-21","Rack-60","2024-04-05","Stock level: 13459 units, Supplier rating: 4.96"
"INV00000172","2024-09-15",2024,7,"PART000173","Part 173","PC183928","Subassembly","Essential component Part 173","SUP0053","Supplier 53","Hyderabad","India","3.19","WH03","Warehouse 3","East","Hyderabad",26141,22944,316,2881,4173,15507,42,"885.77","2551903.37",23,"2024-10-17","INV705386","27959.84","Out of Stock","null","Rack-22","2024-03-08","Stock level: 26141 units, Supplier rating: 3.19"
"INV00000173","2024-04-24",2024,4,"PART000174","Part 174","PC442432","Tool","Essential component Part 174","SUP0054","Supplier 54","Chennai","India","2.13","WH04","Warehouse 4","West","Chennai",38706,10983,344,27379,620,5040,47,"368.18","10080400.22",33,"2024-02-12","INV113113","70431.41","Discontinued","2025-05-22","Rack-8","2024-11-17","Stock level: 38706 units, Supplier rating: 2.13"
"INV00000174","2024-07-24",2024,1,"PART000175","Part 175","PC422049","Packaging","Essential component Part 175","SUP0055","Supplier 55","Kolkata","India","4.45","WH05","Warehouse 5","Central","Kolkata",11260,2523,485,8252,2947,18336,49,"847.27","6991672.04",35,"2024-12-24","INV711092","13099.52","On Order","null","Rack-33","2024-06-20","Stock level: 11260 units, Supplier rating: 4.45"
"INV00000175","2024-12-27",2024,12,"PART000176","Part 176","PC591641","Raw Material","Essential component Part 176","SUP0056","Supplier 56","Jaipur","India","4.37","WH06","Warehouse 6","North","Jaipur",13665,13657,474,-466,2926,9898,45,"408.56","-190388.96",22,"2024-04-10","INV578649","71361.9","Available","null","Rack-76","2024-03-13","Stock level: 13665 units, Supplier rating: 4.37"
"INV00000176","2024-08-28",2024,1,"PART000177","Part 177","PC565827","Component","Essential component Part 177","SUP0057","Supplier 57","Mumbai","India","3.14","WH07","Warehouse 7","South","Mumbai",6152,2545,122,3485,165,3498,34,"572.4","1994814",36,"2024-12-13","INV688365","62421.22","Low Stock","null","Rack-36","2024-07-12","Stock level: 6152 units, Supplier rating: 3.14"
"INV00000177","2024-10-17",2024,4,"PART000178","Part 178","PC759266","Subassembly","Essential component Part 178","SUP0058","Supplier 58","Delhi","India","2.03","WH08","Warehouse 8","East","Delhi",38342,22145,233,15964,3290,11914,57,"345.9","5521947.6",51,"2024-03-06","INV493247","41218.97","Out of Stock","null","Rack-44","2024-11-19","Stock level: 38342 units, Supplier rating: 2.03"
"INV00000178","2024-10-18",2024,5,"PART000179","Part 179","PC761726","Tool","Essential component Part 179","SUP0059","Supplier 59","Bangalore","India","4.89","WH09","Warehouse 9","West","Bangalore",34075,28176,174,5725,4520,19480,27,"186.32","1066682",76,"2024-03-07","INV532909","26913.27","Discontinued","2025-03-11","Rack-16","2024-09-18","Stock level: 34075 units, Supplier rating: 4.89"
"INV00000179","2024-11-09",2024,10,"PART000180","Part 180","PC377457","Packaging","Essential component Part 180","SUP0060","Supplier 60","Pune","India","2.63","WH10","Warehouse 10","Central","Pune",2722,2162,224,336,1569,3057,40,"405.76","136335.36",61,"2024-08-16","INV278623","1851.4","On Order","null","Rack-32","2024-12-23","Stock level: 2722 units, Supplier rating: 2.63"
"INV00000180","2024-07-01",2024,3,"PART000181","Part 181","PC559406","Raw Material","Essential component Part 181","SUP0001","Supplier 1","Hyderabad","India","4.83","WH01","Warehouse 1","North","Hyderabad",43379,20009,331,23039,1248,17184,48,"354.82","8174697.98",62,"2024-03-14","INV652856","33296.44","Available","null","Rack-78","2024-03-13","Stock level: 43379 units, Supplier rating: 4.83"
"INV00000181","2024-10-05",2024,9,"PART000182","Part 182","PC869190","Component","Essential component Part 182","SUP0002","Supplier 2","Chennai","India","3.19","WH02","Warehouse 2","South","Chennai",463,337,497,-371,2959,17821,52,"666.1","-247123.1",23,"2024-06-15","INV951642","47752.25","Low Stock","2025-04-09","Rack-3","2024-09-26","Stock level: 463 units, Supplier rating: 3.19"
"INV00000182","2024-01-21",2024,10,"PART000183","Part 183","PC401332","Subassembly","Essential component Part 183","SUP0003","Supplier 3","Kolkata","India","4.18","WH03","Warehouse 3","East","Kolkata",8480,5330,95,3055,614,18080,48,"659.76","2015566.8",11,"2024-08-19","INV925876","90765.8","Out of Stock","null","Rack-34","2024-05-01","Stock level: 8480 units, Supplier rating: 4.18"
"INV00000183","2024-06-03",2024,4,"PART000184","Part 184","PC406143","Tool","Essential component Part 184","SUP0004","Supplier 4","Jaipur","India","4.78","WH04","Warehouse 4","West","Jaipur",29780,9784,380,19616,3753,1083,50,"479.8","9411756.8",36,"2024-10-11","INV364990","90404.73","Discontinued","null","Rack-35","2024-03-28","Stock level: 29780 units, Supplier rating: 4.78"
"INV00000184","2024-11-11",2024,3,"PART000185","Part 185","PC746842","Packaging","Essential component Part 185","SUP0005","Supplier 5","Mumbai","India","4.52","WH05","Warehouse 5","Central","Mumbai",26049,13668,102,12279,3906,12185,51,"653.6","8025554.4",90,"2024-12-07","INV895888","95659.41","On Order","null","Rack-12","2024-11-07","Stock level: 26049 units, Supplier rating: 4.52"
"INV00000185","2024-06-21",2024,1,"PART000186","Part 186","PC476459","Raw Material","Essential component Part 186","SUP0006","Supplier 6","Delhi","India","2.05","WH06","Warehouse 6","North","Delhi",42162,4110,475,37577,637,17594,47,"446.36","16772869.72",90,"2024-11-26","INV846215","59374.11","Available","null","Rack-55","2024-10-15","Stock level: 42162 units, Supplier rating: 2.05"
"INV00000186","2024-12-27",2024,6,"PART000187","Part 187","PC800804","Component","Essential component Part 187","SUP0007","Supplier 7","Bangalore","India","4.13","WH07","Warehouse 7","South","Bangalore",12932,12081,275,576,3970,18137,15,"661.71","381144.96",89,"2024-01-21","INV481450","64893.7","Low Stock","null","Rack-70","2024-11-22","Stock level: 12932 units, Supplier rating: 4.13"
"INV00000187","2024-07-21",2024,8,"PART000188","Part 188","PC483868","Subassembly","Essential component Part 188","SUP0008","Supplier 8","Pune","India","2.42","WH08","Warehouse 8","East","Pune",6495,3803,84,2608,1649,1807,52,"744.66","1942073.28",25,"2024-12-10","INV237701","34449.29","Out of Stock","2025-08-27","Rack-24","2024-06-23","Stock level: 6495 units, Supplier rating: 2.42"
"INV00000188","2024-03-10",2024,8,"PART000189","Part 189","PC485721","Tool","Essential component Part 189","SUP0009","Supplier 9","Hyderabad","India","4.5","WH09","Warehouse 9","West","Hyderabad",40303,24496,137,15670,2342,14971,13,"311.2","4876504",75,"2024-07-22","INV447077","58631.74","Discontinued","null","Rack-28","2024-09-15","Stock level: 40303 units, Supplier rating: 4.5"
"INV00000189","2024-05-21",2024,5,"PART000190","Part 190","PC233810","Packaging","Essential component Part 190","SUP0010","Supplier 10","Chennai","India","3.02","WH10","Warehouse 10","Central","Chennai",15323,14097,284,942,1070,13298,40,"632.57","595880.94",56,"2024-12-06","INV124362","98723.86","On Order","null","Rack-87","2024-01-23","Stock level: 15323 units, Supplier rating: 3.02"
"INV00000190","2024-02-08",2024,9,"PART000191","Part 191","PC822160","Raw Material","Essential component Part 191","SUP0011","Supplier 11","Kolkata","India","3.06","WH01","Warehouse 1","North","Kolkata",35706,25229,254,10223,3347,14195,42,"214.58","2193651.34",82,"2024-10-03","INV121657","27390.88","Available","null","Rack-22","2024-01-14","Stock level: 35706 units, Supplier rating: 3.06"
"INV00000191","2024-03-19",2024,8,"PART000192","Part 192","PC264180","Component","Essential component Part 192","SUP0012","Supplier 12","Jaipur","India","3.26","WH02","Warehouse 2","South","Jaipur",12291,6562,276,5453,4233,4829,40,"969.24","5285265.72",82,"2024-05-07","INV711617","62216.81","Low Stock","null","Rack-46","2024-08-24","Stock level: 12291 units, Supplier rating: 3.26"
"INV00000192","2024-06-08",2024,9,"PART000193","Part 193","PC570366","Subassembly","Essential component Part 193","SUP0013","Supplier 13","Mumbai","India","2.58","WH03","Warehouse 3","East","Mumbai",10779,7205,241,3333,366,7956,35,"345.06","1150084.98",10,"2024-10-07","INV884950","91355.43","Out of Stock","null","Rack-69","2024-07-24","Stock level: 10779 units, Supplier rating: 2.58"
"INV00000193","2024-12-13",2024,1,"PART000194","Part 194","PC982334","Tool","Essential component Part 194","SUP0014","Supplier 14","Delhi","India","2.97","WH04","Warehouse 4","West","Delhi",34028,13801,275,19952,4981,3225,56,"743.15","14827328.8",80,"2024-10-01","INV166083","41298.66","Discontinued","null","Rack-56","2024-12-24","Stock level: 34028 units, Supplier rating: 2.97"
"INV00000194","2024-06-07",2024,3,"PART000195","Part 195","PC701749","Packaging","Essential component Part 195","SUP0015","Supplier 15","Bangalore","India","4.84","WH05","Warehouse 5","Central","Bangalore",1824,389,418,1017,1436,13376,38,"375.95","382341.15",51,"2024-08-19","INV994922","90404.67","On Order","2025-11-19","Rack-68","2024-05-19","Stock level: 1824 units, Supplier rating: 4.84"
"INV00000195","2024-02-25",2024,10,"PART000196","Part 196","PC110255","Raw Material","Essential component Part 196","SUP0016","Supplier 16","Pune","India","2.38","WH06","Warehouse 6","North","Pune",2601,948,258,1395,2714,11939,7,"821.88","1146522.6",79,"2024-10-11","INV964751","55757.29","Available","2025-08-09","Rack-22","2024-01-22","Stock level: 2601 units, Supplier rating: 2.38"
"INV00000196","2024-06-18",2024,5,"PART000197","Part 197","PC556915","Component","Essential component Part 197","SUP0017","Supplier 17","Hyderabad","India","2.83","WH07","Warehouse 7","South","Hyderabad",20725,12817,58,7850,4157,12121,11,"867.03","6806185.5",8,"2024-06-03","INV258324","65901.15","Low Stock","2025-06-18","Rack-99","2024-06-19","Stock level: 20725 units, Supplier rating: 2.83"
"INV00000197","2024-11-12",2024,4,"PART000198","Part 198","PC902602","Subassembly","Essential component Part 198","SUP0018","Supplier 18","Chennai","India","3.45","WH08","Warehouse 8","East","Chennai",9312,6569,393,2350,3297,10624,40,"282.08","662888",48,"2024-01-13","INV886519","19086.03","Out of Stock","null","Rack-61","2024-03-12","Stock level: 9312 units, Supplier rating: 3.45"
"INV00000198","2024-07-16",2024,2,"PART000199","Part 199","PC130266","Tool","Essential component Part 199","SUP0019","Supplier 19","Kolkata","India","4.13","WH09","Warehouse 9","West","Kolkata",22403,5905,211,16287,928,15130,47,"469.18","7641534.66",44,"2024-04-13","INV612697","22539.59","Discontinued","null","Rack-99","2024-05-15","Stock level: 22403 units, Supplier rating: 4.13"
"INV00000199","2024-01-04",2024,4,"PART000200","Part 200","PC886940","Packaging","Essential component Part 200","SUP0020","Supplier 20","Jaipur","India","3.2","WH10","Warehouse 10","Central","Jaipur",14270,11880,122,2268,684,8782,47,"148.74","337342.32",20,"2024-02-02","INV200522","19766.88","On Order","null","Rack-47","2024-10-05","Stock level: 14270 units, Supplier rating: 3.2"
"INV00000200","2024-11-16",2024,3,"PART000201","Part 201","PC519918","Raw Material","Essential component Part 201","SUP0021","Supplier 21","Mumbai","India","2.14","WH01","Warehouse 1","North","Mumbai",5619,4316,460,843,2494,5472,54,"212.57","179196.51",67,"2024-10-19","INV265757","79898.21","Available","null","Rack-50","2024-01-12","Stock level: 5619 units, Supplier rating: 2.14"
"INV00000201","2024-01-26",2024,2,"PART000202","Part 202","PC257209","Component","Essential component Part 202","SUP0022","Supplier 22","Delhi","India","3.86","WH02","Warehouse 2","South","Delhi",18921,14231,232,4458,3689,2909,52,"294.73","1313906.34",60,"2024-02-09","INV654357","59945.21","Low Stock","null","Rack-37","2024-11-05","Stock level: 18921 units, Supplier rating: 3.86"
"INV00000202","2024-11-04",2024,1,"PART000203","Part 203","PC420545","Subassembly","Essential component Part 203","SUP0023","Supplier 23","Bangalore","India","3.95","WH03","Warehouse 3","East","Bangalore",8387,3282,475,4630,603,2621,40,"375.68","1739398.4",72,"2024-12-23","INV676609","34013.86","Out of Stock","null","Rack-37","2024-04-04","Stock level: 8387 units, Supplier rating: 3.95"
"INV00000203","2024-10-10",2024,11,"PART000204","Part 204","PC926102","Tool","Essential component Part 204","SUP0024","Supplier 24","Pune","India","4.29","WH04","Warehouse 4","West","Pune",22718,1853,33,20832,2748,8965,32,"853.09","17771570.88",6,"2024-05-21","INV425632","35979.66","Discontinued","null","Rack-32","2024-09-18","Stock level: 22718 units, Supplier rating: 4.29"
"INV00000204","2024-08-19",2024,2,"PART000205","Part 205","PC218373","Packaging","Essential component Part 205","SUP0025","Supplier 25","Hyderabad","India","4.17","WH05","Warehouse 5","Central","Hyderabad",31844,5984,331,25529,620,12165,5,"660.48","16861393.92",44,"2024-03-02","INV771836","40157.04","On Order","2025-03-22","Rack-47","2024-03-05","Stock level: 31844 units, Supplier rating: 4.17"
"INV00000205","2024-09-22",2024,12,"PART000206","Part 206","PC758646","Raw Material","Essential component Part 206","SUP0026","Supplier 26","Chennai","India","2.58","WH06","Warehouse 6","North","Chennai",8595,4304,17,4274,1174,19055,33,"552.64","2361983.36",62,"2024-03-03","INV301669","63790.32","Available","null","Rack-77","2024-12-11","Stock level: 8595 units, Supplier rating: 2.58"
"INV00000206","2024-04-17",2024,2,"PART000207","Part 207","PC265555","Component","Essential component Part 207","SUP0027","Supplier 27","Kolkata","India","2.84","WH07","Warehouse 7","South","Kolkata",47765,5527,367,41871,4786,4320,53,"594.48","24891472.08",60,"2024-09-21","INV746962","59582.74","Low Stock","null","Rack-96","2024-03-19","Stock level: 47765 units, Supplier rating: 2.84"
"INV00000207","2024-06-16",2024,10,"PART000208","Part 208","PC121943","Subassembly","Essential component Part 208","SUP0028","Supplier 28","Jaipur","India","4.44","WH08","Warehouse 8","East","Jaipur",13571,9619,246,3706,3184,12554,23,"921.78","3416116.68",50,"2024-01-27","INV826739","55575.71","Out of Stock","2025-12-22","Rack-39","2024-09-26","Stock level: 13571 units, Supplier rating: 4.44"
"INV00000208","2024-05-04",2024,1,"PART000209","Part 209","PC588722","Tool","Essential component Part 209","SUP0029","Supplier 29","Mumbai","India","3.33","WH09","Warehouse 9","West","Mumbai",30195,25790,100,4305,1698,1794,18,"448.79","1932040.95",88,"2024-02-21","INV576449","30220.13","Discontinued","null","Rack-74","2024-12-04","Stock level: 30195 units, Supplier rating: 3.33"
"INV00000209","2024-04-14",2024,10,"PART000210","Part 210","PC874029","Packaging","Essential component Part 210","SUP0030","Supplier 30","Delhi","India","3.38","WH10","Warehouse 10","Central","Delhi",8809,710,364,7735,1395,18546,54,"768.16","5941717.6",23,"2024-09-05","INV607643","15707.03","On Order","2025-12-04","Rack-100","2024-07-22","Stock level: 8809 units, Supplier rating: 3.38"
"INV00000210","2024-09-18",2024,9,"PART000211","Part 211","PC949624","Raw Material","Essential component Part 211","SUP0031","Supplier 31","Bangalore","India","3.86","WH01","Warehouse 1","North","Bangalore",13389,4999,105,8285,447,15916,21,"789.86","6543990.1",85,"2024-09-12","INV347921","71929.69","Available","null","Rack-39","2024-08-08","Stock level: 13389 units, Supplier rating: 3.86"
"INV00000211","2024-12-08",2024,1,"PART000212","Part 212","PC900671","Component","Essential component Part 212","SUP0032","Supplier 32","Pune","India","2.75","WH02","Warehouse 2","South","Pune",277,87,295,-105,2025,18519,51,"593.97","-62366.85",11,"2024-04-19","INV963990","82094.4","Low Stock","2025-04-08","Rack-16","2024-04-10","Stock level: 277 units, Supplier rating: 2.75"
"INV00000212","2024-07-22",2024,10,"PART000213","Part 213","PC310073","Subassembly","Essential component Part 213","SUP0033","Supplier 33","Hyderabad","India","2.66","WH03","Warehouse 3","East","Hyderabad",7688,873,369,6446,4688,2445,59,"161.83","1043156.18",66,"2024-09-23","INV862369","32607.23","Out of Stock","null","Rack-24","2024-11-24","Stock level: 7688 units, Supplier rating: 2.66"
"INV00000213","2024-11-21",2024,8,"PART000214","Part 214","PC607218","Tool","Essential component Part 214","SUP0034","Supplier 34","Chennai","India","3.4","WH04","Warehouse 4","West","Chennai",3976,3071,124,781,3122,995,25,"640.48","500214.88",80,"2024-09-27","INV794532","52635.27","Discontinued","null","Rack-70","2024-10-11","Stock level: 3976 units, Supplier rating: 3.4"
"INV00000214","2024-02-16",2024,4,"PART000215","Part 215","PC974788","Packaging","Essential component Part 215","SUP0035","Supplier 35","Kolkata","India","4.45","WH05","Warehouse 5","Central","Kolkata",18894,14370,226,4298,3189,8133,15,"892.03","3833944.94",87,"2024-02-04","INV219908","63182.41","On Order","null","Rack-97","2024-08-22","Stock level: 18894 units, Supplier rating: 4.45"
"INV00000215","2024-02-16",2024,10,"PART000216","Part 216","PC285439","Raw Material","Essential component Part 216","SUP0036","Supplier 36","Jaipur","India","3.05","WH06","Warehouse 6","North","Jaipur",28071,1772,459,25840,1503,1921,11,"799.12","20649260.8",19,"2024-07-19","INV906483","20327.28","Available","null","Rack-42","2024-04-26","Stock level: 28071 units, Supplier rating: 3.05"
"INV00000216","2024-12-28",2024,11,"PART000217","Part 217","PC601944","Component","Essential component Part 217","SUP0037","Supplier 37","Mumbai","India","2.44","WH07","Warehouse 7","South","Mumbai",20999,5268,454,15277,3753,1773,35,"137.88","2106392.76",42,"2024-06-06","INV795004","27195.03","Low Stock","2025-05-11","Rack-84","2024-07-04","Stock level: 20999 units, Supplier rating: 2.44"
"INV00000217","2024-06-23",2024,10,"PART000218","Part 218","PC453906","Subassembly","Essential component Part 218","SUP0038","Supplier 38","Delhi","India","2.36","WH08","Warehouse 8","East","Delhi",5334,1495,320,3519,4900,3957,43,"310.41","1092332.79",84,"2024-07-18","INV339400","75474.89","Out of Stock","null","Rack-70","2024-07-01","Stock level: 5334 units, Supplier rating: 2.36"
"INV00000218","2024-10-13",2024,10,"PART000219","Part 219","PC274167","Tool","Essential component Part 219","SUP0039","Supplier 39","Bangalore","India","2.1","WH09","Warehouse 9","West","Bangalore",8215,6912,268,1035,3242,10470,46,"925.48","957871.8",13,"2024-04-20","INV260260","12626.19","Discontinued","null","Rack-96","2024-05-06","Stock level: 8215 units, Supplier rating: 2.1"
"INV00000219","2024-06-13",2024,10,"PART000220","Part 220","PC530969","Packaging","Essential component Part 220","SUP0040","Supplier 40","Pune","India","2.07","WH10","Warehouse 10","Central","Pune",18662,16974,92,1596,836,15426,36,"557.03","889019.88",59,"2024-09-10","INV934080","84233.85","On Order","null","Rack-68","2024-07-25","Stock level: 18662 units, Supplier rating: 2.07"
"INV00000220","2024-08-21",2024,12,"PART000221","Part 221","PC168998","Raw Material","Essential component Part 221","SUP0041","Supplier 41","Hyderabad","India","4.73","WH01","Warehouse 1","North","Hyderabad",15977,4290,138,11549,1691,17473,26,"99.66","1150973.34",84,"2024-06-21","INV383797","69291.86","Available","null","Rack-41","2024-08-07","Stock level: 15977 units, Supplier rating: 4.73"
"INV00000221","2024-06-22",2024,5,"PART000222","Part 222","PC343614","Component","Essential component Part 222","SUP0042","Supplier 42","Chennai","India","4.36","WH02","Warehouse 2","South","Chennai",10477,3611,80,6786,472,5440,48,"217.08","1473104.88",57,"2024-08-18","INV230512","45052.56","Low Stock","null","Rack-79","2024-09-10","Stock level: 10477 units, Supplier rating: 4.36"
"INV00000222","2024-07-23",2024,4,"PART000223","Part 223","PC574458","Subassembly","Essential component Part 223","SUP0043","Supplier 43","Kolkata","India","4.19","WH03","Warehouse 3","East","Kolkata",31220,6206,144,24870,4293,4946,20,"216.82","5392313.4",66,"2024-04-18","INV953308","44341.53","Out of Stock","2025-10-17","Rack-23","2024-10-19","Stock level: 31220 units, Supplier rating: 4.19"
"INV00000223","2024-04-12",2024,3,"PART000224","Part 224","PC476764","Tool","Essential component Part 224","SUP0044","Supplier 44","Jaipur","India","3.87","WH04","Warehouse 4","West","Jaipur",33898,31033,217,2648,2164,3265,16,"665.53","1762323.44",32,"2024-11-26","INV155020","80827.91","Discontinued","2025-12-23","Rack-56","2024-07-21","Stock level: 33898 units, Supplier rating: 3.87"
"INV00000224","2024-09-25",2024,9,"PART000225","Part 225","PC699442","Packaging","Essential component Part 225","SUP0045","Supplier 45","Mumbai","India","3.56","WH05","Warehouse 5","Central","Mumbai",31760,28275,45,3440,1553,1991,45,"256.1","880984",18,"2024-08-05","INV949467","3009.85","On Order","null","Rack-40","2024-04-25","Stock level: 31760 units, Supplier rating: 3.56"
"INV00000225","2024-01-19",2024,6,"PART000226","Part 226","PC117435","Raw Material","Essential component Part 226","SUP0046","Supplier 46","Delhi","India","4.58","WH06","Warehouse 6","North","Delhi",41325,15373,87,25865,190,11638,9,"262.8","6797322",24,"2024-12-09","INV919629","17195.74","Available","null","Rack-9","2024-02-06","Stock level: 41325 units, Supplier rating: 4.58"
"INV00000226","2024-08-07",2024,8,"PART000227","Part 227","PC174918","Component","Essential component Part 227","SUP0047","Supplier 47","Bangalore","India","4.93","WH07","Warehouse 7","South","Bangalore",4334,2346,453,1535,487,16849,37,"837.89","1286161.15",68,"2024-03-06","INV350776","66857.5","Low Stock","null","Rack-13","2024-03-03","Stock level: 4334 units, Supplier rating: 4.93"
"INV00000227","2024-06-05",2024,11,"PART000228","Part 228","PC282011","Subassembly","Essential component Part 228","SUP0048","Supplier 48","Pune","India","3.72","WH08","Warehouse 8","East","Pune",46101,24551,436,21114,3426,10035,29,"165.79","3500490.06",76,"2024-11-27","INV167927","81855.92","Out of Stock","null","Rack-18","2024-01-05","Stock level: 46101 units, Supplier rating: 3.72"
"INV00000228","2024-09-02",2024,1,"PART000229","Part 229","PC827609","Tool","Essential component Part 229","SUP0049","Supplier 49","Hyderabad","India","2.78","WH09","Warehouse 9","West","Hyderabad",42371,8176,113,34082,929,3434,14,"591.27","20151664.14",48,"2024-09-24","INV408422","94862.83","Discontinued","null","Rack-20","2024-07-10","Stock level: 42371 units, Supplier rating: 2.78"
"INV00000229","2024-10-18",2024,12,"PART000230","Part 230","PC132234","Packaging","Essential component Part 230","SUP0050","Supplier 50","Chennai","India","2.7","WH10","Warehouse 10","Central","Chennai",1340,547,486,307,1805,18256,32,"289.36","88833.52",30,"2024-02-04","INV787576","11430.69","On Order","null","Rack-57","2024-10-18","Stock level: 1340 units, Supplier rating: 2.7"
"INV00000230","2024-07-15",2024,8,"PART000231","Part 231","PC435086","Raw Material","Essential component Part 231","SUP0051","Supplier 51","Kolkata","India","2.96","WH01","Warehouse 1","North","Kolkata",13714,11178,194,2342,348,11564,44,"697.96","1634622.32",54,"2024-01-21","INV943004","16415.75","Available","2025-09-02","Rack-25","2024-04-13","Stock level: 13714 units, Supplier rating: 2.96"
"INV00000231","2024-10-01",2024,7,"PART000232","Part 232","PC969351","Component","Essential component Part 232","SUP0052","Supplier 52","Jaipur","India","3.63","WH02","Warehouse 2","South","Jaipur",40040,21681,22,18337,4848,5739,48,"60.03","1100770.11",38,"2024-02-21","INV967003","22715.61","Low Stock","null","Rack-91","2024-04-17","Stock level: 40040 units, Supplier rating: 3.63"
"INV00000232","2024-05-13",2024,4,"PART000233","Part 233","PC374459","Subassembly","Essential component Part 233","SUP0053","Supplier 53","Mumbai","India","2.4","WH03","Warehouse 3","East","Mumbai",31870,2525,97,29248,1598,1405,19,"228.16","6673223.68",69,"2024-04-19","INV899035","86182.75","Out of Stock","2025-10-07","Rack-67","2024-12-16","Stock level: 31870 units, Supplier rating: 2.4"
"INV00000233","2024-03-28",2024,10,"PART000234","Part 234","PC730107","Tool","Essential component Part 234","SUP0054","Supplier 54","Delhi","India","3.22","WH04","Warehouse 4","West","Delhi",41534,567,364,40603,531,12553,35,"900.88","36578430.64",39,"2024-12-06","INV942168","66965.38","Discontinued","null","Rack-82","2024-12-23","Stock level: 41534 units, Supplier rating: 3.22"
"INV00000234","2024-06-24",2024,8,"PART000235","Part 235","PC867006","Packaging","Essential component Part 235","SUP0055","Supplier 55","Bangalore","India","3.33","WH05","Warehouse 5","Central","Bangalore",47130,45388,168,1574,3550,2395,20,"942.61","1483668.14",78,"2024-11-06","INV609953","92634.58","On Order","null","Rack-85","2024-10-12","Stock level: 47130 units, Supplier rating: 3.33"
"INV00000235","2024-03-14",2024,6,"PART000236","Part 236","PC233849","Raw Material","Essential component Part 236","SUP0056","Supplier 56","Pune","India","4.94","WH06","Warehouse 6","North","Pune",5064,4187,228,649,223,11757,38,"329.66","213949.34",39,"2024-06-02","INV776840","60684.3","Available","null","Rack-32","2024-01-18","Stock level: 5064 units, Supplier rating: 4.94"
"INV00000236","2024-09-23",2024,6,"PART000237","Part 237","PC195037","Component","Essential component Part 237","SUP0057","Supplier 57","Hyderabad","India","2.06","WH07","Warehouse 7","South","Hyderabad",49122,36170,132,12820,3845,13662,53,"378.47","4851985.4",64,"2024-08-17","INV507571","36416.25","Low Stock","null","Rack-64","2024-07-14","Stock level: 49122 units, Supplier rating: 2.06"
"INV00000237","2024-10-09",2024,12,"PART000238","Part 238","PC870532","Subassembly","Essential component Part 238","SUP0058","Supplier 58","Chennai","India","3.5","WH08","Warehouse 8","East","Chennai",41440,15451,337,25652,3576,19015,40,"811.08","20805824.16",27,"2024-03-21","INV487536","64058.78","Out of Stock","null","Rack-3","2024-09-03","Stock level: 41440 units, Supplier rating: 3.5"
"INV00000238","2024-02-22",2024,6,"PART000239","Part 239","PC913507","Tool","Essential component Part 239","SUP0059","Supplier 59","Kolkata","India","2.53","WH09","Warehouse 9","West","Kolkata",20200,12468,459,7273,2682,9196,34,"133.61","971745.53",66,"2024-09-13","INV794170","70718.65","Discontinued","2025-09-18","Rack-75","2024-12-14","Stock level: 20200 units, Supplier rating: 2.53"
"INV00000239","2024-02-18",2024,3,"PART000240","Part 240","PC594526","Packaging","Essential component Part 240","SUP0060","Supplier 60","Jaipur","India","3.13","WH10","Warehouse 10","Central","Jaipur",20249,16528,217,3504,2679,8563,49,"503.84","1765455.36",52,"2024-04-28","INV234267","27896","On Order","null","Rack-58","2024-10-19","Stock level: 20249 units, Supplier rating: 3.13"
"INV00000240","2024-05-14",2024,1,"PART000241","Part 241","PC865571","Raw Material","Essential component Part 241","SUP0001","Supplier 1","Mumbai","India","3.82","WH01","Warehouse 1","North","Mumbai",28420,16273,28,12119,1919,6837,5,"133.98","1623703.62",25,"2024-09-07","INV144116","90431.57","Available","null","Rack-20","2024-03-09","Stock level: 28420 units, Supplier rating: 3.82"
"INV00000241","2024-12-05",2024,6,"PART000242","Part 242","PC148069","Component","Essential component Part 242","SUP0002","Supplier 2","Delhi","India","4.6","WH02","Warehouse 2","South","Delhi",29450,25884,249,3317,2109,12763,49,"545.26","1808627.42",43,"2024-02-28","INV967112","98301.3","Low Stock","null","Rack-73","2024-05-17","Stock level: 29450 units, Supplier rating: 4.6"
"INV00000242","2024-07-28",2024,7,"PART000243","Part 243","PC892750","Subassembly","Essential component Part 243","SUP0003","Supplier 3","Bangalore","India","3","WH03","Warehouse 3","East","Bangalore",47937,7859,371,39707,4469,3262,17,"340.47","13519042.29",13,"2024-07-06","INV613082","58027.74","Out of Stock","2025-07-25","Rack-26","2024-07-28","Stock level: 47937 units, Supplier rating: 3.0"
"INV00000243","2024-07-28",2024,12,"PART000244","Part 244","PC316007","Tool","Essential component Part 244","SUP0004","Supplier 4","Pune","India","4.45","WH04","Warehouse 4","West","Pune",32897,32619,403,-125,3878,12608,8,"665.19","-83148.75",45,"2024-06-15","INV446675","24746.58","Discontinued","2025-04-12","Rack-87","2024-04-24","Stock level: 32897 units, Supplier rating: 4.45"
"INV00000244","2024-04-11",2024,9,"PART000245","Part 245","PC442021","Packaging","Essential component Part 245","SUP0005","Supplier 5","Hyderabad","India","3.61","WH05","Warehouse 5","Central","Hyderabad",47806,5866,55,41885,4357,3371,34,"93.44","3913734.4",10,"2024-01-23","INV169678","7023.18","On Order","null","Rack-25","2024-12-25","Stock level: 47806 units, Supplier rating: 3.61"
"INV00000245","2024-08-12",2024,5,"PART000246","Part 246","PC812386","Raw Material","Essential component Part 246","SUP0006","Supplier 6","Chennai","India","4.95","WH06","Warehouse 6","North","Chennai",25015,15721,214,9080,387,11739,12,"79.14","718591.2",18,"2024-01-22","INV252585","11025.11","Available","2025-07-03","Rack-51","2024-09-08","Stock level: 25015 units, Supplier rating: 4.95"
"INV00000246","2024-12-11",2024,9,"PART000247","Part 247","PC506311","Component","Essential component Part 247","SUP0007","Supplier 7","Kolkata","India","4.83","WH07","Warehouse 7","South","Kolkata",28045,25762,267,2016,4559,16705,20,"406.25","819000",60,"2024-06-17","INV962879","25732.87","Low Stock","2025-12-04","Rack-9","2024-03-12","Stock level: 28045 units, Supplier rating: 4.83"
"INV00000247","2024-10-20",2024,11,"PART000248","Part 248","PC541642","Subassembly","Essential component Part 248","SUP0008","Supplier 8","Jaipur","India","2.72","WH08","Warehouse 8","East","Jaipur",42860,25499,281,17080,878,3608,53,"333.33","5693276.4",70,"2024-02-24","INV432900","79959.08","Out of Stock","null","Rack-80","2024-09-01","Stock level: 42860 units, Supplier rating: 2.72"
"INV00000248","2024-04-20",2024,3,"PART000249","Part 249","PC526510","Tool","Essential component Part 249","SUP0009","Supplier 9","Mumbai","India","3.82","WH09","Warehouse 9","West","Mumbai",2020,238,432,1350,3727,15228,7,"125.97","170059.5",25,"2024-03-08","INV491535","99094","Discontinued","null","Rack-20","2024-06-07","Stock level: 2020 units, Supplier rating: 3.82"
"INV00000249","2024-07-06",2024,12,"PART000250","Part 250","PC607531","Packaging","Essential component Part 250","SUP0010","Supplier 10","Delhi","India","2.59","WH10","Warehouse 10","Central","Delhi",37866,8049,38,29779,2206,16080,27,"23.33","694744.07",87,"2024-09-02","INV600425","41969.59","On Order","null","Rack-72","2024-09-12","Stock level: 37866 units, Supplier rating: 2.59"
"INV00000250","2024-06-24",2024,11,"PART000001","Part 1","PC598079","Raw Material","Essential component Part 1","SUP0011","Supplier 11","Bangalore","India","4.61","WH01","Warehouse 1","North","Bangalore",15814,11448,268,4098,2983,11603,24,"332.54","1362748.92",76,"2024-06-07","INV995322","79236.78","Available","null","Rack-50","2024-01-07","Stock level: 15814 units, Supplier rating: 4.61"
"INV00000251","2024-07-22",2024,1,"PART000002","Part 2","PC729060","Component","Essential component Part 2","SUP0012","Supplier 12","Pune","India","3.45","WH02","Warehouse 2","South","Pune",24697,4493,314,19890,3585,3833,60,"356.92","7099138.8",68,"2024-12-19","INV543465","60186.34","Low Stock","2025-03-03","Rack-39","2024-05-01","Stock level: 24697 units, Supplier rating: 3.45"
"INV00000252","2024-04-07",2024,9,"PART000003","Part 3","PC276455","Subassembly","Essential component Part 3","SUP0013","Supplier 13","Hyderabad","India","4.76","WH03","Warehouse 3","East","Hyderabad",22442,21301,75,1066,1690,15010,11,"169.15","180313.9",19,"2024-07-26","INV847580","53106.39","Out of Stock","2025-10-08","Rack-64","2024-05-15","Stock level: 22442 units, Supplier rating: 4.76"
"INV00000253","2024-11-12",2024,12,"PART000004","Part 4","PC723275","Tool","Essential component Part 4","SUP0014","Supplier 14","Chennai","India","3.24","WH04","Warehouse 4","West","Chennai",38332,9743,17,28572,595,10277,35,"23.32","666299.04",57,"2024-09-10","INV580666","7884.52","Discontinued","null","Rack-53","2024-07-11","Stock level: 38332 units, Supplier rating: 3.24"
"INV00000254","2024-08-25",2024,4,"PART000005","Part 5","PC371246","Packaging","Essential component Part 5","SUP0015","Supplier 15","Kolkata","India","4.46","WH05","Warehouse 5","Central","Kolkata",34985,23485,96,11404,4968,2678,30,"810.65","9244652.6",37,"2024-07-12","INV525093","59034.09","On Order","null","Rack-8","2024-04-24","Stock level: 34985 units, Supplier rating: 4.46"
"INV00000255","2024-10-05",2024,9,"PART000006","Part 6","PC726507","Raw Material","Essential component Part 6","SUP0016","Supplier 16","Jaipur","India","2.21","WH06","Warehouse 6","North","Jaipur",34833,2517,429,31887,4562,19698,46,"854.86","27258920.82",46,"2024-06-27","INV717021","46835.28","Available","null","Rack-2","2024-04-08","Stock level: 34833 units, Supplier rating: 2.21"
"INV00000256","2024-01-09",2024,12,"PART000007","Part 7","PC121217","Component","Essential component Part 7","SUP0017","Supplier 17","Mumbai","India","4.47","WH07","Warehouse 7","South","Mumbai",20098,17672,215,2211,1187,11666,57,"336.67","744377.37",69,"2024-11-20","INV147623","81546.26","Low Stock","null","Rack-20","2024-10-13","Stock level: 20098 units, Supplier rating: 4.47"
"INV00000257","2024-05-06",2024,2,"PART000008","Part 8","PC924388","Subassembly","Essential component Part 8","SUP0018","Supplier 18","Delhi","India","4.63","WH08","Warehouse 8","East","Delhi",6849,1044,363,5442,882,16829,23,"330.72","1799778.24",83,"2024-01-27","INV478649","72761.18","Out of Stock","null","Rack-17","2024-08-20","Stock level: 6849 units, Supplier rating: 4.63"
"INV00000258","2024-03-12",2024,4,"PART000009","Part 9","PC251288","Tool","Essential component Part 9","SUP0019","Supplier 19","Bangalore","India","2.27","WH09","Warehouse 9","West","Bangalore",48861,32067,228,16566,385,17429,46,"867.97","14378791.02",90,"2024-10-04","INV963491","45045.15","Discontinued","null","Rack-21","2024-06-02","Stock level: 48861 units, Supplier rating: 2.27"
"INV00000259","2024-09-06",2024,2,"PART000010","Part 10","PC237896","Packaging","Essential component Part 10","SUP0020","Supplier 20","Pune","India","4.13","WH10","Warehouse 10","Central","Pune",15170,3891,113,11166,323,17229,18,"184.33","2058228.78",30,"2024-01-08","INV922081","36536.98","On Order","null","Rack-89","2024-12-14","Stock level: 15170 units, Supplier rating: 4.13"
"INV00000260","2024-08-11",2024,2,"PART000011","Part 11","PC515937","Raw Material","Essential component Part 11","SUP0021","Supplier 21","Hyderabad","India","3.26","WH01","Warehouse 1","North","Hyderabad",3410,428,204,2778,1423,18211,60,"486.22","1350719.16",82,"2024-04-06","INV649656","41351.24","Available","2025-04-18","Rack-61","2024-09-10","Stock level: 3410 units, Supplier rating: 3.26"
"INV00000261","2024-06-09",2024,8,"PART000012","Part 12","PC876746","Component","Essential component Part 12","SUP0022","Supplier 22","Chennai","India","4.3","WH02","Warehouse 2","South","Chennai",33334,8110,323,24901,4739,18731,13,"101.08","2516993.08",6,"2024-09-20","INV227379","16902.54","Low Stock","null","Rack-9","2024-10-17","Stock level: 33334 units, Supplier rating: 4.3"
"INV00000262","2024-01-20",2024,4,"PART000013","Part 13","PC437087","Subassembly","Essential component Part 13","SUP0023","Supplier 23","Kolkata","India","2.45","WH03","Warehouse 3","East","Kolkata",33742,30165,344,3233,1410,19241,45,"903.55","2921177.15",5,"2024-06-04","INV387956","38957.93","Out of Stock","2025-03-25","Rack-15","2024-01-14","Stock level: 33742 units, Supplier rating: 2.45"
"INV00000263","2024-09-03",2024,8,"PART000014","Part 14","PC733899","Tool","Essential component Part 14","SUP0024","Supplier 24","Jaipur","India","2.86","WH04","Warehouse 4","West","Jaipur",14114,5302,167,8645,4165,8576,29,"126.45","1093160.25",87,"2024-03-22","INV892750","59521.4","Discontinued","null","Rack-77","2024-01-12","Stock level: 14114 units, Supplier rating: 2.86"
"INV00000264","2024-12-09",2024,12,"PART000015","Part 15","PC338973","Packaging","Essential component Part 15","SUP0025","Supplier 25","Mumbai","India","4.89","WH05","Warehouse 5","Central","Mumbai",40729,18944,276,21509,2794,5882,59,"885.72","19050951.48",69,"2024-09-26","INV571928","67045.91","On Order","2025-07-16","Rack-68","2024-07-04","Stock level: 40729 units, Supplier rating: 4.89"
"INV00000265","2024-08-18",2024,7,"PART000016","Part 16","PC585185","Raw Material","Essential component Part 16","SUP0026","Supplier 26","Delhi","India","2.07","WH06","Warehouse 6","North","Delhi",11149,10198,224,727,768,9766,18,"943.42","685866.34",17,"2024-03-08","INV470310","27678.74","Available","null","Rack-79","2024-01-08","Stock level: 11149 units, Supplier rating: 2.07"
"INV00000266","2024-05-05",2024,5,"PART000017","Part 17","PC538780","Component","Essential component Part 17","SUP0027","Supplier 27","Bangalore","India","4.46","WH07","Warehouse 7","South","Bangalore",33296,16888,327,16081,666,9518,27,"602.19","9683817.39",38,"2024-07-03","INV868513","10551.38","Low Stock","null","Rack-36","2024-09-17","Stock level: 33296 units, Supplier rating: 4.46"
"INV00000267","2024-07-21",2024,6,"PART000018","Part 18","PC906968","Subassembly","Essential component Part 18","SUP0028","Supplier 28","Pune","India","2.05","WH08","Warehouse 8","East","Pune",25139,20119,366,4654,3172,10461,58,"960.71","4471144.34",19,"2024-05-06","INV834526","12875.53","Out of Stock","2025-06-06","Rack-76","2024-09-15","Stock level: 25139 units, Supplier rating: 2.05"
"INV00000268","2024-08-08",2024,9,"PART000019","Part 19","PC648741","Tool","Essential component Part 19","SUP0029","Supplier 29","Hyderabad","India","4.38","WH09","Warehouse 9","West","Hyderabad",1815,1428,383,4,2031,15193,21,"330.39","1321.56",5,"2024-06-07","INV338270","86440.76","Discontinued","2025-05-02","Rack-43","2024-07-18","Stock level: 1815 units, Supplier rating: 4.38"
"INV00000269","2024-08-18",2024,3,"PART000020","Part 20","PC276404","Packaging","Essential component Part 20","SUP0030","Supplier 30","Chennai","India","2.54","WH10","Warehouse 10","Central","Chennai",26580,8793,351,17436,4386,12078,10,"893.64","15581507.04",60,"2024-11-21","INV973856","34541.15","On Order","null","Rack-99","2024-04-04","Stock level: 26580 units, Supplier rating: 2.54"
"INV00000270","2024-04-26",2024,4,"PART000021","Part 21","PC734940","Raw Material","Essential component Part 21","SUP0031","Supplier 31","Kolkata","India","3.39","WH01","Warehouse 1","North","Kolkata",5260,2892,368,2000,2031,12470,14,"639.23","1278460",27,"2024-02-05","INV147701","98686.51","Available","null","Rack-56","2024-11-01","Stock level: 5260 units, Supplier rating: 3.39"
"INV00000271","2024-03-21",2024,11,"PART000022","Part 22","PC645281","Component","Essential component Part 22","SUP0032","Supplier 32","Jaipur","India","2.69","WH02","Warehouse 2","South","Jaipur",19769,6326,410,13033,3026,16784,33,"184.5","2404588.5",8,"2024-04-25","INV729342","37100.87","Low Stock","null","Rack-58","2024-07-28","Stock level: 19769 units, Supplier rating: 2.69"
"INV00000272","2024-09-20",2024,9,"PART000023","Part 23","PC727407","Subassembly","Essential component Part 23","SUP0033","Supplier 33","Mumbai","India","4.95","WH03","Warehouse 3","East","Mumbai",43071,15821,245,27005,2923,13431,25,"831.54","22455737.7",27,"2024-02-20","INV426856","14143.71","Out of Stock","null","Rack-53","2024-05-25","Stock level: 43071 units, Supplier rating: 4.95"
"INV00000273","2024-09-17",2024,6,"PART000024","Part 24","PC849072","Tool","Essential component Part 24","SUP0034","Supplier 34","Delhi","India","3.87","WH04","Warehouse 4","West","Delhi",6501,3422,440,2639,971,6618,51,"598.72","1580022.08",64,"2024-08-20","INV287928","89638.47","Discontinued","2025-07-19","Rack-61","2024-01-15","Stock level: 6501 units, Supplier rating: 3.87"
"INV00000274","2024-07-14",2024,10,"PART000025","Part 25","PC336517","Packaging","Essential component Part 25","SUP0035","Supplier 35","Bangalore","India","3.57","WH05","Warehouse 5","Central","Bangalore",25658,8774,490,16394,3550,13427,42,"37.89","621168.66",12,"2024-01-01","INV500101","64218.38","On Order","null","Rack-43","2024-10-04","Stock level: 25658 units, Supplier rating: 3.57"
"INV00000275","2024-01-23",2024,5,"PART000026","Part 26","PC685356","Raw Material","Essential component Part 26","SUP0036","Supplier 36","Pune","India","4.54","WH06","Warehouse 6","North","Pune",17114,4053,389,12672,3161,13438,13,"897.54","11373626.88",20,"2024-04-09","INV440165","39678.93","Available","2025-10-01","Rack-48","2024-06-01","Stock level: 17114 units, Supplier rating: 4.54"
"INV00000276","2024-11-09",2024,11,"PART000027","Part 27","PC183719","Component","Essential component Part 27","SUP0037","Supplier 37","Hyderabad","India","4.57","WH07","Warehouse 7","South","Hyderabad",41587,34118,162,7307,2183,969,25,"305.19","2230023.33",33,"2024-06-20","INV743448","75716.36","Low Stock","null","Rack-25","2024-09-26","Stock level: 41587 units, Supplier rating: 4.57"
"INV00000277","2024-10-05",2024,3,"PART000028","Part 28","PC980895","Subassembly","Essential component Part 28","SUP0038","Supplier 38","Chennai","India","4.57","WH08","Warehouse 8","East","Chennai",17257,9621,389,7247,287,17421,10,"124.43","901744.21",40,"2024-05-12","INV972615","37170.18","Out of Stock","null","Rack-96","2024-11-02","Stock level: 17257 units, Supplier rating: 4.57"
"INV00000278","2024-12-04",2024,7,"PART000029","Part 29","PC881735","Tool","Essential component Part 29","SUP0039","Supplier 39","Kolkata","India","3.58","WH09","Warehouse 9","West","Kolkata",33640,5725,186,27729,4419,7947,58,"660.45","18313618.05",87,"2024-11-14","INV523677","32914.22","Discontinued","null","Rack-88","2024-04-04","Stock level: 33640 units, Supplier rating: 3.58"
"INV00000279","2024-11-20",2024,12,"PART000030","Part 30","PC902703","Packaging","Essential component Part 30","SUP0040","Supplier 40","Jaipur","India","3.76","WH10","Warehouse 10","Central","Jaipur",46500,2804,136,43560,4049,10995,30,"371.97","16203013.2",6,"2024-05-07","INV248210","35588.57","On Order","null","Rack-28","2024-11-03","Stock level: 46500 units, Supplier rating: 3.76"
"INV00000280","2024-08-28",2024,12,"PART000031","Part 31","PC675040","Raw Material","Essential component Part 31","SUP0041","Supplier 41","Mumbai","India","4.12","WH01","Warehouse 1","North","Mumbai",19277,17456,260,1561,3981,9834,54,"705.65","1101519.65",35,"2024-12-10","INV919616","87092.81","Available","null","Rack-63","2024-06-06","Stock level: 19277 units, Supplier rating: 4.12"
"INV00000281","2024-08-14",2024,4,"PART000032","Part 32","PC933999","Component","Essential component Part 32","SUP0042","Supplier 42","Delhi","India","2.46","WH02","Warehouse 2","South","Delhi",21162,1454,168,19540,2934,12238,51,"586.02","11450830.8",10,"2024-06-20","INV669466","97588.73","Low Stock","2025-01-18","Rack-99","2024-12-11","Stock level: 21162 units, Supplier rating: 2.46"
"INV00000282","2024-11-06",2024,11,"PART000033","Part 33","PC768734","Subassembly","Essential component Part 33","SUP0043","Supplier 43","Bangalore","India","3.97","WH03","Warehouse 3","East","Bangalore",19620,4964,447,14209,209,7969,16,"794.79","11293171.11",55,"2024-11-18","INV838068","59291.9","Out of Stock","2025-06-17","Rack-92","2024-01-11","Stock level: 19620 units, Supplier rating: 3.97"
"INV00000283","2024-05-28",2024,6,"PART000034","Part 34","PC708215","Tool","Essential component Part 34","SUP0044","Supplier 44","Pune","India","2.83","WH04","Warehouse 4","West","Pune",17477,9930,312,7235,643,19429,53,"236.42","1710498.7",47,"2024-05-09","INV942316","55548.38","Discontinued","null","Rack-60","2024-07-08","Stock level: 17477 units, Supplier rating: 2.83"
"INV00000284","2024-01-04",2024,3,"PART000035","Part 35","PC172766","Packaging","Essential component Part 35","SUP0045","Supplier 45","Hyderabad","India","4.6","WH05","Warehouse 5","Central","Hyderabad",11555,1953,148,9454,439,15156,38,"862.56","8154642.24",23,"2024-04-26","INV593245","89130.96","On Order","2025-02-18","Rack-3","2024-08-20","Stock level: 11555 units, Supplier rating: 4.6"
"INV00000285","2024-03-23",2024,11,"PART000036","Part 36","PC436502","Raw Material","Essential component Part 36","SUP0046","Supplier 46","Chennai","India","3.52","WH06","Warehouse 6","North","Chennai",41693,5160,334,36199,2852,5182,52,"583.91","21136958.09",85,"2024-07-12","INV493537","48912.9","Available","null","Rack-25","2024-08-14","Stock level: 41693 units, Supplier rating: 3.52"
"INV00000286","2024-12-08",2024,5,"PART000037","Part 37","PC170444","Component","Essential component Part 37","SUP0047","Supplier 47","Kolkata","India","2.54","WH07","Warehouse 7","South","Kolkata",35860,6513,447,28900,2555,1172,49,"548.5","15851650",75,"2024-09-03","INV546227","50995.87","Low Stock","2025-05-11","Rack-20","2024-05-05","Stock level: 35860 units, Supplier rating: 2.54"
"INV00000287","2024-04-23",2024,7,"PART000038","Part 38","PC776194","Subassembly","Essential component Part 38","SUP0048","Supplier 48","Jaipur","India","2.53","WH08","Warehouse 8","East","Jaipur",33227,2886,13,30328,146,2469,20,"319.75","9697378",54,"2024-11-04","INV136565","68067.35","Out of Stock","null","Rack-65","2024-04-23","Stock level: 33227 units, Supplier rating: 2.53"
"INV00000288","2024-03-06",2024,7,"PART000039","Part 39","PC887334","Tool","Essential component Part 39","SUP0049","Supplier 49","Mumbai","India","4.86","WH09","Warehouse 9","West","Mumbai",9928,3031,442,6455,1063,13463,9,"314.28","2028677.4",85,"2024-08-19","INV288037","19198.32","Discontinued","2025-08-18","Rack-92","2024-04-04","Stock level: 9928 units, Supplier rating: 4.86"
"INV00000289","2024-08-15",2024,6,"PART000040","Part 40","PC540252","Packaging","Essential component Part 40","SUP0050","Supplier 50","Delhi","India","2.06","WH10","Warehouse 10","Central","Delhi",39288,38460,446,382,1939,13219,32,"418.5","159867",26,"2024-04-18","INV224911","9440.66","On Order","null","Rack-3","2024-05-07","Stock level: 39288 units, Supplier rating: 2.06"
"INV00000290","2024-05-02",2024,6,"PART000041","Part 41","PC580940","Raw Material","Essential component Part 41","SUP0051","Supplier 51","Bangalore","India","3.34","WH01","Warehouse 1","North","Bangalore",27319,20174,413,6732,4487,6446,19,"49.49","333166.68",7,"2024-11-23","INV208243","95100.55","Available","null","Rack-47","2024-07-02","Stock level: 27319 units, Supplier rating: 3.34"
"INV00000291","2024-01-14",2024,10,"PART000042","Part 42","PC298969","Component","Essential component Part 42","SUP0052","Supplier 52","Pune","India","3.06","WH02","Warehouse 2","South","Pune",49718,13442,2,36274,1080,9675,59,"287.52","10429500.48",45,"2024-01-08","INV232708","65752.56","Low Stock","2025-07-03","Rack-63","2024-07-01","Stock level: 49718 units, Supplier rating: 3.06"
"INV00000292","2024-07-24",2024,5,"PART000043","Part 43","PC937034","Subassembly","Essential component Part 43","SUP0053","Supplier 53","Hyderabad","India","4.51","WH03","Warehouse 3","East","Hyderabad",47774,30625,91,17058,1398,2196,38,"616.98","10524444.84",22,"2024-07-10","INV225339","30777.05","Out of Stock","null","Rack-76","2024-10-11","Stock level: 47774 units, Supplier rating: 4.51"
"INV00000293","2024-10-09",2024,11,"PART000044","Part 44","PC377552","Tool","Essential component Part 44","SUP0054","Supplier 54","Chennai","India","3.48","WH04","Warehouse 4","West","Chennai",32110,16973,436,14701,1003,17264,22,"830.37","12207269.37",37,"2024-05-08","INV738815","42414.83","Discontinued","null","Rack-43","2024-02-25","Stock level: 32110 units, Supplier rating: 3.48"
"INV00000294","2024-02-17",2024,10,"PART000045","Part 45","PC454382","Packaging","Essential component Part 45","SUP0055","Supplier 55","Kolkata","India","4.39","WH05","Warehouse 5","Central","Kolkata",15680,868,45,14767,3088,5894,58,"630.54","9311184.18",60,"2024-06-27","INV887000","37718.27","On Order","2025-12-16","Rack-57","2024-02-27","Stock level: 15680 units, Supplier rating: 4.39"
"INV00000295","2024-05-14",2024,7,"PART000046","Part 46","PC536517","Raw Material","Essential component Part 46","SUP0056","Supplier 56","Jaipur","India","4.4","WH06","Warehouse 6","North","Jaipur",216,58,40,118,3466,13588,45,"441.93","52147.74",48,"2024-04-05","INV380501","58190.76","Available","null","Rack-13","2024-04-16","Stock level: 216 units, Supplier rating: 4.4"
"INV00000296","2024-02-23",2024,11,"PART000047","Part 47","PC697512","Component","Essential component Part 47","SUP0057","Supplier 57","Mumbai","India","3.39","WH07","Warehouse 7","South","Mumbai",2278,1264,179,835,1913,16608,13,"959.78","801416.3",12,"2024-02-08","INV662802","47609.17","Low Stock","2025-09-09","Rack-4","2024-11-03","Stock level: 2278 units, Supplier rating: 3.39"
"INV00000297","2024-07-03",2024,2,"PART000048","Part 48","PC354078","Subassembly","Essential component Part 48","SUP0058","Supplier 58","Delhi","India","2.87","WH08","Warehouse 8","East","Delhi",37988,9870,5,28113,3570,11541,43,"42.68","1199862.84",72,"2024-01-14","INV225603","27948.95","Out of Stock","2025-09-02","Rack-74","2024-08-27","Stock level: 37988 units, Supplier rating: 2.87"
"INV00000298","2024-09-15",2024,4,"PART000049","Part 49","PC770803","Tool","Essential component Part 49","SUP0059","Supplier 59","Bangalore","India","4.98","WH09","Warehouse 9","West","Bangalore",42652,740,163,41749,1278,16695,50,"397.45","16593140.05",35,"2024-10-28","INV397887","50798.68","Discontinued","null","Rack-63","2024-01-01","Stock level: 42652 units, Supplier rating: 4.98"
"INV00000299","2024-02-03",2024,12,"PART000050","Part 50","PC921877","Packaging","Essential component Part 50","SUP0060","Supplier 60","Pune","India","4.12","WH10","Warehouse 10","Central","Pune",37691,15540,331,21820,1461,16211,18,"993.63","21681006.6",58,"2024-05-12","INV338854","57358.22","On Order","null","Rack-12","2024-05-12","Stock level: 37691 units, Supplier rating: 4.12"
"INV00000300","2024-07-23",2024,9,"PART000051","Part 51","PC472209","Raw Material","Essential component Part 51","SUP0001","Supplier 1","Hyderabad","India","3.7","WH01","Warehouse 1","North","Hyderabad",4729,3280,17,1432,2143,16385,15,"847.9","1214192.8",16,"2024-08-13","INV402105","56757.89","Available","null","Rack-57","2024-10-07","Stock level: 4729 units, Supplier rating: 3.7"
"INV00000301","2024-08-07",2024,11,"PART000052","Part 52","PC780539","Component","Essential component Part 52","SUP0002","Supplier 2","Chennai","India","3.25","WH02","Warehouse 2","South","Chennai",4675,1794,395,2486,540,19757,29,"128.8","320196.8",42,"2024-01-26","INV999769","96974.74","Low Stock","null","Rack-50","2024-11-22","Stock level: 4675 units, Supplier rating: 3.25"
"INV00000302","2024-10-03",2024,3,"PART000053","Part 53","PC619937","Subassembly","Essential component Part 53","SUP0003","Supplier 3","Kolkata","India","3.06","WH03","Warehouse 3","East","Kolkata",38147,31016,238,6893,3388,13628,46,"339.94","2343206.42",43,"2024-11-20","INV778109","61055.02","Out of Stock","2025-02-10","Rack-70","2024-10-12","Stock level: 38147 units, Supplier rating: 3.06"
"INV00000303","2024-07-23",2024,3,"PART000054","Part 54","PC968246","Tool","Essential component Part 54","SUP0004","Supplier 4","Jaipur","India","3.69","WH04","Warehouse 4","West","Jaipur",27026,18926,201,7899,2420,6950,18,"501.72","3963086.28",89,"2024-03-16","INV933751","76212.66","Discontinued","null","Rack-59","2024-12-26","Stock level: 27026 units, Supplier rating: 3.69"
"INV00000304","2024-01-21",2024,8,"PART000055","Part 55","PC347939","Packaging","Essential component Part 55","SUP0005","Supplier 5","Mumbai","India","3.79","WH05","Warehouse 5","Central","Mumbai",39195,7835,250,31110,3972,16321,8,"888.47","27640301.7",13,"2024-11-16","INV951831","76117.27","On Order","null","Rack-55","2024-12-06","Stock level: 39195 units, Supplier rating: 3.79"
"INV00000305","2024-05-16",2024,2,"PART000056","Part 56","PC239872","Raw Material","Essential component Part 56","SUP0006","Supplier 6","Delhi","India","3.59","WH06","Warehouse 6","North","Delhi",32112,11150,214,20748,4194,5499,32,"788.28","16355233.44",20,"2024-11-12","INV746334","86979.95","Available","2025-05-28","Rack-78","2024-11-13","Stock level: 32112 units, Supplier rating: 3.59"
"INV00000306","2024-03-21",2024,8,"PART000057","Part 57","PC475946","Component","Essential component Part 57","SUP0007","Supplier 7","Bangalore","India","4.42","WH07","Warehouse 7","South","Bangalore",41798,15499,71,26228,3015,15282,5,"549.66","14416482.48",6,"2024-07-12","INV866978","76371.87","Low Stock","2025-06-21","Rack-43","2024-09-21","Stock level: 41798 units, Supplier rating: 4.42"
"INV00000307","2024-06-23",2024,10,"PART000058","Part 58","PC698347","Subassembly","Essential component Part 58","SUP0008","Supplier 8","Pune","India","4.74","WH08","Warehouse 8","East","Pune",27030,2807,33,24190,1104,2600,32,"385.43","9323551.7",55,"2024-05-09","INV787794","77944.35","Out of Stock","2025-04-15","Rack-53","2024-07-21","Stock level: 27030 units, Supplier rating: 4.74"
"INV00000308","2024-12-24",2024,3,"PART000059","Part 59","PC574689","Tool","Essential component Part 59","SUP0009","Supplier 9","Hyderabad","India","2.43","WH09","Warehouse 9","West","Hyderabad",39375,14560,493,24322,1896,2415,6,"386.54","9401425.88",80,"2024-05-26","INV293685","98807.73","Discontinued","null","Rack-87","2024-09-18","Stock level: 39375 units, Supplier rating: 2.43"
"INV00000309","2024-06-16",2024,3,"PART000060","Part 60","PC917981","Packaging","Essential component Part 60","SUP0010","Supplier 10","Chennai","India","4.84","WH10","Warehouse 10","Central","Chennai",4434,2732,363,1339,555,8960,56,"458.43","613837.77",86,"2024-09-07","INV421364","67094.28","On Order","null","Rack-33","2024-04-25","Stock level: 4434 units, Supplier rating: 4.84"
"INV00000310","2024-05-15",2024,3,"PART000061","Part 61","PC317637","Raw Material","Essential component Part 61","SUP0011","Supplier 11","Kolkata","India","4.12","WH01","Warehouse 1","North","Kolkata",28268,18385,433,9450,4333,17783,42,"736.54","6960303",28,"2024-12-16","INV152895","24516.07","Available","null","Rack-77","2024-08-26","Stock level: 28268 units, Supplier rating: 4.12"
"INV00000311","2024-02-24",2024,11,"PART000062","Part 62","PC241160","Component","Essential component Part 62","SUP0012","Supplier 12","Jaipur","India","4.56","WH02","Warehouse 2","South","Jaipur",46290,19048,137,27105,2634,2197,5,"860.31","23318702.55",88,"2024-11-18","INV784477","43798.24","Low Stock","2025-12-22","Rack-46","2024-02-25","Stock level: 46290 units, Supplier rating: 4.56"
"INV00000312","2024-03-14",2024,2,"PART000063","Part 63","PC517791","Subassembly","Essential component Part 63","SUP0013","Supplier 13","Mumbai","India","2.99","WH03","Warehouse 3","East","Mumbai",25257,19217,222,5818,2715,14183,23,"654.03","3805146.54",76,"2024-07-09","INV512841","72308.7","Out of Stock","null","Rack-9","2024-09-01","Stock level: 25257 units, Supplier rating: 2.99"
"INV00000313","2024-10-24",2024,3,"PART000064","Part 64","PC692034","Tool","Essential component Part 64","SUP0014","Supplier 14","Delhi","India","3.47","WH04","Warehouse 4","West","Delhi",10434,2556,423,7455,349,13805,5,"432.98","3227865.9",90,"2024-09-03","INV784497","49428.46","Discontinued","null","Rack-27","2024-03-15","Stock level: 10434 units, Supplier rating: 3.47"
"INV00000314","2024-10-24",2024,2,"PART000065","Part 65","PC371998","Packaging","Essential component Part 65","SUP0015","Supplier 15","Bangalore","India","2.69","WH05","Warehouse 5","Central","Bangalore",20154,11823,472,7859,553,10096,16,"13.34","104839.06",39,"2024-12-11","INV566055","18204.04","On Order","null","Rack-95","2024-06-08","Stock level: 20154 units, Supplier rating: 2.69"
"INV00000315","2024-10-08",2024,5,"PART000066","Part 66","PC397750","Raw Material","Essential component Part 66","SUP0016","Supplier 16","Pune","India","3.74","WH06","Warehouse 6","North","Pune",17453,13625,264,3564,610,14682,13,"735.85","2622569.4",59,"2024-06-18","INV666781","64922.83","Available","2025-08-11","Rack-62","2024-11-22","Stock level: 17453 units, Supplier rating: 3.74"
"INV00000316","2024-05-21",2024,6,"PART000067","Part 67","PC777010","Component","Essential component Part 67","SUP0017","Supplier 17","Hyderabad","India","4.53","WH07","Warehouse 7","South","Hyderabad",19584,3197,139,16248,3487,7170,22,"882.5","14338860",53,"2024-06-15","INV312844","72817.24","Low Stock","null","Rack-82","2024-07-23","Stock level: 19584 units, Supplier rating: 4.53"
"INV00000317","2024-11-01",2024,9,"PART000068","Part 68","PC568277","Subassembly","Essential component Part 68","SUP0018","Supplier 18","Chennai","India","4.17","WH08","Warehouse 8","East","Chennai",11047,5425,246,5376,2652,12275,30,"998.1","5365785.6",46,"2024-03-28","INV290913","3155.58","Out of Stock","null","Rack-74","2024-12-15","Stock level: 11047 units, Supplier rating: 4.17"
"INV00000318","2024-09-19",2024,9,"PART000069","Part 69","PC364844","Tool","Essential component Part 69","SUP0019","Supplier 19","Kolkata","India","2.04","WH09","Warehouse 9","West","Kolkata",11405,2001,32,9372,2695,16527,44,"183.73","1721917.56",84,"2024-09-26","INV354434","76290.68","Discontinued","null","Rack-29","2024-04-25","Stock level: 11405 units, Supplier rating: 2.04"
"INV00000319","2024-08-18",2024,2,"PART000070","Part 70","PC433437","Packaging","Essential component Part 70","SUP0020","Supplier 20","Jaipur","India","4.85","WH10","Warehouse 10","Central","Jaipur",44547,3715,58,40774,4364,800,17,"404.8","16505315.2",48,"2024-01-05","INV346175","60203.82","On Order","null","Rack-33","2024-08-23","Stock level: 44547 units, Supplier rating: 4.85"
"INV00000320","2024-01-24",2024,12,"PART000071","Part 71","PC829021","Raw Material","Essential component Part 71","SUP0021","Supplier 21","Mumbai","India","2.25","WH01","Warehouse 1","North","Mumbai",12305,5810,472,6023,723,10401,32,"601.42","3622352.66",69,"2024-11-03","INV696134","2233.77","Available","null","Rack-93","2024-06-19","Stock level: 12305 units, Supplier rating: 2.25"
"INV00000321","2024-05-14",2024,11,"PART000072","Part 72","PC970182","Component","Essential component Part 72","SUP0022","Supplier 22","Delhi","India","2.96","WH02","Warehouse 2","South","Delhi",36940,34057,337,2546,3092,17334,6,"17.01","43307.46",15,"2024-01-09","INV528954","5927.67","Low Stock","null","Rack-53","2024-10-21","Stock level: 36940 units, Supplier rating: 2.96"
"INV00000322","2024-07-18",2024,9,"PART000073","Part 73","PC675713","Subassembly","Essential component Part 73","SUP0023","Supplier 23","Bangalore","India","2.82","WH03","Warehouse 3","East","Bangalore",15518,1175,256,14087,3138,9794,56,"69.64","981018.68",16,"2024-10-08","INV446269","4994.01","Out of Stock","null","Rack-44","2024-01-16","Stock level: 15518 units, Supplier rating: 2.82"
"INV00000323","2024-10-11",2024,10,"PART000074","Part 74","PC932755","Tool","Essential component Part 74","SUP0024","Supplier 24","Pune","India","4.08","WH04","Warehouse 4","West","Pune",46925,31630,30,15265,1397,5527,37,"993.5","15165777.5",48,"2024-03-16","INV359756","46862.94","Discontinued","null","Rack-28","2024-11-12","Stock level: 46925 units, Supplier rating: 4.08"
"INV00000324","2024-07-21",2024,7,"PART000075","Part 75","PC709849","Packaging","Essential component Part 75","SUP0025","Supplier 25","Hyderabad","India","3.92","WH05","Warehouse 5","Central","Hyderabad",9711,3367,310,6034,3802,7606,23,"13.6","82062.4",78,"2024-04-03","INV711300","5532.99","On Order","null","Rack-73","2024-01-20","Stock level: 9711 units, Supplier rating: 3.92"
"INV00000325","2024-04-15",2024,6,"PART000076","Part 76","PC253357","Raw Material","Essential component Part 76","SUP0026","Supplier 26","Chennai","India","3.72","WH06","Warehouse 6","North","Chennai",10753,7186,225,3342,4912,13389,58,"817.9","2733421.8",16,"2024-10-16","INV153638","65732.8","Available","null","Rack-14","2024-01-20","Stock level: 10753 units, Supplier rating: 3.72"
"INV00000326","2024-02-25",2024,4,"PART000077","Part 77","PC860900","Component","Essential component Part 77","SUP0027","Supplier 27","Kolkata","India","2.12","WH07","Warehouse 7","South","Kolkata",13973,5057,93,8823,2278,5380,6,"151.35","1335361.05",68,"2024-12-19","INV940096","47346.92","Low Stock","null","Rack-54","2024-06-16","Stock level: 13973 units, Supplier rating: 2.12"
"INV00000327","2024-05-04",2024,12,"PART000078","Part 78","PC621760","Subassembly","Essential component Part 78","SUP0028","Supplier 28","Jaipur","India","3.37","WH08","Warehouse 8","East","Jaipur",21708,1949,389,19370,4034,4425,47,"735.74","14251283.8",84,"2024-02-05","INV360170","74362.86","Out of Stock","2025-07-27","Rack-6","2024-03-26","Stock level: 21708 units, Supplier rating: 3.37"
"INV00000328","2024-01-09",2024,5,"PART000079","Part 79","PC900929","Tool","Essential component Part 79","SUP0029","Supplier 29","Mumbai","India","2.94","WH09","Warehouse 9","West","Mumbai",32488,19792,333,12363,2717,4858,52,"174.7","2159816.1",71,"2024-06-19","INV755531","28104.58","Discontinued","2025-08-14","Rack-53","2024-01-23","Stock level: 32488 units, Supplier rating: 2.94"
"INV00000329","2024-09-25",2024,10,"PART000080","Part 80","PC796151","Packaging","Essential component Part 80","SUP0030","Supplier 30","Delhi","India","4.89","WH10","Warehouse 10","Central","Delhi",46228,40000,136,6092,941,9262,53,"757.56","4615055.52",67,"2024-11-21","INV435670","75540.33","On Order","null","Rack-47","2024-12-11","Stock level: 46228 units, Supplier rating: 4.89"
"INV00000330","2024-10-16",2024,5,"PART000081","Part 81","PC415439","Raw Material","Essential component Part 81","SUP0031","Supplier 31","Bangalore","India","3.06","WH01","Warehouse 1","North","Bangalore",23360,22800,256,304,2535,9867,15,"407.76","123959.04",44,"2024-01-02","INV606811","71847.6","Available","2025-04-14","Rack-17","2024-07-22","Stock level: 23360 units, Supplier rating: 3.06"
"INV00000331","2024-04-12",2024,4,"PART000082","Part 82","PC420673","Component","Essential component Part 82","SUP0032","Supplier 32","Pune","India","3.37","WH02","Warehouse 2","South","Pune",48393,5270,347,42776,2648,9964,49,"227.37","9725979.12",21,"2024-03-20","INV939009","6052.33","Low Stock","2025-04-01","Rack-96","2024-03-27","Stock level: 48393 units, Supplier rating: 3.37"
"INV00000332","2024-04-25",2024,2,"PART000083","Part 83","PC754671","Subassembly","Essential component Part 83","SUP0033","Supplier 33","Hyderabad","India","4.62","WH03","Warehouse 3","East","Hyderabad",3055,1932,197,926,1776,14795,29,"310.64","287652.64",62,"2024-11-03","INV473952","6309.31","Out of Stock","2025-08-13","Rack-99","2024-09-21","Stock level: 3055 units, Supplier rating: 4.62"
"INV00000333","2024-09-24",2024,8,"PART000084","Part 84","PC456768","Tool","Essential component Part 84","SUP0034","Supplier 34","Chennai","India","3.74","WH04","Warehouse 4","West","Chennai",33315,3290,139,29886,3402,13471,36,"318.09","9506437.74",31,"2024-07-18","INV898604","32660.76","Discontinued","null","Rack-78","2024-02-13","Stock level: 33315 units, Supplier rating: 3.74"
"INV00000334","2024-09-23",2024,1,"PART000085","Part 85","PC931074","Packaging","Essential component Part 85","SUP0035","Supplier 35","Kolkata","India","2.34","WH05","Warehouse 5","Central","Kolkata",4406,3231,247,928,1427,13956,53,"157.05","145742.4",43,"2024-04-03","INV131864","72223.85","On Order","null","Rack-1","2024-04-24","Stock level: 4406 units, Supplier rating: 2.34"
"INV00000335","2024-02-14",2024,7,"PART000086","Part 86","PC464580","Raw Material","Essential component Part 86","SUP0036","Supplier 36","Jaipur","India","2.78","WH06","Warehouse 6","North","Jaipur",6661,1353,328,4980,4061,2078,60,"120.55","600339",23,"2024-08-06","INV523886","84410.07","Available","null","Rack-19","2024-03-16","Stock level: 6661 units, Supplier rating: 2.78"
"INV00000336","2024-06-26",2024,11,"PART000087","Part 87","PC581531","Component","Essential component Part 87","SUP0037","Supplier 37","Mumbai","India","4.37","WH07","Warehouse 7","South","Mumbai",15254,8973,426,5855,516,19404,9,"935.96","5480045.8",51,"2024-10-12","INV387515","69477.01","Low Stock","null","Rack-50","2024-12-14","Stock level: 15254 units, Supplier rating: 4.37"
"INV00000337","2024-11-03",2024,2,"PART000088","Part 88","PC769067","Subassembly","Essential component Part 88","SUP0038","Supplier 38","Delhi","India","4.8","WH08","Warehouse 8","East","Delhi",29819,2519,22,27278,3698,15036,56,"910.25","24829799.5",43,"2024-07-11","INV405165","92993.35","Out of Stock","null","Rack-19","2024-11-18","Stock level: 29819 units, Supplier rating: 4.8"
"INV00000338","2024-02-25",2024,9,"PART000089","Part 89","PC559906","Tool","Essential component Part 89","SUP0039","Supplier 39","Bangalore","India","3.33","WH09","Warehouse 9","West","Bangalore",30545,11103,361,19081,4803,5574,51,"826.34","15767393.54",44,"2024-03-27","INV630530","4681.07","Discontinued","null","Rack-21","2024-05-19","Stock level: 30545 units, Supplier rating: 3.33"
"INV00000339","2024-02-16",2024,8,"PART000090","Part 90","PC273593","Packaging","Essential component Part 90","SUP0040","Supplier 40","Pune","India","3.59","WH10","Warehouse 10","Central","Pune",8348,2495,330,5523,2745,8634,43,"495.67","2737585.41",65,"2024-04-21","INV215724","66004.72","On Order","null","Rack-41","2024-06-03","Stock level: 8348 units, Supplier rating: 3.59"
"INV00000340","2024-05-25",2024,8,"PART000091","Part 91","PC932941","Raw Material","Essential component Part 91","SUP0041","Supplier 41","Hyderabad","India","2.45","WH01","Warehouse 1","North","Hyderabad",25148,2900,279,21969,2966,12178,53,"779.74","17130108.06",65,"2024-10-26","INV659074","30884.1","Available","null","Rack-92","2024-06-25","Stock level: 25148 units, Supplier rating: 2.45"
"INV00000341","2024-09-05",2024,10,"PART000092","Part 92","PC149940","Component","Essential component Part 92","SUP0042","Supplier 42","Chennai","India","2.42","WH02","Warehouse 2","South","Chennai",13818,10772,396,2650,4424,8816,46,"672.16","1781224",62,"2024-04-19","INV527736","49367.91","Low Stock","null","Rack-61","2024-06-07","Stock level: 13818 units, Supplier rating: 2.42"
"INV00000342","2024-02-24",2024,7,"PART000093","Part 93","PC960880","Subassembly","Essential component Part 93","SUP0043","Supplier 43","Kolkata","India","3.86","WH03","Warehouse 3","East","Kolkata",31078,15947,445,14686,3137,7015,31,"455.59","6690794.74",56,"2024-05-02","INV626147","12014.81","Out of Stock","null","Rack-82","2024-10-04","Stock level: 31078 units, Supplier rating: 3.86"
"INV00000343","2024-03-01",2024,11,"PART000094","Part 94","PC421666","Tool","Essential component Part 94","SUP0044","Supplier 44","Jaipur","India","4.53","WH04","Warehouse 4","West","Jaipur",34224,26514,471,7239,3446,7527,18,"239.44","1733306.16",51,"2024-01-03","INV374806","2746.55","Discontinued","null","Rack-14","2024-12-23","Stock level: 34224 units, Supplier rating: 4.53"
"INV00000344","2024-05-18",2024,12,"PART000095","Part 95","PC739051","Packaging","Essential component Part 95","SUP0045","Supplier 45","Mumbai","India","2.39","WH05","Warehouse 5","Central","Mumbai",35620,4053,441,31126,1298,12779,33,"287.05","8934718.3",75,"2024-04-09","INV824832","68165.36","On Order","2025-03-09","Rack-96","2024-04-07","Stock level: 35620 units, Supplier rating: 2.39"
"INV00000345","2024-09-09",2024,9,"PART000096","Part 96","PC581464","Raw Material","Essential component Part 96","SUP0046","Supplier 46","Delhi","India","4.09","WH06","Warehouse 6","North","Delhi",27445,16754,2,10689,4296,8716,53,"184.3","1969982.7",24,"2024-11-25","INV146951","96023.66","Available","2025-11-09","Rack-71","2024-04-06","Stock level: 27445 units, Supplier rating: 4.09"
"INV00000346","2024-12-24",2024,9,"PART000097","Part 97","PC734736","Component","Essential component Part 97","SUP0047","Supplier 47","Bangalore","India","4.96","WH07","Warehouse 7","South","Bangalore",12936,10005,93,2838,4320,17978,28,"270.22","766884.36",43,"2024-04-19","INV305532","11595.6","Low Stock","null","Rack-57","2024-10-04","Stock level: 12936 units, Supplier rating: 4.96"
"INV00000347","2024-01-02",2024,3,"PART000098","Part 98","PC133153","Subassembly","Essential component Part 98","SUP0048","Supplier 48","Pune","India","3.45","WH08","Warehouse 8","East","Pune",36904,5408,218,31278,2126,13977,29,"376.96","11790554.88",56,"2024-02-08","INV168794","97437.2","Out of Stock","2025-11-03","Rack-71","2024-10-23","Stock level: 36904 units, Supplier rating: 3.45"
"INV00000348","2024-04-25",2024,3,"PART000099","Part 99","PC577580","Tool","Essential component Part 99","SUP0049","Supplier 49","Hyderabad","India","3.42","WH09","Warehouse 9","West","Hyderabad",21369,9184,339,11846,3019,15796,55,"452.92","5365290.32",18,"2024-04-19","INV795565","5360.54","Discontinued","null","Rack-78","2024-06-25","Stock level: 21369 units, Supplier rating: 3.42"
"INV00000349","2024-04-16",2024,12,"PART000100","Part 100","PC808521","Packaging","Essential component Part 100","SUP0050","Supplier 50","Chennai","India","4.32","WH10","Warehouse 10","Central","Chennai",41904,25617,476,15811,3684,17793,49,"868.74","13735648.14",40,"2024-02-01","INV744528","46460.11","On Order","2025-08-18","Rack-52","2024-11-12","Stock level: 41904 units, Supplier rating: 4.32"
"INV00000350","2024-03-25",2024,11,"PART000101","Part 101","PC745925","Raw Material","Essential component Part 101","SUP0051","Supplier 51","Kolkata","India","2.56","WH01","Warehouse 1","North","Kolkata",18796,10234,319,8243,4805,2565,39,"844.3","6959564.9",46,"2024-07-20","INV697825","9057.26","Available","null","Rack-26","2024-09-06","Stock level: 18796 units, Supplier rating: 2.56"
"INV00000351","2024-03-01",2024,3,"PART000102","Part 102","PC324550","Component","Essential component Part 102","SUP0052","Supplier 52","Jaipur","India","3.14","WH02","Warehouse 2","South","Jaipur",4944,2293,205,2446,1307,11395,20,"333.44","815594.24",13,"2024-11-27","INV173962","70957.54","Low Stock","2025-02-28","Rack-57","2024-04-10","Stock level: 4944 units, Supplier rating: 3.14"
"INV00000352","2024-01-11",2024,3,"PART000103","Part 103","PC261876","Subassembly","Essential component Part 103","SUP0053","Supplier 53","Mumbai","India","4.07","WH03","Warehouse 3","East","Mumbai",15348,194,235,14919,3951,1642,22,"324.62","4843005.78",11,"2024-09-17","INV824443","79268.42","Out of Stock","null","Rack-63","2024-12-01","Stock level: 15348 units, Supplier rating: 4.07"
"INV00000353","2024-01-02",2024,7,"PART000104","Part 104","PC504278","Tool","Essential component Part 104","SUP0054","Supplier 54","Delhi","India","4.83","WH04","Warehouse 4","West","Delhi",16965,8602,29,8334,4100,11417,28,"201.77","1681551.18",45,"2024-05-24","INV604407","44947.48","Discontinued","null","Rack-80","2024-04-11","Stock level: 16965 units, Supplier rating: 4.83"
"INV00000354","2024-07-27",2024,3,"PART000105","Part 105","PC287926","Packaging","Essential component Part 105","SUP0055","Supplier 55","Bangalore","India","4.78","WH05","Warehouse 5","Central","Bangalore",30077,47,310,29720,1264,3168,52,"809.47","24057448.4",9,"2024-10-16","INV563891","59014.82","On Order","null","Rack-26","2024-10-24","Stock level: 30077 units, Supplier rating: 4.78"
"INV00000355","2024-01-04",2024,6,"PART000106","Part 106","PC209367","Raw Material","Essential component Part 106","SUP0056","Supplier 56","Pune","India","4.1","WH06","Warehouse 6","North","Pune",5462,4325,198,939,3471,3546,20,"71.16","66819.24",66,"2024-03-11","INV132436","83229.58","Available","null","Rack-49","2024-07-22","Stock level: 5462 units, Supplier rating: 4.1"
"INV00000356","2024-03-28",2024,1,"PART000107","Part 107","PC313119","Component","Essential component Part 107","SUP0057","Supplier 57","Hyderabad","India","4.58","WH07","Warehouse 7","South","Hyderabad",8349,6050,117,2182,2443,11891,34,"289.64","631994.48",86,"2024-02-14","INV119461","25427.23","Low Stock","null","Rack-41","2024-02-11","Stock level: 8349 units, Supplier rating: 4.58"
"INV00000357","2024-04-27",2024,1,"PART000108","Part 108","PC748569","Subassembly","Essential component Part 108","SUP0058","Supplier 58","Chennai","India","3.48","WH08","Warehouse 8","East","Chennai",28564,17982,83,10499,3713,15826,22,"362.24","3803157.76",58,"2024-01-21","INV777733","38862.71","Out of Stock","null","Rack-47","2024-11-03","Stock level: 28564 units, Supplier rating: 3.48"
"INV00000358","2024-05-21",2024,5,"PART000109","Part 109","PC716708","Tool","Essential component Part 109","SUP0059","Supplier 59","Kolkata","India","2.75","WH09","Warehouse 9","West","Kolkata",15193,10983,289,3921,3329,18187,53,"741.55","2907617.55",18,"2024-07-08","INV972575","12098.98","Discontinued","2025-08-19","Rack-56","2024-08-25","Stock level: 15193 units, Supplier rating: 2.75"
"INV00000359","2024-09-22",2024,11,"PART000110","Part 110","PC102269","Packaging","Essential component Part 110","SUP0060","Supplier 60","Jaipur","India","2.29","WH10","Warehouse 10","Central","Jaipur",17637,3895,428,13314,1373,10056,53,"205.36","2734163.04",17,"2024-10-07","INV435194","38052.14","On Order","null","Rack-40","2024-09-03","Stock level: 17637 units, Supplier rating: 2.29"
"INV00000360","2024-03-26",2024,8,"PART000111","Part 111","PC332395","Raw Material","Essential component Part 111","SUP0001","Supplier 1","Mumbai","India","2.61","WH01","Warehouse 1","North","Mumbai",45471,13391,414,31666,2758,667,43,"437.34","13848808.44",42,"2024-12-11","INV424891","31157.16","Available","null","Rack-4","2024-08-27","Stock level: 45471 units, Supplier rating: 2.61"
"INV00000361","2024-11-02",2024,3,"PART000112","Part 112","PC938883","Component","Essential component Part 112","SUP0002","Supplier 2","Delhi","India","4.26","WH02","Warehouse 2","South","Delhi",24956,4453,392,20111,800,3375,6,"488.09","9815977.99",63,"2024-07-16","INV403183","88193.14","Low Stock","null","Rack-95","2024-08-07","Stock level: 24956 units, Supplier rating: 4.26"
"INV00000362","2024-02-27",2024,1,"PART000113","Part 113","PC200935","Subassembly","Essential component Part 113","SUP0003","Supplier 3","Bangalore","India","4.35","WH03","Warehouse 3","East","Bangalore",16566,15483,247,836,2115,2900,31,"610.2","510127.2",45,"2024-01-10","INV655740","35739.02","Out of Stock","null","Rack-23","2024-05-06","Stock level: 16566 units, Supplier rating: 4.35"
"INV00000363","2024-06-28",2024,5,"PART000114","Part 114","PC465538","Tool","Essential component Part 114","SUP0004","Supplier 4","Pune","India","4.23","WH04","Warehouse 4","West","Pune",31631,13805,457,17369,1244,15298,18,"41.92","728108.48",5,"2024-07-18","INV872777","4805.53","Discontinued","null","Rack-81","2024-11-01","Stock level: 31631 units, Supplier rating: 4.23"
"INV00000364","2024-12-24",2024,7,"PART000115","Part 115","PC406795","Packaging","Essential component Part 115","SUP0005","Supplier 5","Hyderabad","India","3.14","WH05","Warehouse 5","Central","Hyderabad",39152,6364,285,32503,3379,9573,44,"965.04","31366695.12",55,"2024-09-08","INV942216","25214.35","On Order","null","Rack-19","2024-11-14","Stock level: 39152 units, Supplier rating: 3.14"
"INV00000365","2024-05-21",2024,11,"PART000116","Part 116","PC605500","Raw Material","Essential component Part 116","SUP0006","Supplier 6","Chennai","India","3.59","WH06","Warehouse 6","North","Chennai",31045,17719,460,12866,1247,12622,23,"449.22","5779664.52",45,"2024-10-04","INV712215","43048.27","Available","2025-11-20","Rack-26","2024-08-01","Stock level: 31045 units, Supplier rating: 3.59"
"INV00000366","2024-05-08",2024,4,"PART000117","Part 117","PC140095","Component","Essential component Part 117","SUP0007","Supplier 7","Kolkata","India","4.57","WH07","Warehouse 7","South","Kolkata",48497,33893,416,14188,4602,5729,25,"684.6","9713104.8",77,"2024-08-08","INV217721","13316.67","Low Stock","null","Rack-34","2024-09-07","Stock level: 48497 units, Supplier rating: 4.57"
"INV00000367","2024-05-21",2024,2,"PART000118","Part 118","PC694647","Subassembly","Essential component Part 118","SUP0008","Supplier 8","Jaipur","India","2.14","WH08","Warehouse 8","East","Jaipur",1425,995,177,253,4010,5533,39,"186.82","47265.46",5,"2024-02-24","INV870093","56565.11","Out of Stock","null","Rack-34","2024-08-09","Stock level: 1425 units, Supplier rating: 2.14"
"INV00000368","2024-04-25",2024,9,"PART000119","Part 119","PC254019","Tool","Essential component Part 119","SUP0009","Supplier 9","Mumbai","India","4.56","WH09","Warehouse 9","West","Mumbai",22439,18167,24,4248,603,12037,52,"731.46","3107242.08",52,"2024-03-02","INV288918","70033.35","Discontinued","null","Rack-78","2024-02-26","Stock level: 22439 units, Supplier rating: 4.56"
"INV00000369","2024-10-26",2024,12,"PART000120","Part 120","PC905404","Packaging","Essential component Part 120","SUP0010","Supplier 10","Delhi","India","4.89","WH10","Warehouse 10","Central","Delhi",21421,4210,378,16833,4586,658,25,"380.6","6406639.8",81,"2024-04-05","INV535234","87333.93","On Order","null","Rack-2","2024-07-21","Stock level: 21421 units, Supplier rating: 4.89"
"INV00000370","2024-04-04",2024,1,"PART000121","Part 121","PC170123","Raw Material","Essential component Part 121","SUP0011","Supplier 11","Bangalore","India","3.05","WH01","Warehouse 1","North","Bangalore",22622,16498,43,6081,482,16253,20,"527.69","3208882.89",40,"2024-11-01","INV171756","35103.2","Available","null","Rack-41","2024-07-18","Stock level: 22622 units, Supplier rating: 3.05"
"INV00000371","2024-03-14",2024,5,"PART000122","Part 122","PC439984","Component","Essential component Part 122","SUP0012","Supplier 12","Pune","India","2.65","WH02","Warehouse 2","South","Pune",7358,11,138,7209,1053,4145,43,"179.65","1295096.85",65,"2024-02-09","INV114955","43906.19","Low Stock","2025-10-16","Rack-73","2024-09-20","Stock level: 7358 units, Supplier rating: 2.65"
"INV00000372","2024-07-03",2024,9,"PART000123","Part 123","PC933578","Subassembly","Essential component Part 123","SUP0013","Supplier 13","Hyderabad","India","3.12","WH03","Warehouse 3","East","Hyderabad",19702,15772,31,3899,3640,606,34,"89.94","350676.06",42,"2024-01-16","INV467940","34282.69","Out of Stock","null","Rack-42","2024-05-07","Stock level: 19702 units, Supplier rating: 3.12"
"INV00000373","2024-09-15",2024,5,"PART000124","Part 124","PC750859","Tool","Essential component Part 124","SUP0014","Supplier 14","Chennai","India","3.17","WH04","Warehouse 4","West","Chennai",46735,38756,74,7905,582,12716,33,"915.46","7236711.3",27,"2024-12-19","INV908413","64148.59","Discontinued","null","Rack-77","2024-05-25","Stock level: 46735 units, Supplier rating: 3.17"
"INV00000374","2024-05-11",2024,2,"PART000125","Part 125","PC437915","Packaging","Essential component Part 125","SUP0015","Supplier 15","Kolkata","India","4.28","WH05","Warehouse 5","Central","Kolkata",19398,9220,379,9799,3022,2121,10,"209.05","2048480.95",80,"2024-03-14","INV870572","74761.89","On Order","2025-08-15","Rack-18","2024-07-03","Stock level: 19398 units, Supplier rating: 4.28"
"INV00000375","2024-08-22",2024,5,"PART000126","Part 126","PC337535","Raw Material","Essential component Part 126","SUP0016","Supplier 16","Jaipur","India","3.31","WH06","Warehouse 6","North","Jaipur",26827,7942,180,18705,1722,16213,23,"282.47","5283601.35",70,"2024-04-24","INV354176","11146.78","Available","2025-09-22","Rack-36","2024-03-25","Stock level: 26827 units, Supplier rating: 3.31"
"INV00000376","2024-04-23",2024,6,"PART000127","Part 127","PC274685","Component","Essential component Part 127","SUP0017","Supplier 17","Mumbai","India","4.57","WH07","Warehouse 7","South","Mumbai",35806,10442,386,24978,2750,4031,52,"831.82","20777199.96",75,"2024-08-23","INV366134","95188.99","Low Stock","null","Rack-44","2024-02-18","Stock level: 35806 units, Supplier rating: 4.57"
"INV00000377","2024-10-11",2024,9,"PART000128","Part 128","PC643598","Subassembly","Essential component Part 128","SUP0018","Supplier 18","Delhi","India","4.38","WH08","Warehouse 8","East","Delhi",22837,1680,433,20724,619,10083,32,"566.54","11740974.96",13,"2024-08-12","INV595260","51387.3","Out of Stock","2025-02-11","Rack-11","2024-01-02","Stock level: 22837 units, Supplier rating: 4.38"
"INV00000378","2024-10-07",2024,7,"PART000129","Part 129","PC631392","Tool","Essential component Part 129","SUP0019","Supplier 19","Bangalore","India","4.91","WH09","Warehouse 9","West","Bangalore",1869,1360,111,398,3857,675,60,"475.71","189332.58",88,"2024-03-26","INV237992","91271.01","Discontinued","2025-09-08","Rack-71","2024-04-05","Stock level: 1869 units, Supplier rating: 4.91"
"INV00000379","2024-06-25",2024,2,"PART000130","Part 130","PC131846","Packaging","Essential component Part 130","SUP0020","Supplier 20","Pune","India","3.57","WH10","Warehouse 10","Central","Pune",46539,41581,329,4629,1958,802,10,"308.08","1426102.32",56,"2024-03-05","INV191118","31674.11","On Order","null","Rack-29","2024-01-25","Stock level: 46539 units, Supplier rating: 3.57"
"INV00000380","2024-11-05",2024,9,"PART000131","Part 131","PC968322","Raw Material","Essential component Part 131","SUP0021","Supplier 21","Hyderabad","India","2.01","WH01","Warehouse 1","North","Hyderabad",8916,365,450,8101,3025,3430,25,"410.48","3325298.48",63,"2024-12-24","INV951307","30755.42","Available","2025-04-26","Rack-29","2024-09-07","Stock level: 8916 units, Supplier rating: 2.01"
"INV00000381","2024-09-25",2024,8,"PART000132","Part 132","PC169451","Component","Essential component Part 132","SUP0022","Supplier 22","Chennai","India","3.26","WH02","Warehouse 2","South","Chennai",23416,4634,109,18673,2177,13799,31,"189.27","3534238.71",17,"2024-11-09","INV440296","28077.19","Low Stock","null","Rack-45","2024-02-18","Stock level: 23416 units, Supplier rating: 3.26"
"INV00000382","2024-06-05",2024,7,"PART000133","Part 133","PC869287","Subassembly","Essential component Part 133","SUP0023","Supplier 23","Kolkata","India","2.67","WH03","Warehouse 3","East","Kolkata",28626,19645,447,8534,1876,16698,27,"633.05","5402448.7",59,"2024-12-23","INV771074","88086.33","Out of Stock","2025-09-20","Rack-35","2024-02-25","Stock level: 28626 units, Supplier rating: 2.67"
"INV00000383","2024-03-19",2024,6,"PART000134","Part 134","PC211885","Tool","Essential component Part 134","SUP0024","Supplier 24","Jaipur","India","4.59","WH04","Warehouse 4","West","Jaipur",23821,6501,314,17006,355,19032,18,"88.89","1511663.34",25,"2024-06-13","INV809448","66133.71","Discontinued","null","Rack-95","2024-03-09","Stock level: 23821 units, Supplier rating: 4.59"
"INV00000384","2024-08-25",2024,2,"PART000135","Part 135","PC838400","Packaging","Essential component Part 135","SUP0025","Supplier 25","Mumbai","India","2.83","WH05","Warehouse 5","Central","Mumbai",14707,13408,138,1161,4317,10696,39,"894.15","1038108.15",14,"2024-02-16","INV557727","94451.45","On Order","null","Rack-98","2024-01-18","Stock level: 14707 units, Supplier rating: 2.83"
"INV00000385","2024-07-18",2024,4,"PART000136","Part 136","PC831479","Raw Material","Essential component Part 136","SUP0026","Supplier 26","Delhi","India","4.26","WH06","Warehouse 6","North","Delhi",11675,2336,475,8864,4814,13606,5,"970.79","8605082.56",5,"2024-05-18","INV526122","1760.51","Available","2025-02-05","Rack-65","2024-01-15","Stock level: 11675 units, Supplier rating: 4.26"
"INV00000386","2024-07-11",2024,5,"PART000137","Part 137","PC296692","Component","Essential component Part 137","SUP0027","Supplier 27","Bangalore","India","3.27","WH07","Warehouse 7","South","Bangalore",47795,34067,135,13593,2233,18831,37,"126.77","1723184.61",75,"2024-01-27","INV309050","49742.5","Low Stock","null","Rack-36","2024-09-05","Stock level: 47795 units, Supplier rating: 3.27"
"INV00000387","2024-05-01",2024,6,"PART000138","Part 138","PC593832","Subassembly","Essential component Part 138","SUP0028","Supplier 28","Pune","India","4.74","WH08","Warehouse 8","East","Pune",19122,2716,142,16264,1808,8723,36,"655.43","10659913.52",60,"2024-11-24","INV579522","82319.6","Out of Stock","2025-04-12","Rack-38","2024-12-11","Stock level: 19122 units, Supplier rating: 4.74"
"INV00000388","2024-05-11",2024,2,"PART000139","Part 139","PC885082","Tool","Essential component Part 139","SUP0029","Supplier 29","Hyderabad","India","4.63","WH09","Warehouse 9","West","Hyderabad",9129,5826,140,3163,333,13922,47,"630.89","1995505.07",10,"2024-10-22","INV174724","16017.62","Discontinued","null","Rack-14","2024-08-17","Stock level: 9129 units, Supplier rating: 4.63"
"INV00000389","2024-01-15",2024,7,"PART000140","Part 140","PC500646","Packaging","Essential component Part 140","SUP0030","Supplier 30","Chennai","India","4.79","WH10","Warehouse 10","Central","Chennai",24792,11635,215,12942,2244,11608,53,"394.38","5104065.96",6,"2024-06-11","INV849937","87806.01","On Order","null","Rack-5","2024-04-22","Stock level: 24792 units, Supplier rating: 4.79"
"INV00000390","2024-12-01",2024,2,"PART000141","Part 141","PC716926","Raw Material","Essential component Part 141","SUP0031","Supplier 31","Kolkata","India","4.82","WH01","Warehouse 1","North","Kolkata",42594,21701,244,20649,4461,11076,38,"513.84","10610282.16",70,"2024-11-21","INV231322","74241.19","Available","null","Rack-80","2024-12-21","Stock level: 42594 units, Supplier rating: 4.82"
"INV00000391","2024-02-20",2024,6,"PART000142","Part 142","PC124280","Component","Essential component Part 142","SUP0032","Supplier 32","Jaipur","India","3.58","WH02","Warehouse 2","South","Jaipur",15925,9197,245,6483,4860,6594,51,"906.76","5878525.08",6,"2024-04-11","INV131672","78019.99","Low Stock","null","Rack-19","2024-10-07","Stock level: 15925 units, Supplier rating: 3.58"
"INV00000392","2024-08-05",2024,10,"PART000143","Part 143","PC991016","Subassembly","Essential component Part 143","SUP0033","Supplier 33","Mumbai","India","2.86","WH03","Warehouse 3","East","Mumbai",45282,34528,3,10751,1048,4006,52,"926.12","9956716.12",67,"2024-04-22","INV387496","5840.18","Out of Stock","2025-09-25","Rack-89","2024-09-24","Stock level: 45282 units, Supplier rating: 2.86"
"INV00000393","2024-06-27",2024,2,"PART000144","Part 144","PC436820","Tool","Essential component Part 144","SUP0034","Supplier 34","Delhi","India","4.83","WH04","Warehouse 4","West","Delhi",13441,7697,164,5580,355,18684,28,"942.75","5260545",47,"2024-05-16","INV788510","48988.15","Discontinued","null","Rack-70","2024-11-07","Stock level: 13441 units, Supplier rating: 4.83"
"INV00000394","2024-10-21",2024,10,"PART000145","Part 145","PC800834","Packaging","Essential component Part 145","SUP0035","Supplier 35","Bangalore","India","3.43","WH05","Warehouse 5","Central","Bangalore",24129,8136,219,15774,3304,6365,32,"181.52","2863296.48",83,"2024-09-04","INV185456","42440.37","On Order","2025-08-05","Rack-25","2024-08-07","Stock level: 24129 units, Supplier rating: 3.43"
"INV00000395","2024-02-04",2024,2,"PART000146","Part 146","PC576247","Raw Material","Essential component Part 146","SUP0036","Supplier 36","Pune","India","2.14","WH06","Warehouse 6","North","Pune",16051,11149,166,4736,3276,9536,21,"862.4","4084326.4",32,"2024-01-09","INV446536","38456.76","Available","null","Rack-44","2024-01-08","Stock level: 16051 units, Supplier rating: 2.14"
"INV00000396","2024-01-14",2024,11,"PART000147","Part 147","PC380304","Component","Essential component Part 147","SUP0037","Supplier 37","Hyderabad","India","2.47","WH07","Warehouse 7","South","Hyderabad",42007,35701,87,6219,4341,14101,47,"644.1","4005657.9",68,"2024-06-26","INV470123","53887.61","Low Stock","2025-02-16","Rack-38","2024-07-26","Stock level: 42007 units, Supplier rating: 2.47"
"INV00000397","2024-07-13",2024,8,"PART000148","Part 148","PC107161","Subassembly","Essential component Part 148","SUP0038","Supplier 38","Chennai","India","4.91","WH08","Warehouse 8","East","Chennai",27972,15606,193,12173,3138,3398,41,"246.75","3003687.75",48,"2024-03-16","INV513977","22436.35","Out of Stock","2025-10-20","Rack-63","2024-01-22","Stock level: 27972 units, Supplier rating: 4.91"
"INV00000398","2024-05-24",2024,6,"PART000149","Part 149","PC537582","Tool","Essential component Part 149","SUP0039","Supplier 39","Kolkata","India","4.5","WH09","Warehouse 9","West","Kolkata",18625,3909,493,14223,335,570,28,"238.23","3388345.29",9,"2024-01-09","INV819317","64925.18","Discontinued","2025-10-05","Rack-60","2024-12-13","Stock level: 18625 units, Supplier rating: 4.5"
"INV00000399","2024-05-08",2024,6,"PART000150","Part 150","PC791836","Packaging","Essential component Part 150","SUP0040","Supplier 40","Jaipur","India","4.55","WH10","Warehouse 10","Central","Jaipur",4715,2800,42,1873,757,10009,50,"189.33","354615.09",73,"2024-08-05","INV904921","21322.74","On Order","null","Rack-51","2024-10-23","Stock level: 4715 units, Supplier rating: 4.55"
"INV00000400","2024-10-22",2024,9,"PART000151","Part 151","PC301770","Raw Material","Essential component Part 151","SUP0041","Supplier 41","Mumbai","India","2.41","WH01","Warehouse 1","North","Mumbai",19566,9120,471,9975,3140,14027,53,"570.03","5686049.25",28,"2024-12-03","INV230433","10059.15","Available","null","Rack-60","2024-01-20","Stock level: 19566 units, Supplier rating: 2.41"
"INV00000401","2024-01-09",2024,4,"PART000152","Part 152","PC585518","Component","Essential component Part 152","SUP0042","Supplier 42","Delhi","India","4.87","WH02","Warehouse 2","South","Delhi",6410,2129,182,4099,4651,16924,28,"381.99","1565777.01",54,"2024-02-10","INV345492","8175.78","Low Stock","2025-02-08","Rack-63","2024-11-12","Stock level: 6410 units, Supplier rating: 4.87"
"INV00000402","2024-11-07",2024,7,"PART000153","Part 153","PC914737","Subassembly","Essential component Part 153","SUP0043","Supplier 43","Bangalore","India","2.23","WH03","Warehouse 3","East","Bangalore",10917,9628,429,860,3633,4214,45,"158.25","136095",43,"2024-12-02","INV237861","42226.39","Out of Stock","2025-11-24","Rack-6","2024-07-27","Stock level: 10917 units, Supplier rating: 2.23"
"INV00000403","2024-07-16",2024,6,"PART000154","Part 154","PC734436","Tool","Essential component Part 154","SUP0044","Supplier 44","Pune","India","4.08","WH04","Warehouse 4","West","Pune",4652,2619,355,1678,3562,18363,17,"575.36","965454.08",11,"2024-08-01","INV553250","70948.8","Discontinued","2025-04-22","Rack-94","2024-08-02","Stock level: 4652 units, Supplier rating: 4.08"
"INV00000404","2024-03-09",2024,12,"PART000155","Part 155","PC252239","Packaging","Essential component Part 155","SUP0045","Supplier 45","Hyderabad","India","4.59","WH05","Warehouse 5","Central","Hyderabad",15069,10529,101,4439,1829,19004,8,"129.11","573119.29",85,"2024-02-10","INV832744","28461.14","On Order","null","Rack-44","2024-09-16","Stock level: 15069 units, Supplier rating: 4.59"
"INV00000405","2024-09-17",2024,3,"PART000156","Part 156","PC928462","Raw Material","Essential component Part 156","SUP0046","Supplier 46","Chennai","India","4.97","WH06","Warehouse 6","North","Chennai",31463,16236,421,14806,1660,3598,12,"484.23","7169509.38",19,"2024-10-13","INV956264","9994.29","Available","null","Rack-87","2024-12-15","Stock level: 31463 units, Supplier rating: 4.97"
"INV00000406","2024-03-27",2024,11,"PART000157","Part 157","PC425551","Component","Essential component Part 157","SUP0047","Supplier 47","Kolkata","India","3.26","WH07","Warehouse 7","South","Kolkata",36401,33229,25,3147,3495,15742,21,"347.9","1094841.3",62,"2024-06-07","INV117915","46887.68","Low Stock","null","Rack-88","2024-12-06","Stock level: 36401 units, Supplier rating: 3.26"
"INV00000407","2024-11-02",2024,9,"PART000158","Part 158","PC706672","Subassembly","Essential component Part 158","SUP0048","Supplier 48","Jaipur","India","4.46","WH08","Warehouse 8","East","Jaipur",17496,14293,190,3013,4440,5366,18,"77.52","233567.76",76,"2024-08-26","INV132777","68681.94","Out of Stock","null","Rack-29","2024-09-02","Stock level: 17496 units, Supplier rating: 4.46"
"INV00000408","2024-03-14",2024,5,"PART000159","Part 159","PC904592","Tool","Essential component Part 159","SUP0049","Supplier 49","Mumbai","India","3.17","WH09","Warehouse 9","West","Mumbai",11630,2744,341,8545,4622,8212,5,"399.68","3415265.6",9,"2024-06-21","INV759667","5595.73","Discontinued","null","Rack-86","2024-04-14","Stock level: 11630 units, Supplier rating: 3.17"
"INV00000409","2024-10-11",2024,2,"PART000160","Part 160","PC150175","Packaging","Essential component Part 160","SUP0050","Supplier 50","Delhi","India","3.64","WH10","Warehouse 10","Central","Delhi",26389,11039,357,14993,1846,2137,14,"495.61","7430680.73",66,"2024-02-03","INV726231","46884.52","On Order","null","Rack-80","2024-11-06","Stock level: 26389 units, Supplier rating: 3.64"
"INV00000410","2024-11-22",2024,5,"PART000161","Part 161","PC966311","Raw Material","Essential component Part 161","SUP0051","Supplier 51","Bangalore","India","3.41","WH01","Warehouse 1","North","Bangalore",49717,40342,438,8937,4047,19135,55,"788.96","7050935.52",29,"2024-08-19","INV929808","93186.75","Available","null","Rack-90","2024-09-12","Stock level: 49717 units, Supplier rating: 3.41"
"INV00000411","2024-12-27",2024,6,"PART000162","Part 162","PC400436","Component","Essential component Part 162","SUP0052","Supplier 52","Pune","India","3.8","WH02","Warehouse 2","South","Pune",15880,15254,267,359,2863,8792,43,"381.49","136954.91",25,"2024-05-17","INV420101","34003.85","Low Stock","null","Rack-5","2024-02-28","Stock level: 15880 units, Supplier rating: 3.8"
"INV00000412","2024-08-06",2024,4,"PART000163","Part 163","PC991663","Subassembly","Essential component Part 163","SUP0053","Supplier 53","Hyderabad","India","3","WH03","Warehouse 3","East","Hyderabad",4055,1394,321,2340,4169,5216,25,"849.34","1987455.6",80,"2024-09-26","INV836550","35274.61","Out of Stock","null","Rack-62","2024-08-11","Stock level: 4055 units, Supplier rating: 3.0"
"INV00000413","2024-03-07",2024,1,"PART000164","Part 164","PC615433","Tool","Essential component Part 164","SUP0054","Supplier 54","Chennai","India","3.5","WH04","Warehouse 4","West","Chennai",2112,2055,181,-124,3467,13377,30,"575.1","-71312.4",20,"2024-01-26","INV537847","18437","Discontinued","null","Rack-47","2024-07-07","Stock level: 2112 units, Supplier rating: 3.5"
"INV00000414","2024-02-10",2024,8,"PART000165","Part 165","PC649577","Packaging","Essential component Part 165","SUP0055","Supplier 55","Kolkata","India","2.83","WH05","Warehouse 5","Central","Kolkata",24205,18378,242,5585,1610,502,31,"56.87","317618.95",5,"2024-09-15","INV947687","21592.36","On Order","null","Rack-25","2024-08-20","Stock level: 24205 units, Supplier rating: 2.83"
"INV00000415","2024-05-27",2024,8,"PART000166","Part 166","PC200324","Raw Material","Essential component Part 166","SUP0056","Supplier 56","Jaipur","India","4.92","WH06","Warehouse 6","North","Jaipur",32882,19399,2,13481,4332,19520,26,"568.02","7657477.62",78,"2024-11-03","INV878380","30115.91","Available","2025-12-07","Rack-4","2024-07-22","Stock level: 32882 units, Supplier rating: 4.92"
"INV00000416","2024-12-14",2024,10,"PART000167","Part 167","PC857713","Component","Essential component Part 167","SUP0057","Supplier 57","Mumbai","India","3.11","WH07","Warehouse 7","South","Mumbai",23238,11636,23,11579,190,5466,48,"558.29","6464439.91",84,"2024-08-20","INV211884","58050.97","Low Stock","null","Rack-64","2024-09-04","Stock level: 23238 units, Supplier rating: 3.11"
"INV00000417","2024-06-25",2024,6,"PART000168","Part 168","PC145612","Subassembly","Essential component Part 168","SUP0058","Supplier 58","Delhi","India","4.91","WH08","Warehouse 8","East","Delhi",27906,23072,72,4762,1549,16217,10,"67.46","321244.52",37,"2024-09-10","INV799394","57351.9","Out of Stock","2025-05-08","Rack-65","2024-01-08","Stock level: 27906 units, Supplier rating: 4.91"
"INV00000418","2024-02-15",2024,11,"PART000169","Part 169","PC402834","Tool","Essential component Part 169","SUP0059","Supplier 59","Bangalore","India","2.49","WH09","Warehouse 9","West","Bangalore",9486,8945,409,132,4664,13651,27,"292.93","38666.76",16,"2024-11-09","INV839294","26610.05","Discontinued","2025-11-08","Rack-34","2024-12-28","Stock level: 9486 units, Supplier rating: 2.49"
"INV00000419","2024-12-14",2024,10,"PART000170","Part 170","PC623943","Packaging","Essential component Part 170","SUP0060","Supplier 60","Pune","India","2.18","WH10","Warehouse 10","Central","Pune",44087,28867,298,14922,179,7934,41,"858.15","12805314.3",41,"2024-01-16","INV101705","24017.62","On Order","2025-07-21","Rack-27","2024-03-20","Stock level: 44087 units, Supplier rating: 2.18"
"INV00000420","2024-12-09",2024,7,"PART000171","Part 171","PC149459","Raw Material","Essential component Part 171","SUP0001","Supplier 1","Hyderabad","India","4.15","WH01","Warehouse 1","North","Hyderabad",32922,25579,247,7096,1248,5760,51,"981.85","6967207.6",27,"2024-01-26","INV900851","21273.62","Available","null","Rack-23","2024-07-04","Stock level: 32922 units, Supplier rating: 4.15"
"INV00000421","2024-09-21",2024,8,"PART000172","Part 172","PC971193","Component","Essential component Part 172","SUP0002","Supplier 2","Chennai","India","3.66","WH02","Warehouse 2","South","Chennai",25687,19805,314,5568,3076,3215,42,"402.24","2239672.32",32,"2024-11-18","INV471787","82492.67","Low Stock","2025-10-19","Rack-75","2024-12-10","Stock level: 25687 units, Supplier rating: 3.66"
"INV00000422","2024-05-13",2024,11,"PART000173","Part 173","PC846099","Subassembly","Essential component Part 173","SUP0003","Supplier 3","Kolkata","India","4.4","WH03","Warehouse 3","East","Kolkata",39866,38616,349,901,1581,6119,27,"684.01","616293.01",68,"2024-04-26","INV423504","65001.05","Out of Stock","null","Rack-36","2024-04-15","Stock level: 39866 units, Supplier rating: 4.4"
"INV00000423","2024-08-17",2024,6,"PART000174","Part 174","PC708315","Tool","Essential component Part 174","SUP0004","Supplier 4","Jaipur","India","4.52","WH04","Warehouse 4","West","Jaipur",17383,7732,102,9549,1563,12634,13,"267.61","2555407.89",86,"2024-10-07","INV273122","20768.1","Discontinued","null","Rack-84","2024-03-28","Stock level: 17383 units, Supplier rating: 4.52"
"INV00000424","2024-06-20",2024,4,"PART000175","Part 175","PC186400","Packaging","Essential component Part 175","SUP0005","Supplier 5","Mumbai","India","4.57","WH05","Warehouse 5","Central","Mumbai",1074,699,472,-97,2608,11092,47,"534.79","-51874.63",51,"2024-05-16","INV175546","1088.32","On Order","null","Rack-36","2024-10-11","Stock level: 1074 units, Supplier rating: 4.57"
"INV00000425","2024-08-25",2024,11,"PART000176","Part 176","PC809364","Raw Material","Essential component Part 176","SUP0006","Supplier 6","Delhi","India","3.77","WH06","Warehouse 6","North","Delhi",6481,837,306,5338,2262,5505,17,"900.58","4807296.04",74,"2024-06-13","INV895997","9435.34","Available","null","Rack-14","2024-10-25","Stock level: 6481 units, Supplier rating: 3.77"
"INV00000426","2024-12-13",2024,2,"PART000177","Part 177","PC523374","Component","Essential component Part 177","SUP0007","Supplier 7","Bangalore","India","3.32","WH07","Warehouse 7","South","Bangalore",42177,13202,318,28657,4883,8780,57,"907.28","25999922.96",11,"2024-02-07","INV971440","34934.41","Low Stock","null","Rack-19","2024-06-22","Stock level: 42177 units, Supplier rating: 3.32"
"INV00000427","2024-01-19",2024,5,"PART000178","Part 178","PC951791","Subassembly","Essential component Part 178","SUP0008","Supplier 8","Pune","India","2.57","WH08","Warehouse 8","East","Pune",25854,21004,268,4582,3286,11551,10,"138.82","636073.24",30,"2024-06-23","INV420110","31522.18","Out of Stock","null","Rack-42","2024-11-25","Stock level: 25854 units, Supplier rating: 2.57"
"INV00000428","2024-07-24",2024,1,"PART000179","Part 179","PC157939","Tool","Essential component Part 179","SUP0009","Supplier 9","Hyderabad","India","4.77","WH09","Warehouse 9","West","Hyderabad",38812,12438,106,26268,1751,8302,29,"471.13","12375642.84",80,"2024-12-01","INV514782","45823.86","Discontinued","2025-08-24","Rack-29","2024-11-23","Stock level: 38812 units, Supplier rating: 4.77"
"INV00000429","2024-03-17",2024,11,"PART000180","Part 180","PC632208","Packaging","Essential component Part 180","SUP0010","Supplier 10","Chennai","India","4.94","WH10","Warehouse 10","Central","Chennai",28569,24271,488,3810,3350,8428,42,"476.49","1815426.9",72,"2024-04-11","INV513446","3090.58","On Order","null","Rack-19","2024-03-25","Stock level: 28569 units, Supplier rating: 4.94"
"INV00000430","2024-06-03",2024,2,"PART000181","Part 181","PC677208","Raw Material","Essential component Part 181","SUP0011","Supplier 11","Kolkata","India","4.31","WH01","Warehouse 1","North","Kolkata",26283,18935,370,6978,3277,12077,46,"584.55","4078989.9",57,"2024-10-16","INV493186","14724.71","Available","null","Rack-100","2024-11-03","Stock level: 26283 units, Supplier rating: 4.31"
"INV00000431","2024-11-17",2024,7,"PART000182","Part 182","PC340471","Component","Essential component Part 182","SUP0012","Supplier 12","Jaipur","India","2.58","WH02","Warehouse 2","South","Jaipur",28352,22298,56,5998,4412,2355,45,"936.78","5618806.44",34,"2024-06-12","INV810022","11167.86","Low Stock","null","Rack-92","2024-09-26","Stock level: 28352 units, Supplier rating: 2.58"
"INV00000432","2024-12-22",2024,2,"PART000183","Part 183","PC522444","Subassembly","Essential component Part 183","SUP0013","Supplier 13","Mumbai","India","4.88","WH03","Warehouse 3","East","Mumbai",42691,41785,52,854,1103,11164,55,"940.96","803579.84",84,"2024-04-25","INV998523","75361.79","Out of Stock","null","Rack-64","2024-10-11","Stock level: 42691 units, Supplier rating: 4.88"
"INV00000433","2024-03-11",2024,8,"PART000184","Part 184","PC528391","Tool","Essential component Part 184","SUP0014","Supplier 14","Delhi","India","2.61","WH04","Warehouse 4","West","Delhi",44816,1613,271,42932,3983,2674,25,"442.23","18985818.36",43,"2024-02-03","INV419563","3390.24","Discontinued","null","Rack-91","2024-10-27","Stock level: 44816 units, Supplier rating: 2.61"
"INV00000434","2024-05-27",2024,5,"PART000185","Part 185","PC730985","Packaging","Essential component Part 185","SUP0015","Supplier 15","Bangalore","India","4.5","WH05","Warehouse 5","Central","Bangalore",46713,42306,424,3983,1695,15215,17,"138.14","550211.62",47,"2024-11-06","INV820557","17120.58","On Order","null","Rack-36","2024-11-01","Stock level: 46713 units, Supplier rating: 4.5"
"INV00000435","2024-02-17",2024,9,"PART000186","Part 186","PC808818","Raw Material","Essential component Part 186","SUP0016","Supplier 16","Pune","India","4.54","WH06","Warehouse 6","North","Pune",8658,6127,159,2372,1978,6914,59,"613.13","1454344.36",78,"2024-02-25","INV236510","3434.19","Available","2025-12-13","Rack-8","2024-04-16","Stock level: 8658 units, Supplier rating: 4.54"
"INV00000436","2024-07-15",2024,1,"PART000187","Part 187","PC388757","Component","Essential component Part 187","SUP0017","Supplier 17","Hyderabad","India","4.19","WH07","Warehouse 7","South","Hyderabad",8858,700,195,7963,558,1823,8,"339.9","2706623.7",49,"2024-12-21","INV502178","24713.49","Low Stock","null","Rack-62","2024-03-18","Stock level: 8858 units, Supplier rating: 4.19"
"INV00000437","2024-09-08",2024,9,"PART000188","Part 188","PC806232","Subassembly","Essential component Part 188","SUP0018","Supplier 18","Chennai","India","2.96","WH08","Warehouse 8","East","Chennai",2312,1393,276,643,4521,16242,26,"899.35","578282.05",66,"2024-05-19","INV559716","53249.65","Out of Stock","null","Rack-64","2024-03-01","Stock level: 2312 units, Supplier rating: 2.96"
"INV00000438","2024-12-08",2024,8,"PART000189","Part 189","PC209794","Tool","Essential component Part 189","SUP0019","Supplier 19","Kolkata","India","4.91","WH09","Warehouse 9","West","Kolkata",49249,43792,396,5061,989,7704,27,"26.32","133205.52",84,"2024-10-19","INV181549","92370.65","Discontinued","2025-05-11","Rack-23","2024-09-27","Stock level: 49249 units, Supplier rating: 4.91"
"INV00000439","2024-06-25",2024,12,"PART000190","Part 190","PC420051","Packaging","Essential component Part 190","SUP0020","Supplier 20","Jaipur","India","2.62","WH10","Warehouse 10","Central","Jaipur",18249,7187,345,10717,4173,2331,41,"562.04","6023382.68",46,"2024-01-26","INV914005","27529.67","On Order","null","Rack-30","2024-10-05","Stock level: 18249 units, Supplier rating: 2.62"
"INV00000440","2024-04-18",2024,11,"PART000191","Part 191","PC533296","Raw Material","Essential component Part 191","SUP0021","Supplier 21","Mumbai","India","3.82","WH01","Warehouse 1","North","Mumbai",2278,2102,490,-314,4551,1162,36,"259.87","-81599.18",84,"2024-10-07","INV198651","15480.68","Available","null","Rack-87","2024-05-15","Stock level: 2278 units, Supplier rating: 3.82"
"INV00000441","2024-03-17",2024,4,"PART000192","Part 192","PC279029","Component","Essential component Part 192","SUP0022","Supplier 22","Delhi","India","4.72","WH02","Warehouse 2","South","Delhi",9849,1470,43,8336,1505,13356,56,"476.96","3975938.56",21,"2024-11-18","INV397876","80233.07","Low Stock","2025-02-08","Rack-52","2024-08-19","Stock level: 9849 units, Supplier rating: 4.72"
"INV00000442","2024-08-18",2024,4,"PART000193","Part 193","PC497458","Subassembly","Essential component Part 193","SUP0023","Supplier 23","Bangalore","India","4.7","WH03","Warehouse 3","East","Bangalore",45298,13794,357,31147,286,15832,57,"159.21","4958913.87",26,"2024-01-27","INV723920","39835.01","Out of Stock","null","Rack-87","2024-11-07","Stock level: 45298 units, Supplier rating: 4.7"
"INV00000443","2024-08-23",2024,8,"PART000194","Part 194","PC177156","Tool","Essential component Part 194","SUP0024","Supplier 24","Pune","India","2.94","WH04","Warehouse 4","West","Pune",45039,41274,283,3482,1042,18612,44,"636.93","2217790.26",34,"2024-03-02","INV475506","82157.27","Discontinued","2025-07-17","Rack-37","2024-11-10","Stock level: 45039 units, Supplier rating: 2.94"
"INV00000444","2024-10-07",2024,12,"PART000195","Part 195","PC673409","Packaging","Essential component Part 195","SUP0025","Supplier 25","Hyderabad","India","3.69","WH05","Warehouse 5","Central","Hyderabad",20626,19554,260,812,1768,14749,22,"454.25","368851",29,"2024-04-25","INV212572","23790.87","On Order","null","Rack-85","2024-01-18","Stock level: 20626 units, Supplier rating: 3.69"
"INV00000445","2024-04-27",2024,10,"PART000196","Part 196","PC132953","Raw Material","Essential component Part 196","SUP0026","Supplier 26","Chennai","India","2.43","WH06","Warehouse 6","North","Chennai",28465,19261,493,8711,493,10354,21,"483.9","4215252.9",57,"2024-03-08","INV725926","69734.23","Available","null","Rack-36","2024-01-25","Stock level: 28465 units, Supplier rating: 2.43"
"INV00000446","2024-06-24",2024,1,"PART000197","Part 197","PC454009","Component","Essential component Part 197","SUP0027","Supplier 27","Kolkata","India","4.1","WH07","Warehouse 7","South","Kolkata",34945,10698,461,23786,4992,17702,54,"470.95","11202016.7",40,"2024-09-19","INV485415","51694.87","Low Stock","null","Rack-60","2024-05-19","Stock level: 34945 units, Supplier rating: 4.1"
"INV00000447","2024-09-21",2024,3,"PART000198","Part 198","PC215641","Subassembly","Essential component Part 198","SUP0028","Supplier 28","Jaipur","India","2.18","WH08","Warehouse 8","East","Jaipur",26967,21267,313,5387,1199,2942,40,"178.86","963518.82",48,"2024-04-19","INV172356","47109.18","Out of Stock","null","Rack-24","2024-09-08","Stock level: 26967 units, Supplier rating: 2.18"
"INV00000448","2024-11-20",2024,7,"PART000199","Part 199","PC300044","Tool","Essential component Part 199","SUP0029","Supplier 29","Mumbai","India","4.73","WH09","Warehouse 9","West","Mumbai",25275,647,230,24398,1336,7504,56,"771.69","18827692.62",79,"2024-11-15","INV964490","88859.09","Discontinued","null","Rack-73","2024-06-27","Stock level: 25275 units, Supplier rating: 4.73"
"INV00000449","2024-08-01",2024,6,"PART000200","Part 200","PC659882","Packaging","Essential component Part 200","SUP0030","Supplier 30","Delhi","India","3.28","WH10","Warehouse 10","Central","Delhi",30554,19459,442,10653,2308,1047,60,"301.67","3213690.51",9,"2024-05-25","INV292316","91442.34","On Order","null","Rack-99","2024-01-02","Stock level: 30554 units, Supplier rating: 3.28"
"INV00000450","2024-12-02",2024,1,"PART000201","Part 201","PC901083","Raw Material","Essential component Part 201","SUP0031","Supplier 31","Bangalore","India","3.17","WH01","Warehouse 1","North","Bangalore",1245,555,430,260,448,17026,49,"450.25","117065",30,"2024-12-15","INV952204","27739.29","Available","2025-02-26","Rack-26","2024-11-22","Stock level: 1245 units, Supplier rating: 3.17"
"INV00000451","2024-03-27",2024,12,"PART000202","Part 202","PC179203","Component","Essential component Part 202","SUP0032","Supplier 32","Pune","India","4.19","WH02","Warehouse 2","South","Pune",26395,24850,186,1359,776,9011,18,"269.06","365652.54",83,"2024-01-10","INV156906","8855.76","Low Stock","2025-02-17","Rack-96","2024-07-24","Stock level: 26395 units, Supplier rating: 4.19"
"INV00000452","2024-12-11",2024,9,"PART000203","Part 203","PC898928","Subassembly","Essential component Part 203","SUP0033","Supplier 33","Hyderabad","India","4.88","WH03","Warehouse 3","East","Hyderabad",11052,6808,243,4001,486,10936,52,"810.82","3244090.82",49,"2024-01-05","INV907789","87079.49","Out of Stock","2025-11-28","Rack-81","2024-07-12","Stock level: 11052 units, Supplier rating: 4.88"
"INV00000453","2024-06-11",2024,6,"PART000204","Part 204","PC356003","Tool","Essential component Part 204","SUP0034","Supplier 34","Chennai","India","4.2","WH04","Warehouse 4","West","Chennai",45880,24275,202,21403,4422,10894,42,"877.17","18774069.51",46,"2024-01-11","INV308720","65617.03","Discontinued","null","Rack-68","2024-01-06","Stock level: 45880 units, Supplier rating: 4.2"
"INV00000454","2024-10-24",2024,4,"PART000205","Part 205","PC491541","Packaging","Essential component Part 205","SUP0035","Supplier 35","Kolkata","India","3.19","WH05","Warehouse 5","Central","Kolkata",48671,38298,445,9928,2603,11775,6,"409.87","4069189.36",12,"2024-03-13","INV507311","29817.07","On Order","null","Rack-35","2024-05-11","Stock level: 48671 units, Supplier rating: 3.19"
"INV00000455","2024-06-02",2024,3,"PART000206","Part 206","PC274584","Raw Material","Essential component Part 206","SUP0036","Supplier 36","Jaipur","India","2.33","WH06","Warehouse 6","North","Jaipur",47533,21880,326,25327,4699,13431,52,"37.89","959640.03",6,"2024-04-23","INV733849","11092.3","Available","null","Rack-43","2024-01-03","Stock level: 47533 units, Supplier rating: 2.33"
"INV00000456","2024-10-07",2024,9,"PART000207","Part 207","PC474499","Component","Essential component Part 207","SUP0037","Supplier 37","Mumbai","India","3.75","WH07","Warehouse 7","South","Mumbai",40902,18849,336,21717,4248,2357,16,"71.79","1559063.43",37,"2024-02-03","INV729791","33561.32","Low Stock","null","Rack-76","2024-08-08","Stock level: 40902 units, Supplier rating: 3.75"
"INV00000457","2024-07-20",2024,9,"PART000208","Part 208","PC118196","Subassembly","Essential component Part 208","SUP0038","Supplier 38","Delhi","India","2.38","WH08","Warehouse 8","East","Delhi",21624,9537,404,11683,852,8930,20,"644.36","7528057.88",45,"2024-09-16","INV307583","93935.95","Out of Stock","2025-01-11","Rack-28","2024-09-21","Stock level: 21624 units, Supplier rating: 2.38"
"INV00000458","2024-02-17",2024,3,"PART000209","Part 209","PC461391","Tool","Essential component Part 209","SUP0039","Supplier 39","Bangalore","India","3.91","WH09","Warehouse 9","West","Bangalore",13622,4169,203,9250,4515,12985,50,"408.73","3780752.5",69,"2024-11-05","INV837151","99754.96","Discontinued","null","Rack-54","2024-04-22","Stock level: 13622 units, Supplier rating: 3.91"
"INV00000459","2024-10-03",2024,5,"PART000210","Part 210","PC264744","Packaging","Essential component Part 210","SUP0040","Supplier 40","Pune","India","2.33","WH10","Warehouse 10","Central","Pune",38817,1389,67,37361,4505,13166,36,"223.7","8357655.7",13,"2024-02-09","INV784207","78688.63","On Order","null","Rack-19","2024-01-02","Stock level: 38817 units, Supplier rating: 2.33"
"INV00000460","2024-01-23",2024,8,"PART000211","Part 211","PC792884","Raw Material","Essential component Part 211","SUP0041","Supplier 41","Hyderabad","India","3.44","WH01","Warehouse 1","North","Hyderabad",45370,7803,105,37462,2576,10335,51,"716.8","26852761.6",58,"2024-01-26","INV189991","87229.27","Available","null","Rack-40","2024-09-27","Stock level: 45370 units, Supplier rating: 3.44"
"INV00000461","2024-02-12",2024,9,"PART000212","Part 212","PC429029","Component","Essential component Part 212","SUP0042","Supplier 42","Chennai","India","2.35","WH02","Warehouse 2","South","Chennai",26769,18258,283,8228,4912,13082,12,"568.8","4680086.4",79,"2024-11-08","INV376642","32833.19","Low Stock","2025-06-12","Rack-85","2024-03-24","Stock level: 26769 units, Supplier rating: 2.35"
"INV00000462","2024-09-12",2024,12,"PART000213","Part 213","PC535849","Subassembly","Essential component Part 213","SUP0043","Supplier 43","Kolkata","India","4.84","WH03","Warehouse 3","East","Kolkata",39912,26680,146,13086,4686,1277,49,"164.32","2150291.52",11,"2024-09-15","INV388787","16447.35","Out of Stock","2025-06-14","Rack-87","2024-03-15","Stock level: 39912 units, Supplier rating: 4.84"
"INV00000463","2024-01-02",2024,4,"PART000214","Part 214","PC493258","Tool","Essential component Part 214","SUP0044","Supplier 44","Jaipur","India","2.95","WH04","Warehouse 4","West","Jaipur",36255,11397,402,24456,3190,18634,29,"454.96","11126501.76",14,"2024-03-25","INV540717","95011.65","Discontinued","null","Rack-6","2024-03-01","Stock level: 36255 units, Supplier rating: 2.95"
"INV00000464","2024-04-16",2024,10,"PART000215","Part 215","PC631162","Packaging","Essential component Part 215","SUP0045","Supplier 45","Mumbai","India","3.64","WH05","Warehouse 5","Central","Mumbai",19943,15304,122,4517,2013,847,50,"705.79","3188053.43",38,"2024-02-28","INV943295","96012.41","On Order","2025-06-09","Rack-25","2024-12-27","Stock level: 19943 units, Supplier rating: 3.64"
"INV00000465","2024-01-25",2024,1,"PART000216","Part 216","PC222665","Raw Material","Essential component Part 216","SUP0046","Supplier 46","Delhi","India","4.19","WH06","Warehouse 6","North","Delhi",31399,10329,108,20962,4114,19530,52,"248.77","5214716.74",80,"2024-09-27","INV870661","52181.36","Available","null","Rack-63","2024-10-01","Stock level: 31399 units, Supplier rating: 4.19"
"INV00000466","2024-12-14",2024,2,"PART000217","Part 217","PC273677","Component","Essential component Part 217","SUP0047","Supplier 47","Bangalore","India","2.76","WH07","Warehouse 7","South","Bangalore",27653,18239,487,8927,224,3964,20,"803.87","7176147.49",40,"2024-02-17","INV620031","40703.96","Low Stock","null","Rack-11","2024-11-22","Stock level: 27653 units, Supplier rating: 2.76"
"INV00000467","2024-01-06",2024,11,"PART000218","Part 218","PC614121","Subassembly","Essential component Part 218","SUP0048","Supplier 48","Pune","India","4.64","WH08","Warehouse 8","East","Pune",28603,5467,277,22859,3838,3788,46,"347.37","7940530.83",82,"2024-09-07","INV851529","34146.51","Out of Stock","null","Rack-90","2024-10-03","Stock level: 28603 units, Supplier rating: 4.64"
"INV00000468","2024-01-05",2024,8,"PART000219","Part 219","PC262164","Tool","Essential component Part 219","SUP0049","Supplier 49","Hyderabad","India","3.84","WH09","Warehouse 9","West","Hyderabad",14557,12404,474,1679,889,3655,21,"186.87","313754.73",47,"2024-08-19","INV485095","67434.66","Discontinued","null","Rack-1","2024-10-09","Stock level: 14557 units, Supplier rating: 3.84"
"INV00000469","2024-06-04",2024,7,"PART000220","Part 220","PC711614","Packaging","Essential component Part 220","SUP0050","Supplier 50","Chennai","India","4.56","WH10","Warehouse 10","Central","Chennai",41417,14655,385,26377,2716,10113,48,"379.55","10011390.35",87,"2024-11-17","INV141898","11317.49","On Order","null","Rack-29","2024-08-05","Stock level: 41417 units, Supplier rating: 4.56"
"INV00000470","2024-12-21",2024,9,"PART000221","Part 221","PC499842","Raw Material","Essential component Part 221","SUP0051","Supplier 51","Kolkata","India","2.46","WH01","Warehouse 1","North","Kolkata",26206,23589,228,2389,3001,13590,21,"961.57","2297190.73",53,"2024-03-25","INV812247","91659.57","Available","null","Rack-88","2024-05-02","Stock level: 26206 units, Supplier rating: 2.46"
"INV00000471","2024-08-23",2024,8,"PART000222","Part 222","PC722004","Component","Essential component Part 222","SUP0052","Supplier 52","Jaipur","India","3.83","WH02","Warehouse 2","South","Jaipur",6015,2155,268,3592,103,18497,30,"23.79","85453.68",61,"2024-09-25","INV698581","33587.64","Low Stock","null","Rack-59","2024-12-25","Stock level: 6015 units, Supplier rating: 3.83"
"INV00000472","2024-09-01",2024,10,"PART000223","Part 223","PC317986","Subassembly","Essential component Part 223","SUP0053","Supplier 53","Mumbai","India","2.09","WH03","Warehouse 3","East","Mumbai",20958,16541,435,3982,1167,7224,54,"755.55","3008600.1",59,"2024-12-06","INV568311","23090.93","Out of Stock","null","Rack-87","2024-04-12","Stock level: 20958 units, Supplier rating: 2.09"
"INV00000473","2024-12-11",2024,9,"PART000224","Part 224","PC639658","Tool","Essential component Part 224","SUP0054","Supplier 54","Delhi","India","3.21","WH04","Warehouse 4","West","Delhi",46921,41640,173,5108,956,9578,8,"398.65","2036304.2",71,"2024-10-09","INV255100","86863.17","Discontinued","null","Rack-81","2024-06-02","Stock level: 46921 units, Supplier rating: 3.21"
"INV00000474","2024-11-17",2024,12,"PART000225","Part 225","PC277581","Packaging","Essential component Part 225","SUP0055","Supplier 55","Bangalore","India","2.91","WH05","Warehouse 5","Central","Bangalore",11799,7378,176,4245,4334,12849,58,"953.85","4049093.25",89,"2024-05-12","INV597046","99743.77","On Order","2025-03-15","Rack-10","2024-02-07","Stock level: 11799 units, Supplier rating: 2.91"
"INV00000475","2024-12-03",2024,6,"PART000226","Part 226","PC611075","Raw Material","Essential component Part 226","SUP0056","Supplier 56","Pune","India","2.1","WH06","Warehouse 6","North","Pune",19753,14571,474,4708,4184,12653,47,"681.44","3208219.52",50,"2024-08-20","INV709246","72786.92","Available","null","Rack-22","2024-02-21","Stock level: 19753 units, Supplier rating: 2.1"
"INV00000476","2024-03-05",2024,5,"PART000227","Part 227","PC621940","Component","Essential component Part 227","SUP0057","Supplier 57","Hyderabad","India","4.85","WH07","Warehouse 7","South","Hyderabad",34680,5966,18,28696,2071,688,5,"998.5","28652956",62,"2024-11-08","INV582683","12146.36","Low Stock","2025-01-08","Rack-99","2024-04-19","Stock level: 34680 units, Supplier rating: 4.85"
"INV00000477","2024-01-28",2024,4,"PART000228","Part 228","PC508289","Subassembly","Essential component Part 228","SUP0058","Supplier 58","Chennai","India","4.66","WH08","Warehouse 8","East","Chennai",44451,26778,22,17651,2632,9128,32,"430.19","7593283.69",61,"2024-01-01","INV621378","65455.88","Out of Stock","2025-12-17","Rack-81","2024-06-02","Stock level: 44451 units, Supplier rating: 4.66"
"INV00000478","2024-02-11",2024,2,"PART000229","Part 229","PC580049","Tool","Essential component Part 229","SUP0059","Supplier 59","Kolkata","India","2.43","WH09","Warehouse 9","West","Kolkata",4842,1520,492,2830,4160,8213,56,"22.22","62882.6",64,"2024-08-11","INV336719","50336.42","Discontinued","null","Rack-29","2024-04-23","Stock level: 4842 units, Supplier rating: 2.43"
"INV00000479","2024-07-10",2024,1,"PART000230","Part 230","PC418176","Packaging","Essential component Part 230","SUP0060","Supplier 60","Jaipur","India","2.81","WH10","Warehouse 10","Central","Jaipur",24798,21856,64,2878,224,16642,16,"350.36","1008336.08",77,"2024-05-14","INV485371","15591.97","On Order","2025-06-28","Rack-18","2024-09-06","Stock level: 24798 units, Supplier rating: 2.81"
"INV00000480","2024-03-17",2024,10,"PART000231","Part 231","PC739992","Raw Material","Essential component Part 231","SUP0001","Supplier 1","Mumbai","India","3.11","WH01","Warehouse 1","North","Mumbai",13472,3028,181,10263,2912,5517,28,"440.01","4515822.63",60,"2024-03-23","INV131377","38127.74","Available","2025-04-28","Rack-70","2024-11-22","Stock level: 13472 units, Supplier rating: 3.11"
"INV00000481","2024-12-16",2024,6,"PART000232","Part 232","PC811679","Component","Essential component Part 232","SUP0002","Supplier 2","Delhi","India","4.79","WH02","Warehouse 2","South","Delhi",8347,2983,198,5166,4520,6083,58,"85.35","440918.1",66,"2024-02-12","INV543434","33406.09","Low Stock","null","Rack-19","2024-03-15","Stock level: 8347 units, Supplier rating: 4.79"
"INV00000482","2024-08-16",2024,2,"PART000233","Part 233","PC742719","Subassembly","Essential component Part 233","SUP0003","Supplier 3","Bangalore","India","4.34","WH03","Warehouse 3","East","Bangalore",37943,35432,184,2327,4450,725,15,"225.87","525599.49",51,"2024-10-07","INV464593","9426.3","Out of Stock","null","Rack-68","2024-12-07","Stock level: 37943 units, Supplier rating: 4.34"
"INV00000483","2024-03-23",2024,11,"PART000234","Part 234","PC413989","Tool","Essential component Part 234","SUP0004","Supplier 4","Pune","India","2.35","WH04","Warehouse 4","West","Pune",32542,19041,387,13114,2006,19168,59,"10.05","131795.7",72,"2024-05-20","INV112143","63255.23","Discontinued","null","Rack-56","2024-09-13","Stock level: 32542 units, Supplier rating: 2.35"
"INV00000484","2024-03-11",2024,10,"PART000235","Part 235","PC925166","Packaging","Essential component Part 235","SUP0005","Supplier 5","Hyderabad","India","4.49","WH05","Warehouse 5","Central","Hyderabad",13818,3307,416,10095,2518,9260,57,"350.12","3534461.4",50,"2024-03-07","INV825568","28002.94","On Order","null","Rack-65","2024-11-03","Stock level: 13818 units, Supplier rating: 4.49"
"INV00000485","2024-03-06",2024,10,"PART000236","Part 236","PC942701","Raw Material","Essential component Part 236","SUP0006","Supplier 6","Chennai","India","4.06","WH06","Warehouse 6","North","Chennai",13913,11303,388,2222,1553,5203,34,"187.62","416891.64",6,"2024-08-19","INV373148","43911.63","Available","2025-01-18","Rack-15","2024-06-05","Stock level: 13913 units, Supplier rating: 4.06"
"INV00000486","2024-02-08",2024,4,"PART000237","Part 237","PC218197","Component","Essential component Part 237","SUP0007","Supplier 7","Kolkata","India","3.94","WH07","Warehouse 7","South","Kolkata",48211,8281,131,39799,3982,18889,23,"667.3","26557872.7",6,"2024-11-27","INV124726","74075.95","Low Stock","null","Rack-48","2024-04-02","Stock level: 48211 units, Supplier rating: 3.94"
"INV00000487","2024-02-04",2024,5,"PART000238","Part 238","PC370842","Subassembly","Essential component Part 238","SUP0008","Supplier 8","Jaipur","India","2.14","WH08","Warehouse 8","East","Jaipur",39466,2229,190,37047,4464,9960,22,"833.24","30869042.28",26,"2024-01-11","INV406871","49029.45","Out of Stock","null","Rack-7","2024-06-14","Stock level: 39466 units, Supplier rating: 2.14"
"INV00000488","2024-06-13",2024,5,"PART000239","Part 239","PC859387","Tool","Essential component Part 239","SUP0009","Supplier 9","Mumbai","India","3.47","WH09","Warehouse 9","West","Mumbai",15882,3167,366,12349,2624,1861,18,"243.45","3006364.05",72,"2024-11-17","INV893771","39193.71","Discontinued","null","Rack-25","2024-07-20","Stock level: 15882 units, Supplier rating: 3.47"
"INV00000489","2024-08-05",2024,5,"PART000240","Part 240","PC171273","Packaging","Essential component Part 240","SUP0010","Supplier 10","Delhi","India","4.04","WH10","Warehouse 10","Central","Delhi",38974,38939,27,8,4988,19470,37,"257.89","2063.12",22,"2024-06-21","INV373153","11256.95","On Order","2025-02-17","Rack-95","2024-04-02","Stock level: 38974 units, Supplier rating: 4.04"
"INV00000490","2024-02-14",2024,8,"PART000241","Part 241","PC199080","Raw Material","Essential component Part 241","SUP0011","Supplier 11","Bangalore","India","3.75","WH01","Warehouse 1","North","Bangalore",397,121,437,-161,4452,16115,51,"35.93","-5784.73",48,"2024-11-16","INV199885","38285.74","Available","null","Rack-80","2024-08-02","Stock level: 397 units, Supplier rating: 3.75"
"INV00000491","2024-06-13",2024,10,"PART000242","Part 242","PC271880","Component","Essential component Part 242","SUP0012","Supplier 12","Pune","India","4.94","WH02","Warehouse 2","South","Pune",38187,18989,405,18793,4168,3900,39,"542.31","10191631.83",26,"2024-02-09","INV958941","8556.86","Low Stock","2025-12-10","Rack-88","2024-03-25","Stock level: 38187 units, Supplier rating: 4.94"
"INV00000492","2024-05-28",2024,8,"PART000243","Part 243","PC567595","Subassembly","Essential component Part 243","SUP0013","Supplier 13","Hyderabad","India","2.83","WH03","Warehouse 3","East","Hyderabad",18993,10970,128,7895,1156,17085,22,"894.09","7058840.55",78,"2024-08-22","INV776615","33909.28","Out of Stock","2025-12-17","Rack-8","2024-05-09","Stock level: 18993 units, Supplier rating: 2.83"
"INV00000493","2024-04-27",2024,7,"PART000244","Part 244","PC989630","Tool","Essential component Part 244","SUP0014","Supplier 14","Chennai","India","2.02","WH04","Warehouse 4","West","Chennai",4816,147,466,4203,244,16271,16,"864.27","3632526.81",75,"2024-03-23","INV375601","63276.66","Discontinued","2025-11-03","Rack-16","2024-10-22","Stock level: 4816 units, Supplier rating: 2.02"
"INV00000494","2024-07-22",2024,10,"PART000245","Part 245","PC316903","Packaging","Essential component Part 245","SUP0015","Supplier 15","Kolkata","India","2.94","WH05","Warehouse 5","Central","Kolkata",43337,3713,377,39247,2141,13612,20,"464.6","18234156.2",17,"2024-02-21","INV252721","53907.44","On Order","2025-04-24","Rack-7","2024-12-19","Stock level: 43337 units, Supplier rating: 2.94"
"INV00000495","2024-11-25",2024,4,"PART000246","Part 246","PC827927","Raw Material","Essential component Part 246","SUP0016","Supplier 16","Jaipur","India","3.11","WH06","Warehouse 6","North","Jaipur",5989,3984,119,1886,4265,2507,27,"712.78","1344303.08",36,"2024-07-08","INV197816","43735.19","Available","2025-07-05","Rack-10","2024-03-24","Stock level: 5989 units, Supplier rating: 3.11"
"INV00000496","2024-01-26",2024,7,"PART000247","Part 247","PC656445","Component","Essential component Part 247","SUP0017","Supplier 17","Mumbai","India","4.74","WH07","Warehouse 7","South","Mumbai",5474,1115,145,4214,1490,16054,40,"953.31","4017248.34",83,"2024-06-25","INV294763","63287.99","Low Stock","null","Rack-9","2024-11-21","Stock level: 5474 units, Supplier rating: 4.74"
"INV00000497","2024-03-06",2024,8,"PART000248","Part 248","PC398376","Subassembly","Essential component Part 248","SUP0018","Supplier 18","Delhi","India","4.73","WH08","Warehouse 8","East","Delhi",49542,19965,254,29323,1348,16808,60,"872.43","25582264.89",51,"2024-02-25","INV119220","81461.74","Out of Stock","null","Rack-90","2024-03-27","Stock level: 49542 units, Supplier rating: 4.73"
"INV00000498","2024-05-08",2024,1,"PART000249","Part 249","PC997101","Tool","Essential component Part 249","SUP0019","Supplier 19","Bangalore","India","3.01","WH09","Warehouse 9","West","Bangalore",302,5,108,189,1909,6027,36,"67.76","12806.64",64,"2024-08-05","INV449397","81865.07","Discontinued","null","Rack-70","2024-09-12","Stock level: 302 units, Supplier rating: 3.01"
"INV00000499","2024-04-07",2024,12,"PART000250","Part 250","PC535909","Packaging","Essential component Part 250","SUP0020","Supplier 20","Pune","India","2.78","WH10","Warehouse 10","Central","Pune",31441,30865,242,334,3966,5411,32,"992","331328",41,"2024-03-27","INV957248","84382.06","On Order","null","Rack-6","2024-02-08","Stock level: 31441 units, Supplier rating: 2.78"
"INV00000500","2024-07-20",2024,1,"PART000001","Part 1","PC836995","Raw Material","Essential component Part 1","SUP0021","Supplier 21","Hyderabad","India","3.07","WH01","Warehouse 1","North","Hyderabad",39252,17551,449,21252,252,18525,25,"521.24","11077392.48",50,"2024-01-12","INV809628","87739.21","Available","null","Rack-88","2024-10-06","Stock level: 39252 units, Supplier rating: 3.07"
"INV00000501","2024-07-27",2024,2,"PART000002","Part 2","PC257419","Component","Essential component Part 2","SUP0022","Supplier 22","Chennai","India","4.05","WH02","Warehouse 2","South","Chennai",28865,28190,270,405,2212,10260,24,"443.96","179803.8",85,"2024-05-24","INV139436","90343.09","Low Stock","null","Rack-40","2024-10-08","Stock level: 28865 units, Supplier rating: 4.05"
"INV00000502","2024-09-21",2024,10,"PART000003","Part 3","PC706370","Subassembly","Essential component Part 3","SUP0023","Supplier 23","Kolkata","India","3.03","WH03","Warehouse 3","East","Kolkata",8114,6646,46,1422,4347,8737,44,"763.4","1085554.8",27,"2024-01-27","INV355971","97436.8","Out of Stock","null","Rack-70","2024-09-23","Stock level: 8114 units, Supplier rating: 3.03"
"INV00000503","2024-05-06",2024,7,"PART000004","Part 4","PC666772","Tool","Essential component Part 4","SUP0024","Supplier 24","Jaipur","India","2.44","WH04","Warehouse 4","West","Jaipur",41736,34958,109,6669,4744,19768,34,"211.24","1408759.56",40,"2024-08-18","INV807908","96001.1","Discontinued","null","Rack-45","2024-10-12","Stock level: 41736 units, Supplier rating: 2.44"
"INV00000504","2024-08-16",2024,8,"PART000005","Part 5","PC430609","Packaging","Essential component Part 5","SUP0025","Supplier 25","Mumbai","India","2.73","WH05","Warehouse 5","Central","Mumbai",48061,43990,146,3925,4731,8235,31,"130.69","512958.25",37,"2024-09-01","INV314363","40808.4","On Order","null","Rack-65","2024-10-01","Stock level: 48061 units, Supplier rating: 2.73"
"INV00000505","2024-02-26",2024,7,"PART000006","Part 6","PC511822","Raw Material","Essential component Part 6","SUP0026","Supplier 26","Delhi","India","3.04","WH06","Warehouse 6","North","Delhi",36563,30770,66,5727,3487,5711,59,"426.11","2440331.97",19,"2024-10-01","INV514422","53578.58","Available","null","Rack-81","2024-03-22","Stock level: 36563 units, Supplier rating: 3.04"
"INV00000506","2024-05-18",2024,9,"PART000007","Part 7","PC290185","Component","Essential component Part 7","SUP0027","Supplier 27","Bangalore","India","4.1","WH07","Warehouse 7","South","Bangalore",36628,10098,437,26093,2504,5774,8,"361.13","9422965.09",20,"2024-08-09","INV639262","7390.54","Low Stock","null","Rack-82","2024-12-07","Stock level: 36628 units, Supplier rating: 4.1"
"INV00000507","2024-05-12",2024,5,"PART000008","Part 8","PC390895","Subassembly","Essential component Part 8","SUP0028","Supplier 28","Pune","India","3.52","WH08","Warehouse 8","East","Pune",24791,5521,3,19267,535,2556,57,"473.64","9125621.88",50,"2024-10-06","INV263636","60566.98","Out of Stock","2025-06-28","Rack-16","2024-11-17","Stock level: 24791 units, Supplier rating: 3.52"
"INV00000508","2024-10-02",2024,4,"PART000009","Part 9","PC308031","Tool","Essential component Part 9","SUP0029","Supplier 29","Hyderabad","India","3.97","WH09","Warehouse 9","West","Hyderabad",20022,2223,68,17731,2367,2803,7,"83.43","1479297.33",68,"2024-06-13","INV108819","42359.1","Discontinued","null","Rack-15","2024-07-03","Stock level: 20022 units, Supplier rating: 3.97"
"INV00000509","2024-04-25",2024,3,"PART000010","Part 10","PC466869","Packaging","Essential component Part 10","SUP0030","Supplier 30","Chennai","India","3.45","WH10","Warehouse 10","Central","Chennai",14070,13339,54,677,2803,15150,34,"888.77","601697.29",49,"2024-06-14","INV540013","11331.14","On Order","null","Rack-51","2024-04-18","Stock level: 14070 units, Supplier rating: 3.45"
"INV00000510","2024-10-26",2024,6,"PART000011","Part 11","PC452822","Raw Material","Essential component Part 11","SUP0031","Supplier 31","Kolkata","India","3.85","WH01","Warehouse 1","North","Kolkata",20823,15621,47,5155,3119,7322,53,"656.08","3382092.4",27,"2024-09-02","INV177938","75456.73","Available","null","Rack-1","2024-09-20","Stock level: 20823 units, Supplier rating: 3.85"
"INV00000511","2024-06-04",2024,12,"PART000012","Part 12","PC944121","Component","Essential component Part 12","SUP0032","Supplier 32","Jaipur","India","4.56","WH02","Warehouse 2","South","Jaipur",42451,7768,236,34447,4211,17550,33,"869.28","29944088.16",27,"2024-04-10","INV861493","85944.34","Low Stock","2025-11-19","Rack-6","2024-06-24","Stock level: 42451 units, Supplier rating: 4.56"
"INV00000512","2024-03-13",2024,8,"PART000013","Part 13","PC510671","Subassembly","Essential component Part 13","SUP0033","Supplier 33","Mumbai","India","2.61","WH03","Warehouse 3","East","Mumbai",15003,8432,91,6480,1343,12179,33,"914.89","5928487.2",79,"2024-05-28","INV326353","55982.28","Out of Stock","null","Rack-67","2024-07-02","Stock level: 15003 units, Supplier rating: 2.61"
"INV00000513","2024-05-02",2024,2,"PART000014","Part 14","PC318569","Tool","Essential component Part 14","SUP0034","Supplier 34","Delhi","India","4.4","WH04","Warehouse 4","West","Delhi",5058,2329,289,2440,2994,17421,37,"406.29","991347.6",43,"2024-11-16","INV988420","71602.98","Discontinued","null","Rack-75","2024-05-04","Stock level: 5058 units, Supplier rating: 4.4"
"INV00000514","2024-10-23",2024,5,"PART000015","Part 15","PC252307","Packaging","Essential component Part 15","SUP0035","Supplier 35","Bangalore","India","3.64","WH05","Warehouse 5","Central","Bangalore",34357,11462,149,22746,2892,19659,9,"763.63","17369527.98",87,"2024-08-04","INV750175","67052.59","On Order","null","Rack-96","2024-04-22","Stock level: 34357 units, Supplier rating: 3.64"
"INV00000515","2024-12-09",2024,10,"PART000016","Part 16","PC910740","Raw Material","Essential component Part 16","SUP0036","Supplier 36","Pune","India","4.11","WH06","Warehouse 6","North","Pune",41782,39256,259,2267,2512,8350,42,"539.27","1222525.09",67,"2024-08-28","INV874672","1927.44","Available","null","Rack-1","2024-05-07","Stock level: 41782 units, Supplier rating: 4.11"
"INV00000516","2024-05-12",2024,12,"PART000017","Part 17","PC435850","Component","Essential component Part 17","SUP0037","Supplier 37","Hyderabad","India","2.42","WH07","Warehouse 7","South","Hyderabad",22943,2449,431,20063,3295,6463,9,"138.84","2785546.92",9,"2024-08-28","INV320736","37291.93","Low Stock","null","Rack-88","2024-08-21","Stock level: 22943 units, Supplier rating: 2.42"
"INV00000517","2024-05-01",2024,5,"PART000018","Part 18","PC995309","Subassembly","Essential component Part 18","SUP0038","Supplier 38","Chennai","India","3.02","WH08","Warehouse 8","East","Chennai",49441,36660,43,12738,4489,4802,57,"873.75","11129827.5",58,"2024-05-03","INV267742","50405.59","Out of Stock","2025-03-23","Rack-77","2024-11-07","Stock level: 49441 units, Supplier rating: 3.02"
"INV00000518","2024-05-18",2024,3,"PART000019","Part 19","PC683199","Tool","Essential component Part 19","SUP0039","Supplier 39","Kolkata","India","3.38","WH09","Warehouse 9","West","Kolkata",38877,16185,85,22607,1102,18603,60,"355.39","8034301.73",44,"2024-05-05","INV291564","42555.95","Discontinued","null","Rack-90","2024-09-15","Stock level: 38877 units, Supplier rating: 3.38"
"INV00000519","2024-09-27",2024,3,"PART000020","Part 20","PC228646","Packaging","Essential component Part 20","SUP0040","Supplier 40","Jaipur","India","2.11","WH10","Warehouse 10","Central","Jaipur",37980,360,211,37409,2319,9917,54,"681.52","25494981.68",52,"2024-03-04","INV624660","65461.61","On Order","null","Rack-72","2024-11-28","Stock level: 37980 units, Supplier rating: 2.11"
"INV00000520","2024-11-19",2024,7,"PART000021","Part 21","PC562595","Raw Material","Essential component Part 21","SUP0041","Supplier 41","Mumbai","India","4.8","WH01","Warehouse 1","North","Mumbai",36161,35091,432,638,3966,12629,48,"218.88","139645.44",49,"2024-01-23","INV159197","61275.51","Available","null","Rack-64","2024-09-28","Stock level: 36161 units, Supplier rating: 4.8"
"INV00000521","2024-07-23",2024,7,"PART000022","Part 22","PC858797","Component","Essential component Part 22","SUP0042","Supplier 42","Delhi","India","2.58","WH02","Warehouse 2","South","Delhi",1912,793,82,1037,812,10174,52,"491.28","509457.36",34,"2024-11-16","INV240758","86812.69","Low Stock","null","Rack-30","2024-12-27","Stock level: 1912 units, Supplier rating: 2.58"
"INV00000522","2024-02-28",2024,3,"PART000023","Part 23","PC793555","Subassembly","Essential component Part 23","SUP0043","Supplier 43","Bangalore","India","3.88","WH03","Warehouse 3","East","Bangalore",30610,12683,445,17482,1916,16753,13,"498.33","8711805.06",65,"2024-12-12","INV800678","93421.65","Out of Stock","2025-01-10","Rack-40","2024-01-25","Stock level: 30610 units, Supplier rating: 3.88"
"INV00000523","2024-08-27",2024,8,"PART000024","Part 24","PC658649","Tool","Essential component Part 24","SUP0044","Supplier 44","Pune","India","4.67","WH04","Warehouse 4","West","Pune",47337,19726,349,27262,3350,14034,37,"779.19","21242277.78",24,"2024-01-15","INV355581","60024.05","Discontinued","null","Rack-27","2024-09-21","Stock level: 47337 units, Supplier rating: 4.67"
"INV00000524","2024-07-08",2024,3,"PART000025","Part 25","PC962460","Packaging","Essential component Part 25","SUP0045","Supplier 45","Hyderabad","India","2.87","WH05","Warehouse 5","Central","Hyderabad",13909,1657,70,12182,4473,1805,34,"424.51","5171380.82",71,"2024-07-03","INV848214","53318.64","On Order","null","Rack-24","2024-12-27","Stock level: 13909 units, Supplier rating: 2.87"
"INV00000525","2024-07-23",2024,5,"PART000026","Part 26","PC339193","Raw Material","Essential component Part 26","SUP0046","Supplier 46","Chennai","India","3.67","WH06","Warehouse 6","North","Chennai",18964,11485,43,7436,3033,13273,30,"257.8","1917000.8",63,"2024-05-28","INV706684","12762.97","Available","null","Rack-87","2024-11-22","Stock level: 18964 units, Supplier rating: 3.67"
"INV00000526","2024-11-13",2024,6,"PART000027","Part 27","PC322199","Component","Essential component Part 27","SUP0047","Supplier 47","Kolkata","India","4.37","WH07","Warehouse 7","South","Kolkata",7178,4702,113,2363,4514,18879,53,"652.92","1542849.96",24,"2024-05-17","INV264086","68946.91","Low Stock","2025-09-04","Rack-23","2024-12-15","Stock level: 7178 units, Supplier rating: 4.37"
"INV00000527","2024-12-07",2024,10,"PART000028","Part 28","PC276658","Subassembly","Essential component Part 28","SUP0048","Supplier 48","Jaipur","India","4.97","WH08","Warehouse 8","East","Jaipur",30698,3757,50,26891,2354,4739,25,"486.57","13084353.87",30,"2024-10-13","INV802019","3661.08","Out of Stock","2025-05-17","Rack-66","2024-07-21","Stock level: 30698 units, Supplier rating: 4.97"
"INV00000528","2024-03-08",2024,1,"PART000029","Part 29","PC311119","Tool","Essential component Part 29","SUP0049","Supplier 49","Mumbai","India","2.93","WH09","Warehouse 9","West","Mumbai",44636,40782,114,3740,3738,14422,30,"196.09","733376.6",26,"2024-05-26","INV790997","4625.68","Discontinued","null","Rack-17","2024-12-04","Stock level: 44636 units, Supplier rating: 2.93"
"INV00000529","2024-01-26",2024,2,"PART000030","Part 30","PC835643","Packaging","Essential component Part 30","SUP0050","Supplier 50","Delhi","India","2","WH10","Warehouse 10","Central","Delhi",43949,32165,193,11591,2838,8965,36,"176.52","2046043.32",38,"2024-12-08","INV570517","24398.67","On Order","null","Rack-9","2024-10-28","Stock level: 43949 units, Supplier rating: 2.0"
"INV00000530","2024-05-20",2024,5,"PART000031","Part 31","PC934150","Raw Material","Essential component Part 31","SUP0051","Supplier 51","Bangalore","India","4.83","WH01","Warehouse 1","North","Bangalore",48022,12446,436,35140,4785,16314,53,"936.67","32914583.8",63,"2024-05-04","INV661656","62625.91","Available","null","Rack-4","2024-10-05","Stock level: 48022 units, Supplier rating: 4.83"
"INV00000531","2024-10-22",2024,4,"PART000032","Part 32","PC272006","Component","Essential component Part 32","SUP0052","Supplier 52","Pune","India","3.52","WH02","Warehouse 2","South","Pune",36170,3124,53,32993,2117,13236,45,"136.37","4499255.41",77,"2024-09-05","INV608804","57828.07","Low Stock","null","Rack-42","2024-07-25","Stock level: 36170 units, Supplier rating: 3.52"
"INV00000532","2024-04-25",2024,6,"PART000033","Part 33","PC775181","Subassembly","Essential component Part 33","SUP0053","Supplier 53","Hyderabad","India","3.05","WH03","Warehouse 3","East","Hyderabad",31990,25639,214,6137,2583,19270,44,"94.01","576939.37",82,"2024-07-23","INV135988","23034.91","Out of Stock","null","Rack-97","2024-08-08","Stock level: 31990 units, Supplier rating: 3.05"
"INV00000533","2024-03-14",2024,10,"PART000034","Part 34","PC865963","Tool","Essential component Part 34","SUP0054","Supplier 54","Chennai","India","3.57","WH04","Warehouse 4","West","Chennai",49807,40527,120,9160,1776,7206,47,"571.03","5230634.8",28,"2024-07-23","INV467396","42429.1","Discontinued","null","Rack-1","2024-02-28","Stock level: 49807 units, Supplier rating: 3.57"
"INV00000534","2024-06-15",2024,3,"PART000035","Part 35","PC473402","Packaging","Essential component Part 35","SUP0055","Supplier 55","Kolkata","India","2.59","WH05","Warehouse 5","Central","Kolkata",25587,1583,498,23506,3294,5823,48,"873.14","20524028.84",31,"2024-10-19","INV320667","13280.42","On Order","2025-02-01","Rack-41","2024-12-12","Stock level: 25587 units, Supplier rating: 2.59"
"INV00000535","2024-05-12",2024,10,"PART000036","Part 36","PC801881","Raw Material","Essential component Part 36","SUP0056","Supplier 56","Jaipur","India","3.5","WH06","Warehouse 6","North","Jaipur",37800,1583,161,36056,384,4995,49,"445.25","16053934",5,"2024-10-26","INV357117","63801.44","Available","null","Rack-52","2024-09-08","Stock level: 37800 units, Supplier rating: 3.5"
"INV00000536","2024-05-10",2024,8,"PART000037","Part 37","PC438302","Component","Essential component Part 37","SUP0057","Supplier 57","Mumbai","India","2.11","WH07","Warehouse 7","South","Mumbai",14960,7962,363,6635,2650,6153,40,"388.97","2580815.95",38,"2024-08-03","INV110532","39908.26","Low Stock","null","Rack-42","2024-09-10","Stock level: 14960 units, Supplier rating: 2.11"
"INV00000537","2024-07-28",2024,1,"PART000038","Part 38","PC527498","Subassembly","Essential component Part 38","SUP0058","Supplier 58","Delhi","India","3.32","WH08","Warehouse 8","East","Delhi",47432,29100,422,17910,321,7499,36,"68.98","1235431.8",86,"2024-05-16","INV756190","98349.22","Out of Stock","null","Rack-41","2024-06-25","Stock level: 47432 units, Supplier rating: 3.32"
"INV00000538","2024-06-09",2024,4,"PART000039","Part 39","PC772471","Tool","Essential component Part 39","SUP0059","Supplier 59","Bangalore","India","4.29","WH09","Warehouse 9","West","Bangalore",36587,7976,9,28602,4611,15382,50,"740.37","21176062.74",63,"2024-09-22","INV723270","53609.46","Discontinued","null","Rack-23","2024-11-08","Stock level: 36587 units, Supplier rating: 4.29"
"INV00000539","2024-01-21",2024,11,"PART000040","Part 40","PC895794","Packaging","Essential component Part 40","SUP0060","Supplier 60","Pune","India","2.99","WH10","Warehouse 10","Central","Pune",16579,5692,470,10417,2441,14281,58,"783.6","8162761.2",83,"2024-05-14","INV748870","4151.5","On Order","null","Rack-41","2024-03-26","Stock level: 16579 units, Supplier rating: 2.99"
"INV00000540","2024-12-22",2024,3,"PART000041","Part 41","PC140394","Raw Material","Essential component Part 41","SUP0001","Supplier 1","Hyderabad","India","2.12","WH01","Warehouse 1","North","Hyderabad",17682,14213,246,3223,2303,15500,13,"965.47","3111709.81",21,"2024-10-07","INV992234","16390.36","Available","null","Rack-92","2024-07-19","Stock level: 17682 units, Supplier rating: 2.12"
"INV00000541","2024-12-14",2024,6,"PART000042","Part 42","PC552073","Component","Essential component Part 42","SUP0002","Supplier 2","Chennai","India","2.93","WH02","Warehouse 2","South","Chennai",40605,26497,312,13796,2788,9438,22,"517.38","7137774.48",39,"2024-03-26","INV833691","10002.94","Low Stock","2025-03-07","Rack-78","2024-04-09","Stock level: 40605 units, Supplier rating: 2.93"
"INV00000542","2024-05-13",2024,9,"PART000043","Part 43","PC983684","Subassembly","Essential component Part 43","SUP0003","Supplier 3","Kolkata","India","2.99","WH03","Warehouse 3","East","Kolkata",30776,10601,46,20129,3926,3855,33,"372.41","7496240.89",34,"2024-01-19","INV845269","24162.57","Out of Stock","null","Rack-64","2024-04-26","Stock level: 30776 units, Supplier rating: 2.99"
"INV00000543","2024-03-01",2024,8,"PART000044","Part 44","PC361712","Tool","Essential component Part 44","SUP0004","Supplier 4","Jaipur","India","4.66","WH04","Warehouse 4","West","Jaipur",888,355,399,134,112,16740,24,"306.24","41036.16",35,"2024-10-21","INV985714","9339.51","Discontinued","2025-02-10","Rack-78","2024-11-13","Stock level: 888 units, Supplier rating: 4.66"
"INV00000544","2024-08-23",2024,7,"PART000045","Part 45","PC265335","Packaging","Essential component Part 45","SUP0005","Supplier 5","Mumbai","India","2.16","WH05","Warehouse 5","Central","Mumbai",35641,14698,264,20679,402,2211,6,"496.02","10257197.58",41,"2024-08-26","INV654178","39703.61","On Order","null","Rack-49","2024-02-02","Stock level: 35641 units, Supplier rating: 2.16"
"INV00000545","2024-02-26",2024,11,"PART000046","Part 46","PC774593","Raw Material","Essential component Part 46","SUP0006","Supplier 6","Delhi","India","2.81","WH06","Warehouse 6","North","Delhi",2522,1870,152,500,613,811,36,"105.71","52855",17,"2024-08-18","INV239522","95845.53","Available","2025-05-09","Rack-10","2024-04-04","Stock level: 2522 units, Supplier rating: 2.81"
"INV00000546","2024-06-22",2024,10,"PART000047","Part 47","PC883848","Component","Essential component Part 47","SUP0007","Supplier 7","Bangalore","India","4.85","WH07","Warehouse 7","South","Bangalore",34157,19212,267,14678,2250,13586,10,"187.21","2747868.38",16,"2024-03-08","INV385950","20233.13","Low Stock","null","Rack-42","2024-05-02","Stock level: 34157 units, Supplier rating: 4.85"
"INV00000547","2024-09-09",2024,3,"PART000048","Part 48","PC909112","Subassembly","Essential component Part 48","SUP0008","Supplier 8","Pune","India","4.79","WH08","Warehouse 8","East","Pune",19855,18742,54,1059,4291,7628,40,"732.38","775590.42",50,"2024-06-01","INV569121","42511.39","Out of Stock","2025-12-05","Rack-24","2024-07-17","Stock level: 19855 units, Supplier rating: 4.79"
"INV00000548","2024-07-21",2024,8,"PART000049","Part 49","PC691824","Tool","Essential component Part 49","SUP0009","Supplier 9","Hyderabad","India","3.19","WH09","Warehouse 9","West","Hyderabad",32009,12697,289,19023,3156,11379,42,"717.79","13654519.17",90,"2024-05-05","INV474804","2165.78","Discontinued","null","Rack-58","2024-09-18","Stock level: 32009 units, Supplier rating: 3.19"
"INV00000549","2024-02-14",2024,8,"PART000050","Part 50","PC245256","Packaging","Essential component Part 50","SUP0010","Supplier 10","Chennai","India","2.75","WH10","Warehouse 10","Central","Chennai",26590,21694,36,4860,3074,4554,20,"558.86","2716059.6",51,"2024-10-25","INV334738","69806.43","On Order","null","Rack-78","2024-05-06","Stock level: 26590 units, Supplier rating: 2.75"
"INV00000550","2024-04-20",2024,7,"PART000051","Part 51","PC624290","Raw Material","Essential component Part 51","SUP0011","Supplier 11","Kolkata","India","2.91","WH01","Warehouse 1","North","Kolkata",19840,4123,135,15582,387,2379,43,"148.69","2316887.58",73,"2024-06-04","INV573207","65492.67","Available","null","Rack-32","2024-02-20","Stock level: 19840 units, Supplier rating: 2.91"
"INV00000551","2024-10-11",2024,9,"PART000052","Part 52","PC329061","Component","Essential component Part 52","SUP0012","Supplier 12","Jaipur","India","2.34","WH02","Warehouse 2","South","Jaipur",2846,2074,277,495,4050,11273,55,"126.28","62508.6",76,"2024-04-08","INV864427","26331.67","Low Stock","2025-08-28","Rack-1","2024-11-06","Stock level: 2846 units, Supplier rating: 2.34"
"INV00000552","2024-04-27",2024,3,"PART000053","Part 53","PC323026","Subassembly","Essential component Part 53","SUP0013","Supplier 13","Mumbai","India","4.45","WH03","Warehouse 3","East","Mumbai",34614,19325,287,15002,1446,8235,25,"87.97","1319725.94",44,"2024-09-14","INV434464","81428.32","Out of Stock","null","Rack-82","2024-01-05","Stock level: 34614 units, Supplier rating: 4.45"
"INV00000553","2024-04-12",2024,11,"PART000054","Part 54","PC912745","Tool","Essential component Part 54","SUP0014","Supplier 14","Delhi","India","3.54","WH04","Warehouse 4","West","Delhi",49394,32961,169,16264,1716,7742,40,"518.75","8436950",7,"2024-09-16","INV633156","31079.34","Discontinued","2025-08-19","Rack-84","2024-04-13","Stock level: 49394 units, Supplier rating: 3.54"
"INV00000554","2024-10-17",2024,10,"PART000055","Part 55","PC525288","Packaging","Essential component Part 55","SUP0015","Supplier 15","Bangalore","India","2.06","WH05","Warehouse 5","Central","Bangalore",14522,12096,286,2140,4902,19025,20,"422.75","904685",64,"2024-09-16","INV254598","10580.37","On Order","2025-06-04","Rack-23","2024-02-28","Stock level: 14522 units, Supplier rating: 2.06"
"INV00000555","2024-01-13",2024,4,"PART000056","Part 56","PC360198","Raw Material","Essential component Part 56","SUP0016","Supplier 16","Pune","India","2.65","WH06","Warehouse 6","North","Pune",21180,19561,121,1498,2154,18047,47,"290.3","434869.4",59,"2024-08-13","INV984247","7754.26","Available","null","Rack-96","2024-06-16","Stock level: 21180 units, Supplier rating: 2.65"
"INV00000556","2024-01-01",2024,2,"PART000057","Part 57","PC381490","Component","Essential component Part 57","SUP0017","Supplier 17","Hyderabad","India","2.52","WH07","Warehouse 7","South","Hyderabad",4837,3572,353,912,2968,9752,55,"89.41","81541.92",65,"2024-07-16","INV737084","12740.46","Low Stock","null","Rack-35","2024-05-11","Stock level: 4837 units, Supplier rating: 2.52"
"INV00000557","2024-09-11",2024,10,"PART000058","Part 58","PC861178","Subassembly","Essential component Part 58","SUP0018","Supplier 18","Chennai","India","3.71","WH08","Warehouse 8","East","Chennai",6275,3905,312,2058,3717,19136,51,"364.31","749749.98",28,"2024-02-21","INV741118","58119.72","Out of Stock","null","Rack-14","2024-09-23","Stock level: 6275 units, Supplier rating: 3.71"
"INV00000558","2024-11-04",2024,4,"PART000059","Part 59","PC720142","Tool","Essential component Part 59","SUP0019","Supplier 19","Kolkata","India","3.88","WH09","Warehouse 9","West","Kolkata",8275,7064,272,939,4509,10852,46,"190.7","179067.3",11,"2024-06-26","INV790523","10501.79","Discontinued","2025-09-20","Rack-12","2024-10-08","Stock level: 8275 units, Supplier rating: 3.88"
"INV00000559","2024-08-22",2024,3,"PART000060","Part 60","PC417347","Packaging","Essential component Part 60","SUP0020","Supplier 20","Jaipur","India","4.55","WH10","Warehouse 10","Central","Jaipur",16923,2973,437,13513,4299,1817,35,"798.58","10791211.54",40,"2024-05-13","INV135383","9561.04","On Order","null","Rack-57","2024-06-03","Stock level: 16923 units, Supplier rating: 4.55"
"INV00000560","2024-10-05",2024,8,"PART000061","Part 61","PC790275","Raw Material","Essential component Part 61","SUP0021","Supplier 21","Mumbai","India","4.21","WH01","Warehouse 1","North","Mumbai",12816,7028,170,5618,3597,8137,25,"265.92","1493938.56",9,"2024-06-18","INV251185","36363.53","Available","null","Rack-28","2024-02-12","Stock level: 12816 units, Supplier rating: 4.21"
"INV00000561","2024-08-15",2024,9,"PART000062","Part 62","PC412603","Component","Essential component Part 62","SUP0022","Supplier 22","Delhi","India","4.51","WH02","Warehouse 2","South","Delhi",16513,13571,168,2774,3131,6644,6,"469.62","1302725.88",13,"2024-03-27","INV696868","21972.21","Low Stock","null","Rack-81","2024-05-15","Stock level: 16513 units, Supplier rating: 4.51"
"INV00000562","2024-11-16",2024,4,"PART000063","Part 63","PC723135","Subassembly","Essential component Part 63","SUP0023","Supplier 23","Bangalore","India","4.08","WH03","Warehouse 3","East","Bangalore",14694,11608,337,2749,2077,13619,7,"537.14","1476597.86",21,"2024-05-14","INV171376","42692.98","Out of Stock","null","Rack-50","2024-07-12","Stock level: 14694 units, Supplier rating: 4.08"
"INV00000563","2024-08-05",2024,10,"PART000064","Part 64","PC150343","Tool","Essential component Part 64","SUP0024","Supplier 24","Pune","India","3.32","WH04","Warehouse 4","West","Pune",13932,2663,370,10899,3329,14603,59,"433.75","4727441.25",78,"2024-03-14","INV463315","58647.32","Discontinued","null","Rack-89","2024-09-09","Stock level: 13932 units, Supplier rating: 3.32"
"INV00000564","2024-03-15",2024,2,"PART000065","Part 65","PC102624","Packaging","Essential component Part 65","SUP0025","Supplier 25","Hyderabad","India","3.17","WH05","Warehouse 5","Central","Hyderabad",46029,45979,498,-448,4748,11907,37,"274.32","-122895.36",89,"2024-09-15","INV735733","86685.33","On Order","null","Rack-62","2024-01-27","Stock level: 46029 units, Supplier rating: 3.17"
"INV00000565","2024-11-02",2024,2,"PART000066","Part 66","PC215935","Raw Material","Essential component Part 66","SUP0026","Supplier 26","Chennai","India","3.41","WH06","Warehouse 6","North","Chennai",45131,17006,474,27651,1012,7223,22,"705.57","19509716.07",27,"2024-12-11","INV639674","37286.67","Available","null","Rack-45","2024-05-17","Stock level: 45131 units, Supplier rating: 3.41"
"INV00000566","2024-03-05",2024,1,"PART000067","Part 67","PC984980","Component","Essential component Part 67","SUP0027","Supplier 27","Kolkata","India","2.54","WH07","Warehouse 7","South","Kolkata",26215,23574,146,2495,2865,15017,9,"89.75","223926.25",69,"2024-08-18","INV644183","65759.76","Low Stock","2025-10-23","Rack-48","2024-09-15","Stock level: 26215 units, Supplier rating: 2.54"
"INV00000567","2024-01-04",2024,9,"PART000068","Part 68","PC407384","Subassembly","Essential component Part 68","SUP0028","Supplier 28","Jaipur","India","2.7","WH08","Warehouse 8","East","Jaipur",17144,2564,103,14477,2931,13925,44,"220.12","3186677.24",26,"2024-11-08","INV440781","76843.84","Out of Stock","null","Rack-62","2024-05-17","Stock level: 17144 units, Supplier rating: 2.7"
"INV00000568","2024-01-02",2024,9,"PART000069","Part 69","PC185669","Tool","Essential component Part 69","SUP0029","Supplier 29","Mumbai","India","4.28","WH09","Warehouse 9","West","Mumbai",9963,75,381,9507,3828,12714,9,"295","2804565",19,"2024-08-21","INV989918","74116.52","Discontinued","null","Rack-21","2024-02-02","Stock level: 9963 units, Supplier rating: 4.28"
"INV00000569","2024-09-23",2024,7,"PART000070","Part 70","PC928964","Packaging","Essential component Part 70","SUP0030","Supplier 30","Delhi","India","3.58","WH10","Warehouse 10","Central","Delhi",15020,9072,462,5486,4163,18397,36,"683.56","3750010.16",31,"2024-07-16","INV476835","86630.59","On Order","null","Rack-27","2024-12-10","Stock level: 15020 units, Supplier rating: 3.58"
"INV00000570","2024-09-21",2024,2,"PART000071","Part 71","PC545230","Raw Material","Essential component Part 71","SUP0031","Supplier 31","Bangalore","India","3.43","WH01","Warehouse 1","North","Bangalore",8518,4702,192,3624,1085,4897,13,"379.87","1376648.88",69,"2024-11-10","INV378826","98796.6","Available","2025-12-25","Rack-91","2024-12-11","Stock level: 8518 units, Supplier rating: 3.43"
"INV00000571","2024-01-23",2024,3,"PART000072","Part 72","PC571039","Component","Essential component Part 72","SUP0032","Supplier 32","Pune","India","3.08","WH02","Warehouse 2","South","Pune",44345,1750,93,42502,4774,18366,9,"172.32","7323944.64",18,"2024-11-04","INV534829","64526.32","Low Stock","null","Rack-62","2024-07-17","Stock level: 44345 units, Supplier rating: 3.08"
"INV00000572","2024-08-15",2024,3,"PART000073","Part 73","PC625695","Subassembly","Essential component Part 73","SUP0033","Supplier 33","Hyderabad","India","3.28","WH03","Warehouse 3","East","Hyderabad",43293,34170,399,8724,1120,7698,8,"247.16","2156223.84",10,"2024-07-11","INV774103","93608.2","Out of Stock","null","Rack-67","2024-07-24","Stock level: 43293 units, Supplier rating: 3.28"
"INV00000573","2024-09-08",2024,2,"PART000074","Part 74","PC801291","Tool","Essential component Part 74","SUP0034","Supplier 34","Chennai","India","2.73","WH04","Warehouse 4","West","Chennai",45905,28758,283,16864,3668,11325,19,"135.67","2287938.88",22,"2024-07-21","INV623756","3380.43","Discontinued","null","Rack-51","2024-06-27","Stock level: 45905 units, Supplier rating: 2.73"
"INV00000574","2024-02-01",2024,11,"PART000075","Part 75","PC240073","Packaging","Essential component Part 75","SUP0035","Supplier 35","Kolkata","India","4.72","WH05","Warehouse 5","Central","Kolkata",48195,42691,172,5332,2519,17459,20,"454.03","2420887.96",77,"2024-02-02","INV750598","58733.72","On Order","null","Rack-33","2024-07-04","Stock level: 48195 units, Supplier rating: 4.72"
"INV00000575","2024-03-06",2024,8,"PART000076","Part 76","PC793799","Raw Material","Essential component Part 76","SUP0036","Supplier 36","Jaipur","India","2.19","WH06","Warehouse 6","North","Jaipur",26981,4361,49,22571,4552,18512,24,"43.39","979355.69",89,"2024-04-25","INV993667","33080.87","Available","null","Rack-28","2024-11-04","Stock level: 26981 units, Supplier rating: 2.19"
"INV00000576","2024-10-18",2024,10,"PART000077","Part 77","PC310294","Component","Essential component Part 77","SUP0037","Supplier 37","Mumbai","India","2.67","WH07","Warehouse 7","South","Mumbai",25563,16216,118,9229,2633,15293,60,"902.22","8326588.38",50,"2024-04-04","INV903605","31201.21","Low Stock","2025-06-03","Rack-11","2024-05-18","Stock level: 25563 units, Supplier rating: 2.67"
"INV00000577","2024-08-17",2024,2,"PART000078","Part 78","PC415543","Subassembly","Essential component Part 78","SUP0038","Supplier 38","Delhi","India","4.09","WH08","Warehouse 8","East","Delhi",3872,1291,383,2198,1360,12919,40,"164.81","362252.38",17,"2024-11-10","INV647857","34186.81","Out of Stock","2025-03-22","Rack-77","2024-02-23","Stock level: 3872 units, Supplier rating: 4.09"
"INV00000578","2024-08-12",2024,5,"PART000079","Part 79","PC985293","Tool","Essential component Part 79","SUP0039","Supplier 39","Bangalore","India","3.17","WH09","Warehouse 9","West","Bangalore",45206,35882,480,8844,524,5342,57,"558.11","4935924.84",64,"2024-11-25","INV173323","86149.39","Discontinued","null","Rack-41","2024-09-08","Stock level: 45206 units, Supplier rating: 3.17"
"INV00000579","2024-11-17",2024,10,"PART000080","Part 80","PC892723","Packaging","Essential component Part 80","SUP0040","Supplier 40","Pune","India","4.98","WH10","Warehouse 10","Central","Pune",5344,3207,330,1807,2906,11025,8,"273.04","493383.28",22,"2024-07-15","INV474160","23778.79","On Order","null","Rack-37","2024-12-06","Stock level: 5344 units, Supplier rating: 4.98"
"INV00000580","2024-07-25",2024,4,"PART000081","Part 81","PC669037","Raw Material","Essential component Part 81","SUP0041","Supplier 41","Hyderabad","India","2.83","WH01","Warehouse 1","North","Hyderabad",30867,24633,488,5746,4327,14522,45,"825.54","4743552.84",35,"2024-07-25","INV112341","61311.02","Available","null","Rack-62","2024-06-11","Stock level: 30867 units, Supplier rating: 2.83"
"INV00000581","2024-02-20",2024,11,"PART000082","Part 82","PC167122","Component","Essential component Part 82","SUP0042","Supplier 42","Chennai","India","4.86","WH02","Warehouse 2","South","Chennai",33686,20175,421,13090,4454,7422,12,"705.96","9241016.4",66,"2024-10-16","INV445054","60352.3","Low Stock","2025-11-24","Rack-25","2024-02-18","Stock level: 33686 units, Supplier rating: 4.86"
"INV00000582","2024-01-03",2024,9,"PART000083","Part 83","PC715780","Subassembly","Essential component Part 83","SUP0043","Supplier 43","Kolkata","India","2.43","WH03","Warehouse 3","East","Kolkata",43674,29411,327,13936,3673,17385,30,"420.83","5864686.88",74,"2024-06-23","INV395765","10945.74","Out of Stock","null","Rack-91","2024-08-15","Stock level: 43674 units, Supplier rating: 2.43"
"INV00000583","2024-03-11",2024,5,"PART000084","Part 84","PC278870","Tool","Essential component Part 84","SUP0044","Supplier 44","Jaipur","India","3.89","WH04","Warehouse 4","West","Jaipur",35734,1305,17,34412,3330,6847,18,"861.03","29629764.36",53,"2024-01-03","INV965521","96376.99","Discontinued","null","Rack-45","2024-10-14","Stock level: 35734 units, Supplier rating: 3.89"
"INV00000584","2024-06-01",2024,7,"PART000085","Part 85","PC447935","Packaging","Essential component Part 85","SUP0045","Supplier 45","Mumbai","India","4.54","WH05","Warehouse 5","Central","Mumbai",10180,2343,339,7498,3393,19551,39,"370.39","2777184.22",71,"2024-12-08","INV574925","59938.81","On Order","null","Rack-84","2024-05-03","Stock level: 10180 units, Supplier rating: 4.54"
"INV00000585","2024-08-23",2024,12,"PART000086","Part 86","PC863396","Raw Material","Essential component Part 86","SUP0046","Supplier 46","Delhi","India","2.76","WH06","Warehouse 6","North","Delhi",35223,21719,31,13473,3848,17522,15,"134.04","1805920.92",15,"2024-02-19","INV822360","61727.53","Available","2025-08-27","Rack-62","2024-02-28","Stock level: 35223 units, Supplier rating: 2.76"
"INV00000586","2024-04-23",2024,7,"PART000087","Part 87","PC646310","Component","Essential component Part 87","SUP0047","Supplier 47","Bangalore","India","4.74","WH07","Warehouse 7","South","Bangalore",44523,35665,47,8811,442,11233,43,"363.07","3199009.77",11,"2024-11-16","INV412313","32343.83","Low Stock","2025-07-24","Rack-9","2024-06-17","Stock level: 44523 units, Supplier rating: 4.74"
"INV00000587","2024-03-27",2024,7,"PART000088","Part 88","PC918712","Subassembly","Essential component Part 88","SUP0048","Supplier 48","Pune","India","4.83","WH08","Warehouse 8","East","Pune",18720,14167,235,4318,4303,1679,15,"458.68","1980580.24",68,"2024-05-23","INV971812","70384.18","Out of Stock","null","Rack-26","2024-08-04","Stock level: 18720 units, Supplier rating: 4.83"
"INV00000588","2024-08-28",2024,2,"PART000089","Part 89","PC870144","Tool","Essential component Part 89","SUP0049","Supplier 49","Hyderabad","India","3.98","WH09","Warehouse 9","West","Hyderabad",31389,11935,287,19167,763,9694,9,"51.27","982692.09",25,"2024-11-12","INV677207","14210.95","Discontinued","null","Rack-52","2024-08-05","Stock level: 31389 units, Supplier rating: 3.98"
"INV00000589","2024-09-03",2024,3,"PART000090","Part 90","PC971857","Packaging","Essential component Part 90","SUP0050","Supplier 50","Chennai","India","3.78","WH10","Warehouse 10","Central","Chennai",43478,28541,184,14753,4584,11815,11,"293.42","4328825.26",73,"2024-01-07","INV457827","29972.82","On Order","2025-06-15","Rack-93","2024-09-25","Stock level: 43478 units, Supplier rating: 3.78"
"INV00000590","2024-12-27",2024,3,"PART000091","Part 91","PC635818","Raw Material","Essential component Part 91","SUP0051","Supplier 51","Kolkata","India","2.92","WH01","Warehouse 1","North","Kolkata",35078,26527,132,8419,4366,1117,26,"272.04","2290304.76",49,"2024-09-27","INV895796","69916.02","Available","null","Rack-95","2024-11-15","Stock level: 35078 units, Supplier rating: 2.92"
"INV00000591","2024-11-25",2024,4,"PART000092","Part 92","PC687295","Component","Essential component Part 92","SUP0052","Supplier 52","Jaipur","India","4.1","WH02","Warehouse 2","South","Jaipur",5834,2024,138,3672,1884,8542,41,"758.66","2785799.52",88,"2024-01-13","INV966216","44320.7","Low Stock","2025-05-03","Rack-52","2024-12-19","Stock level: 5834 units, Supplier rating: 4.1"
"INV00000592","2024-10-03",2024,11,"PART000093","Part 93","PC975481","Subassembly","Essential component Part 93","SUP0053","Supplier 53","Mumbai","India","4.91","WH03","Warehouse 3","East","Mumbai",5843,4136,174,1533,4785,14199,33,"286.47","439158.51",59,"2024-07-27","INV280339","62698.37","Out of Stock","null","Rack-35","2024-03-24","Stock level: 5843 units, Supplier rating: 4.91"
"INV00000593","2024-01-02",2024,4,"PART000094","Part 94","PC358763","Tool","Essential component Part 94","SUP0054","Supplier 54","Delhi","India","2.85","WH04","Warehouse 4","West","Delhi",871,486,256,129,1147,17574,58,"531.36","68545.44",54,"2024-08-28","INV741398","14193.42","Discontinued","2025-08-17","Rack-64","2024-11-26","Stock level: 871 units, Supplier rating: 2.85"
"INV00000594","2024-06-18",2024,1,"PART000095","Part 95","PC190778","Packaging","Essential component Part 95","SUP0055","Supplier 55","Bangalore","India","4.32","WH05","Warehouse 5","Central","Bangalore",905,625,376,-96,1339,9609,29,"916.57","-87990.72",52,"2024-06-11","INV133009","19853.73","On Order","null","Rack-7","2024-03-08","Stock level: 905 units, Supplier rating: 4.32"
"INV00000595","2024-07-24",2024,4,"PART000096","Part 96","PC457924","Raw Material","Essential component Part 96","SUP0056","Supplier 56","Pune","India","3.87","WH06","Warehouse 6","North","Pune",4099,2252,84,1763,1207,3163,27,"816.57","1439612.91",83,"2024-05-20","INV835499","36225.19","Available","2025-01-24","Rack-1","2024-05-05","Stock level: 4099 units, Supplier rating: 3.87"
"INV00000596","2024-11-24",2024,3,"PART000097","Part 97","PC662148","Component","Essential component Part 97","SUP0057","Supplier 57","Hyderabad","India","3.82","WH07","Warehouse 7","South","Hyderabad",1605,795,235,575,1541,9961,29,"331.82","190796.5",50,"2024-12-11","INV880099","34944.04","Low Stock","2025-05-08","Rack-36","2024-01-24","Stock level: 1605 units, Supplier rating: 3.82"
"INV00000597","2024-06-01",2024,1,"PART000098","Part 98","PC226813","Subassembly","Essential component Part 98","SUP0058","Supplier 58","Chennai","India","4.32","WH08","Warehouse 8","East","Chennai",13994,5736,187,8071,1072,10816,25,"578.21","4666732.91",68,"2024-02-26","INV534725","22711.97","Out of Stock","2025-08-01","Rack-87","2024-07-09","Stock level: 13994 units, Supplier rating: 4.32"
"INV00000598","2024-08-13",2024,6,"PART000099","Part 99","PC699782","Tool","Essential component Part 99","SUP0059","Supplier 59","Kolkata","India","3.36","WH09","Warehouse 9","West","Kolkata",37589,24603,69,12917,2141,10854,20,"43.21","558143.57",27,"2024-06-23","INV128232","92091.64","Discontinued","null","Rack-100","2024-08-08","Stock level: 37589 units, Supplier rating: 3.36"
"INV00000599","2024-06-14",2024,7,"PART000100","Part 100","PC374611","Packaging","Essential component Part 100","SUP0060","Supplier 60","Jaipur","India","4.75","WH10","Warehouse 10","Central","Jaipur",3907,408,369,3130,4623,9934,18,"634.51","1986016.3",72,"2024-10-27","INV408267","78227.87","On Order","null","Rack-97","2024-05-24","Stock level: 3907 units, Supplier rating: 4.75"
"INV00000600","2024-09-15",2024,7,"PART000101","Part 101","PC950423","Raw Material","Essential component Part 101","SUP0001","Supplier 1","Mumbai","India","3.48","WH01","Warehouse 1","North","Mumbai",5895,3307,173,2415,1312,12944,8,"673.98","1627661.7",16,"2024-11-20","INV993212","59216","Available","2025-01-19","Rack-42","2024-03-16","Stock level: 5895 units, Supplier rating: 3.48"
"INV00000601","2024-05-16",2024,3,"PART000102","Part 102","PC213897","Component","Essential component Part 102","SUP0002","Supplier 2","Delhi","India","3.67","WH02","Warehouse 2","South","Delhi",30798,12178,476,18144,3409,4171,31,"428.13","7767990.72",24,"2024-03-03","INV819203","31334.79","Low Stock","null","Rack-51","2024-11-24","Stock level: 30798 units, Supplier rating: 3.67"
"INV00000602","2024-05-25",2024,8,"PART000103","Part 103","PC209721","Subassembly","Essential component Part 103","SUP0003","Supplier 3","Bangalore","India","3.51","WH03","Warehouse 3","East","Bangalore",47064,6938,259,39867,4477,18954,16,"124.21","4951880.07",52,"2024-02-16","INV675557","11083.05","Out of Stock","2025-09-02","Rack-85","2024-12-22","Stock level: 47064 units, Supplier rating: 3.51"
"INV00000603","2024-09-21",2024,9,"PART000104","Part 104","PC862335","Tool","Essential component Part 104","SUP0004","Supplier 4","Pune","India","4.23","WH04","Warehouse 4","West","Pune",47959,20654,361,26944,2682,9690,25,"631.72","17021063.68",52,"2024-06-12","INV615726","90561.5","Discontinued","null","Rack-46","2024-01-21","Stock level: 47959 units, Supplier rating: 4.23"
"INV00000604","2024-05-08",2024,11,"PART000105","Part 105","PC316698","Packaging","Essential component Part 105","SUP0005","Supplier 5","Hyderabad","India","2.6","WH05","Warehouse 5","Central","Hyderabad",19525,2950,316,16259,1815,13289,45,"700.9","11395933.1",82,"2024-10-05","INV443519","16336.08","On Order","null","Rack-78","2024-07-01","Stock level: 19525 units, Supplier rating: 2.6"
"INV00000605","2024-07-08",2024,9,"PART000106","Part 106","PC908384","Raw Material","Essential component Part 106","SUP0006","Supplier 6","Chennai","India","2.06","WH06","Warehouse 6","North","Chennai",27991,15793,193,12005,1610,14558,21,"895.2","10746876",42,"2024-04-17","INV425683","49795.68","Available","2025-06-17","Rack-86","2024-04-19","Stock level: 27991 units, Supplier rating: 2.06"
"INV00000606","2024-12-09",2024,5,"PART000107","Part 107","PC268934","Component","Essential component Part 107","SUP0007","Supplier 7","Kolkata","India","3.26","WH07","Warehouse 7","South","Kolkata",42555,8237,197,34121,846,3010,22,"82.58","2817712.18",76,"2024-07-04","INV800943","63809.48","Low Stock","null","Rack-67","2024-06-14","Stock level: 42555 units, Supplier rating: 3.26"
"INV00000607","2024-11-02",2024,5,"PART000108","Part 108","PC717197","Subassembly","Essential component Part 108","SUP0008","Supplier 8","Jaipur","India","4.53","WH08","Warehouse 8","East","Jaipur",10524,8683,143,1698,3000,13023,15,"907.25","1540510.5",29,"2024-08-07","INV398374","75115.06","Out of Stock","null","Rack-3","2024-03-19","Stock level: 10524 units, Supplier rating: 4.53"
"INV00000608","2024-02-20",2024,12,"PART000109","Part 109","PC960698","Tool","Essential component Part 109","SUP0009","Supplier 9","Mumbai","India","4.93","WH09","Warehouse 9","West","Mumbai",17288,16498,192,598,3381,6691,30,"370.7","221678.6",41,"2024-06-05","INV888186","29303.62","Discontinued","2025-01-11","Rack-48","2024-09-22","Stock level: 17288 units, Supplier rating: 4.93"
"INV00000609","2024-02-25",2024,4,"PART000110","Part 110","PC710429","Packaging","Essential component Part 110","SUP0010","Supplier 10","Delhi","India","3.56","WH10","Warehouse 10","Central","Delhi",46016,4762,106,41148,1525,9005,24,"172.79","7109962.92",36,"2024-02-18","INV768551","72899.88","On Order","null","Rack-35","2024-02-28","Stock level: 46016 units, Supplier rating: 3.56"
"INV00000610","2024-02-15",2024,6,"PART000111","Part 111","PC352199","Raw Material","Essential component Part 111","SUP0011","Supplier 11","Bangalore","India","4.46","WH01","Warehouse 1","North","Bangalore",18311,17965,71,275,2954,15998,45,"142.71","39245.25",52,"2024-01-11","INV446371","88642.5","Available","null","Rack-69","2024-11-04","Stock level: 18311 units, Supplier rating: 4.46"
"INV00000611","2024-05-21",2024,4,"PART000112","Part 112","PC570724","Component","Essential component Part 112","SUP0012","Supplier 12","Pune","India","2.72","WH02","Warehouse 2","South","Pune",15716,12961,141,2614,1713,17823,8,"539.27","1409651.78",21,"2024-04-12","INV612422","29149.06","Low Stock","null","Rack-23","2024-01-22","Stock level: 15716 units, Supplier rating: 2.72"
"INV00000612","2024-11-02",2024,8,"PART000113","Part 113","PC660829","Subassembly","Essential component Part 113","SUP0013","Supplier 13","Hyderabad","India","2.33","WH03","Warehouse 3","East","Hyderabad",3953,3373,463,117,740,18433,59,"47.52","5559.84",83,"2024-05-21","INV879018","33980.24","Out of Stock","2025-01-19","Rack-34","2024-02-10","Stock level: 3953 units, Supplier rating: 2.33"
"INV00000613","2024-04-24",2024,4,"PART000114","Part 114","PC949855","Tool","Essential component Part 114","SUP0014","Supplier 14","Chennai","India","2.03","WH04","Warehouse 4","West","Chennai",28149,16507,273,11369,4799,12345,8,"437.37","4972459.53",59,"2024-06-23","INV590982","79402.2","Discontinued","null","Rack-53","2024-04-23","Stock level: 28149 units, Supplier rating: 2.03"
"INV00000614","2024-06-05",2024,8,"PART000115","Part 115","PC165660","Packaging","Essential component Part 115","SUP0015","Supplier 15","Kolkata","India","3.8","WH05","Warehouse 5","Central","Kolkata",45630,26808,145,18677,3730,15753,16,"680.77","12714741.29",17,"2024-04-23","INV640753","13974.3","On Order","2025-09-13","Rack-45","2024-07-05","Stock level: 45630 units, Supplier rating: 3.8"
"INV00000615","2024-08-12",2024,6,"PART000116","Part 116","PC207827","Raw Material","Essential component Part 116","SUP0016","Supplier 16","Jaipur","India","2.38","WH06","Warehouse 6","North","Jaipur",28637,5943,207,22487,1960,8378,36,"762.52","17146787.24",18,"2024-07-11","INV478884","70531.8","Available","2025-06-27","Rack-11","2024-03-16","Stock level: 28637 units, Supplier rating: 2.38"
"INV00000616","2024-04-20",2024,9,"PART000117","Part 117","PC661464","Component","Essential component Part 117","SUP0017","Supplier 17","Mumbai","India","4.38","WH07","Warehouse 7","South","Mumbai",41371,12913,498,27960,1771,1553,30,"650","18174000",24,"2024-06-19","INV708394","50576.78","Low Stock","2025-09-05","Rack-100","2024-05-11","Stock level: 41371 units, Supplier rating: 4.38"
"INV00000617","2024-07-05",2024,11,"PART000118","Part 118","PC850729","Subassembly","Essential component Part 118","SUP0018","Supplier 18","Delhi","India","2.88","WH08","Warehouse 8","East","Delhi",31072,24755,122,6195,3961,11422,39,"594.51","3682989.45",76,"2024-06-26","INV455824","99362.62","Out of Stock","2025-01-16","Rack-57","2024-08-02","Stock level: 31072 units, Supplier rating: 2.88"
"INV00000618","2024-05-04",2024,6,"PART000119","Part 119","PC707198","Tool","Essential component Part 119","SUP0019","Supplier 19","Bangalore","India","4.06","WH09","Warehouse 9","West","Bangalore",858,456,367,35,3184,13967,56,"632.26","22129.1",7,"2024-12-23","INV369716","63737.82","Discontinued","null","Rack-25","2024-02-28","Stock level: 858 units, Supplier rating: 4.06"
"INV00000619","2024-11-27",2024,2,"PART000120","Part 120","PC253653","Packaging","Essential component Part 120","SUP0020","Supplier 20","Pune","India","2.79","WH10","Warehouse 10","Central","Pune",24026,14349,266,9411,4776,7541,50,"555.26","5225551.86",74,"2024-09-01","INV348606","54272.89","On Order","null","Rack-75","2024-03-22","Stock level: 24026 units, Supplier rating: 2.79"
"INV00000620","2024-01-21",2024,6,"PART000121","Part 121","PC792855","Raw Material","Essential component Part 121","SUP0021","Supplier 21","Hyderabad","India","2.93","WH01","Warehouse 1","North","Hyderabad",1786,361,13,1412,248,6003,8,"582.5","822490",90,"2024-10-28","INV805970","6736.03","Available","null","Rack-45","2024-07-10","Stock level: 1786 units, Supplier rating: 2.93"
"INV00000621","2024-04-02",2024,3,"PART000122","Part 122","PC875355","Component","Essential component Part 122","SUP0022","Supplier 22","Chennai","India","3.01","WH02","Warehouse 2","South","Chennai",10078,1503,367,8208,2476,3616,25,"288.06","2364396.48",38,"2024-03-13","INV785313","9879.81","Low Stock","null","Rack-16","2024-01-23","Stock level: 10078 units, Supplier rating: 3.01"
"INV00000622","2024-10-26",2024,9,"PART000123","Part 123","PC757305","Subassembly","Essential component Part 123","SUP0023","Supplier 23","Kolkata","India","4.52","WH03","Warehouse 3","East","Kolkata",4545,4142,88,315,249,14760,11,"738.09","232498.35",88,"2024-09-26","INV651445","25945.8","Out of Stock","null","Rack-96","2024-01-08","Stock level: 4545 units, Supplier rating: 4.52"
"INV00000623","2024-08-10",2024,12,"PART000124","Part 124","PC287686","Tool","Essential component Part 124","SUP0024","Supplier 24","Jaipur","India","2.62","WH04","Warehouse 4","West","Jaipur",21812,13152,396,8264,1880,14807,36,"637.45","5267886.8",17,"2024-10-16","INV775991","88513.43","Discontinued","null","Rack-65","2024-05-04","Stock level: 21812 units, Supplier rating: 2.62"
"INV00000624","2024-05-03",2024,2,"PART000125","Part 125","PC110769","Packaging","Essential component Part 125","SUP0025","Supplier 25","Mumbai","India","3.79","WH05","Warehouse 5","Central","Mumbai",38115,23222,37,14856,2531,4234,42,"943.3","14013664.8",16,"2024-06-10","INV485230","3457.91","On Order","null","Rack-3","2024-11-09","Stock level: 38115 units, Supplier rating: 3.79"
"INV00000625","2024-04-25",2024,5,"PART000126","Part 126","PC895071","Raw Material","Essential component Part 126","SUP0026","Supplier 26","Delhi","India","4.01","WH06","Warehouse 6","North","Delhi",19512,9876,372,9264,2075,6111,7,"529.02","4900841.28",12,"2024-11-08","INV954548","19840.83","Available","null","Rack-2","2024-09-16","Stock level: 19512 units, Supplier rating: 4.01"
"INV00000626","2024-11-07",2024,5,"PART000127","Part 127","PC404402","Component","Essential component Part 127","SUP0027","Supplier 27","Bangalore","India","3.32","WH07","Warehouse 7","South","Bangalore",6033,2161,116,3756,1361,5635,23,"801.95","3012124.2",44,"2024-12-27","INV510538","24943.96","Low Stock","null","Rack-26","2024-12-05","Stock level: 6033 units, Supplier rating: 3.32"
"INV00000627","2024-12-05",2024,10,"PART000128","Part 128","PC676421","Subassembly","Essential component Part 128","SUP0028","Supplier 28","Pune","India","2.97","WH08","Warehouse 8","East","Pune",1612,1074,64,474,4068,12345,13,"824.87","390988.38",89,"2024-01-27","INV354735","21821.26","Out of Stock","null","Rack-71","2024-03-12","Stock level: 1612 units, Supplier rating: 2.97"
"INV00000628","2024-08-27",2024,9,"PART000129","Part 129","PC637953","Tool","Essential component Part 129","SUP0029","Supplier 29","Hyderabad","India","2.42","WH09","Warehouse 9","West","Hyderabad",15242,8330,84,6828,3834,11551,9,"47.65","325354.2",73,"2024-06-01","INV633063","34128.83","Discontinued","null","Rack-85","2024-06-21","Stock level: 15242 units, Supplier rating: 2.42"
"INV00000629","2024-05-24",2024,11,"PART000130","Part 130","PC679339","Packaging","Essential component Part 130","SUP0030","Supplier 30","Chennai","India","4.27","WH10","Warehouse 10","Central","Chennai",34419,23340,341,10738,824,3567,30,"706.67","7588222.46",82,"2024-03-14","INV392067","5437.73","On Order","2025-10-02","Rack-65","2024-06-01","Stock level: 34419 units, Supplier rating: 4.27"
"INV00000630","2024-09-23",2024,3,"PART000131","Part 131","PC228304","Raw Material","Essential component Part 131","SUP0031","Supplier 31","Kolkata","India","4.53","WH01","Warehouse 1","North","Kolkata",12295,10823,405,1067,3210,3181,5,"741.59","791276.53",68,"2024-05-13","INV156370","35101.5","Available","null","Rack-55","2024-12-27","Stock level: 12295 units, Supplier rating: 4.53"
"INV00000631","2024-02-22",2024,12,"PART000132","Part 132","PC958728","Component","Essential component Part 132","SUP0032","Supplier 32","Jaipur","India","4.32","WH02","Warehouse 2","South","Jaipur",17618,2784,327,14507,4786,14185,19,"249.74","3622978.18",53,"2024-01-01","INV199005","26876.34","Low Stock","null","Rack-73","2024-10-09","Stock level: 17618 units, Supplier rating: 4.32"
"INV00000632","2024-12-14",2024,1,"PART000133","Part 133","PC691577","Subassembly","Essential component Part 133","SUP0033","Supplier 33","Mumbai","India","3.36","WH03","Warehouse 3","East","Mumbai",43052,18920,258,23874,3823,10244,24,"376.86","8997155.64",20,"2024-05-14","INV344014","86716.79","Out of Stock","2025-11-08","Rack-32","2024-02-01","Stock level: 43052 units, Supplier rating: 3.36"
"INV00000633","2024-05-17",2024,12,"PART000134","Part 134","PC168224","Tool","Essential component Part 134","SUP0034","Supplier 34","Delhi","India","4.33","WH04","Warehouse 4","West","Delhi",23489,13344,119,10026,4055,18558,54,"643.69","6453635.94",30,"2024-08-04","INV565364","49521.03","Discontinued","null","Rack-100","2024-10-24","Stock level: 23489 units, Supplier rating: 4.33"
"INV00000634","2024-06-28",2024,6,"PART000135","Part 135","PC376943","Packaging","Essential component Part 135","SUP0035","Supplier 35","Bangalore","India","2.75","WH05","Warehouse 5","Central","Bangalore",10060,5385,377,4298,205,17244,37,"491.46","2112295.08",8,"2024-03-18","INV952527","25746.39","On Order","null","Rack-32","2024-05-04","Stock level: 10060 units, Supplier rating: 2.75"
"INV00000635","2024-05-12",2024,7,"PART000136","Part 136","PC754762","Raw Material","Essential component Part 136","SUP0036","Supplier 36","Pune","India","3.96","WH06","Warehouse 6","North","Pune",216,34,476,-294,2595,6298,30,"422.62","-124250.28",9,"2024-05-28","INV234811","31858.81","Available","null","Rack-14","2024-10-20","Stock level: 216 units, Supplier rating: 3.96"
"INV00000636","2024-05-27",2024,12,"PART000137","Part 137","PC674084","Component","Essential component Part 137","SUP0037","Supplier 37","Hyderabad","India","3.27","WH07","Warehouse 7","South","Hyderabad",37513,14316,150,23047,1179,13259,6,"216.9","4998894.3",7,"2024-11-16","INV455653","26117.56","Low Stock","null","Rack-20","2024-03-23","Stock level: 37513 units, Supplier rating: 3.27"
"INV00000637","2024-01-02",2024,10,"PART000138","Part 138","PC547575","Subassembly","Essential component Part 138","SUP0038","Supplier 38","Chennai","India","2.81","WH08","Warehouse 8","East","Chennai",7840,6793,390,657,3124,4547,45,"496.71","326338.47",50,"2024-07-21","INV328351","67200.91","Out of Stock","null","Rack-69","2024-06-20","Stock level: 7840 units, Supplier rating: 2.81"
"INV00000638","2024-07-03",2024,10,"PART000139","Part 139","PC784140","Tool","Essential component Part 139","SUP0039","Supplier 39","Kolkata","India","2.1","WH09","Warehouse 9","West","Kolkata",41543,21866,231,19446,1011,781,22,"474.59","9228877.14",36,"2024-07-14","INV361466","73242.11","Discontinued","null","Rack-77","2024-02-20","Stock level: 41543 units, Supplier rating: 2.1"
"INV00000639","2024-04-10",2024,1,"PART000140","Part 140","PC417316","Packaging","Essential component Part 140","SUP0040","Supplier 40","Jaipur","India","3.2","WH10","Warehouse 10","Central","Jaipur",16469,2922,67,13480,2599,14221,33,"274.29","3697429.2",17,"2024-01-08","INV464647","8539.36","On Order","null","Rack-10","2024-03-05","Stock level: 16469 units, Supplier rating: 3.2"
"INV00000640","2024-05-09",2024,3,"PART000141","Part 141","PC810195","Raw Material","Essential component Part 141","SUP0041","Supplier 41","Mumbai","India","4.73","WH01","Warehouse 1","North","Mumbai",2758,215,447,2096,3869,4058,6,"894.63","1875144.48",10,"2024-11-22","INV151025","23649.55","Available","null","Rack-57","2024-03-18","Stock level: 2758 units, Supplier rating: 4.73"
"INV00000641","2024-06-02",2024,4,"PART000142","Part 142","PC324091","Component","Essential component Part 142","SUP0042","Supplier 42","Delhi","India","4.6","WH02","Warehouse 2","South","Delhi",46514,13205,81,33228,3949,1935,48,"573.59","19059248.52",26,"2024-02-01","INV106749","5738.1","Low Stock","null","Rack-28","2024-02-11","Stock level: 46514 units, Supplier rating: 4.6"
"INV00000642","2024-05-11",2024,8,"PART000143","Part 143","PC815000","Subassembly","Essential component Part 143","SUP0043","Supplier 43","Bangalore","India","3.45","WH03","Warehouse 3","East","Bangalore",19496,18589,78,829,2275,4674,6,"718.39","595545.31",67,"2024-10-17","INV489248","59915.99","Out of Stock","2025-12-20","Rack-58","2024-06-25","Stock level: 19496 units, Supplier rating: 3.45"
"INV00000643","2024-02-19",2024,12,"PART000144","Part 144","PC301101","Tool","Essential component Part 144","SUP0044","Supplier 44","Pune","India","2.95","WH04","Warehouse 4","West","Pune",40102,38410,19,1673,4603,18345,22,"679.37","1136586.01",10,"2024-01-10","INV633594","29994.35","Discontinued","2025-12-13","Rack-29","2024-05-05","Stock level: 40102 units, Supplier rating: 2.95"
"INV00000644","2024-12-03",2024,7,"PART000145","Part 145","PC782590","Packaging","Essential component Part 145","SUP0045","Supplier 45","Hyderabad","India","3.04","WH05","Warehouse 5","Central","Hyderabad",46772,37448,49,9275,4379,8982,9,"96.07","891049.25",37,"2024-01-21","INV574448","22898.72","On Order","null","Rack-15","2024-07-18","Stock level: 46772 units, Supplier rating: 3.04"
"INV00000645","2024-11-08",2024,4,"PART000146","Part 146","PC825818","Raw Material","Essential component Part 146","SUP0046","Supplier 46","Chennai","India","2.13","WH06","Warehouse 6","North","Chennai",31017,18162,319,12536,1349,19933,52,"206.22","2585173.92",37,"2024-03-27","INV567602","39796.95","Available","2025-12-11","Rack-94","2024-09-19","Stock level: 31017 units, Supplier rating: 2.13"
"INV00000646","2024-12-22",2024,7,"PART000147","Part 147","PC731929","Component","Essential component Part 147","SUP0047","Supplier 47","Kolkata","India","3.37","WH07","Warehouse 7","South","Kolkata",2535,2141,252,142,3150,4372,21,"170.25","24175.5",33,"2024-11-04","INV518774","71843.74","Low Stock","null","Rack-75","2024-08-11","Stock level: 2535 units, Supplier rating: 3.37"
"INV00000647","2024-03-20",2024,3,"PART000148","Part 148","PC301591","Subassembly","Essential component Part 148","SUP0048","Supplier 48","Jaipur","India","4.02","WH08","Warehouse 8","East","Jaipur",39474,37038,196,2240,1187,6839,5,"293.27","656924.8",66,"2024-12-07","INV289225","83431.18","Out of Stock","null","Rack-45","2024-07-23","Stock level: 39474 units, Supplier rating: 4.02"
"INV00000648","2024-02-26",2024,10,"PART000149","Part 149","PC942660","Tool","Essential component Part 149","SUP0049","Supplier 49","Mumbai","India","4.41","WH09","Warehouse 9","West","Mumbai",23737,21454,346,1937,2144,3833,60,"957.44","1854561.28",41,"2024-01-28","INV364884","5258.78","Discontinued","null","Rack-22","2024-07-14","Stock level: 23737 units, Supplier rating: 4.41"
"INV00000649","2024-05-27",2024,2,"PART000150","Part 150","PC503026","Packaging","Essential component Part 150","SUP0050","Supplier 50","Delhi","India","2.9","WH10","Warehouse 10","Central","Delhi",35385,6660,430,28295,2314,16952,58,"855.32","24201279.4",26,"2024-12-18","INV792236","35898.45","On Order","2025-08-10","Rack-41","2024-08-22","Stock level: 35385 units, Supplier rating: 2.9"
"INV00000650","2024-07-18",2024,11,"PART000151","Part 151","PC607862","Raw Material","Essential component Part 151","SUP0051","Supplier 51","Bangalore","India","2.29","WH01","Warehouse 1","North","Bangalore",43128,42678,411,39,2553,17356,30,"334.77","13056.03",41,"2024-03-15","INV685830","60645.31","Available","2025-03-15","Rack-37","2024-02-05","Stock level: 43128 units, Supplier rating: 2.29"
"INV00000651","2024-10-24",2024,8,"PART000152","Part 152","PC309579","Component","Essential component Part 152","SUP0052","Supplier 52","Pune","India","3.63","WH02","Warehouse 2","South","Pune",18378,10811,254,7313,3336,5804,42,"496.13","3628198.69",40,"2024-01-05","INV283013","46525.05","Low Stock","2025-05-21","Rack-6","2024-08-24","Stock level: 18378 units, Supplier rating: 3.63"
"INV00000652","2024-04-27",2024,3,"PART000153","Part 153","PC572791","Subassembly","Essential component Part 153","SUP0053","Supplier 53","Hyderabad","India","3.64","WH03","Warehouse 3","East","Hyderabad",20500,4515,24,15961,1423,14567,23,"989.65","15795803.65",19,"2024-10-14","INV192828","59992.42","Out of Stock","null","Rack-91","2024-08-06","Stock level: 20500 units, Supplier rating: 3.64"
"INV00000653","2024-04-07",2024,3,"PART000154","Part 154","PC681795","Tool","Essential component Part 154","SUP0054","Supplier 54","Chennai","India","3.95","WH04","Warehouse 4","West","Chennai",28016,23891,170,3955,1961,15934,15,"115.18","455536.9",50,"2024-03-20","INV159378","41978.45","Discontinued","null","Rack-33","2024-03-14","Stock level: 28016 units, Supplier rating: 3.95"
"INV00000654","2024-01-28",2024,1,"PART000155","Part 155","PC927351","Packaging","Essential component Part 155","SUP0055","Supplier 55","Kolkata","India","4.93","WH05","Warehouse 5","Central","Kolkata",47319,44428,120,2771,222,2872,7,"713.93","1978300.03",29,"2024-05-28","INV606249","97857.81","On Order","null","Rack-26","2024-10-09","Stock level: 47319 units, Supplier rating: 4.93"
"INV00000655","2024-04-16",2024,11,"PART000156","Part 156","PC861475","Raw Material","Essential component Part 156","SUP0056","Supplier 56","Jaipur","India","4.04","WH06","Warehouse 6","North","Jaipur",17911,1920,123,15868,438,7069,36,"404.04","6411306.72",25,"2024-04-11","INV374436","10243.78","Available","2025-12-08","Rack-24","2024-03-26","Stock level: 17911 units, Supplier rating: 4.04"
"INV00000656","2024-08-25",2024,5,"PART000157","Part 157","PC472927","Component","Essential component Part 157","SUP0057","Supplier 57","Mumbai","India","4.92","WH07","Warehouse 7","South","Mumbai",20625,12673,64,7888,4573,4639,12,"343.27","2707713.76",77,"2024-10-15","INV564649","16853.94","Low Stock","null","Rack-72","2024-06-18","Stock level: 20625 units, Supplier rating: 4.92"
"INV00000657","2024-05-28",2024,3,"PART000158","Part 158","PC194021","Subassembly","Essential component Part 158","SUP0058","Supplier 58","Delhi","India","3.08","WH08","Warehouse 8","East","Delhi",37523,13080,217,24226,2999,11912,8,"826.29","20017701.54",18,"2024-06-23","INV696494","70109.58","Out of Stock","null","Rack-99","2024-05-22","Stock level: 37523 units, Supplier rating: 3.08"
"INV00000658","2024-04-01",2024,1,"PART000159","Part 159","PC821180","Tool","Essential component Part 159","SUP0059","Supplier 59","Bangalore","India","2.15","WH09","Warehouse 9","West","Bangalore",33325,7852,176,25297,794,6141,41,"909.75","23013945.75",70,"2024-11-10","INV147627","51050.5","Discontinued","null","Rack-53","2024-04-03","Stock level: 33325 units, Supplier rating: 2.15"
"INV00000659","2024-08-19",2024,7,"PART000160","Part 160","PC684341","Packaging","Essential component Part 160","SUP0060","Supplier 60","Pune","India","3.15","WH10","Warehouse 10","Central","Pune",49815,46471,351,2993,334,13430,27,"78.36","234531.48",11,"2024-06-10","INV258846","5234.96","On Order","null","Rack-87","2024-12-24","Stock level: 49815 units, Supplier rating: 3.15"
"INV00000660","2024-01-20",2024,6,"PART000161","Part 161","PC241732","Raw Material","Essential component Part 161","SUP0001","Supplier 1","Hyderabad","India","3.94","WH01","Warehouse 1","North","Hyderabad",33233,5480,7,27746,1293,18443,17,"36.51","1013006.46",76,"2024-09-15","INV579189","89220.77","Available","null","Rack-76","2024-12-13","Stock level: 33233 units, Supplier rating: 3.94"
"INV00000661","2024-09-09",2024,1,"PART000162","Part 162","PC246643","Component","Essential component Part 162","SUP0002","Supplier 2","Chennai","India","4.81","WH02","Warehouse 2","South","Chennai",6567,928,410,5229,3363,10608,29,"787.4","4117314.6",47,"2024-04-26","INV381922","49123.57","Low Stock","null","Rack-94","2024-07-07","Stock level: 6567 units, Supplier rating: 4.81"
"INV00000662","2024-05-11",2024,7,"PART000163","Part 163","PC779477","Subassembly","Essential component Part 163","SUP0003","Supplier 3","Kolkata","India","2.45","WH03","Warehouse 3","East","Kolkata",6728,2617,18,4093,2165,11566,9,"99.18","405943.74",40,"2024-11-11","INV999929","16762.99","Out of Stock","null","Rack-63","2024-11-20","Stock level: 6728 units, Supplier rating: 2.45"
"INV00000663","2024-08-21",2024,2,"PART000164","Part 164","PC289725","Tool","Essential component Part 164","SUP0004","Supplier 4","Jaipur","India","4.47","WH04","Warehouse 4","West","Jaipur",6684,6181,343,160,4465,8468,27,"457.23","73156.8",16,"2024-10-03","INV321484","34246.58","Discontinued","null","Rack-84","2024-12-12","Stock level: 6684 units, Supplier rating: 4.47"
"INV00000664","2024-08-13",2024,10,"PART000165","Part 165","PC808638","Packaging","Essential component Part 165","SUP0005","Supplier 5","Mumbai","India","3.22","WH05","Warehouse 5","Central","Mumbai",10194,1866,300,8028,4962,549,31,"409.06","3283933.68",28,"2024-08-17","INV706940","50530.92","On Order","null","Rack-94","2024-09-13","Stock level: 10194 units, Supplier rating: 3.22"
"INV00000665","2024-10-27",2024,12,"PART000166","Part 166","PC871130","Raw Material","Essential component Part 166","SUP0006","Supplier 6","Delhi","India","3.91","WH06","Warehouse 6","North","Delhi",24196,9075,243,14878,4663,15191,53,"475.26","7070918.28",32,"2024-03-18","INV239173","55724.39","Available","null","Rack-27","2024-06-09","Stock level: 24196 units, Supplier rating: 3.91"
"INV00000666","2024-07-27",2024,12,"PART000167","Part 167","PC209349","Component","Essential component Part 167","SUP0007","Supplier 7","Bangalore","India","2.07","WH07","Warehouse 7","South","Bangalore",28770,11771,60,16939,2318,19958,53,"740.87","12549596.93",58,"2024-11-28","INV730343","69686.22","Low Stock","2025-04-11","Rack-46","2024-10-22","Stock level: 28770 units, Supplier rating: 2.07"
"INV00000667","2024-10-23",2024,1,"PART000168","Part 168","PC165662","Subassembly","Essential component Part 168","SUP0008","Supplier 8","Pune","India","2.2","WH08","Warehouse 8","East","Pune",22623,860,71,21692,1766,891,55,"295.45","6408901.4",80,"2024-09-01","INV245694","77304.98","Out of Stock","2025-07-03","Rack-96","2024-06-26","Stock level: 22623 units, Supplier rating: 2.2"
"INV00000668","2024-04-21",2024,3,"PART000169","Part 169","PC662976","Tool","Essential component Part 169","SUP0009","Supplier 9","Hyderabad","India","2.26","WH09","Warehouse 9","West","Hyderabad",25420,13624,86,11710,2887,3031,53,"386.55","4526500.5",13,"2024-01-20","INV274334","82621.85","Discontinued","2025-11-11","Rack-35","2024-09-27","Stock level: 25420 units, Supplier rating: 2.26"
"INV00000669","2024-10-09",2024,1,"PART000170","Part 170","PC346058","Packaging","Essential component Part 170","SUP0010","Supplier 10","Chennai","India","4.21","WH10","Warehouse 10","Central","Chennai",8736,85,260,8391,432,12991,55,"31.51","264400.41",21,"2024-04-25","INV779277","32882.4","On Order","2025-08-02","Rack-16","2024-03-27","Stock level: 8736 units, Supplier rating: 4.21"
"INV00000670","2024-12-22",2024,11,"PART000171","Part 171","PC129056","Raw Material","Essential component Part 171","SUP0011","Supplier 11","Kolkata","India","2.27","WH01","Warehouse 1","North","Kolkata",25735,22861,474,2400,4105,3484,44,"899.8","2159520",76,"2024-08-20","INV153453","19926.72","Available","null","Rack-100","2024-01-21","Stock level: 25735 units, Supplier rating: 2.27"
"INV00000671","2024-03-02",2024,7,"PART000172","Part 172","PC821056","Component","Essential component Part 172","SUP0012","Supplier 12","Jaipur","India","3.63","WH02","Warehouse 2","South","Jaipur",9167,1353,37,7777,3356,14302,60,"687.12","5343732.24",43,"2024-10-12","INV972115","34044.38","Low Stock","null","Rack-76","2024-08-02","Stock level: 9167 units, Supplier rating: 3.63"
"INV00000672","2024-09-03",2024,2,"PART000173","Part 173","PC486564","Subassembly","Essential component Part 173","SUP0013","Supplier 13","Mumbai","India","4.19","WH03","Warehouse 3","East","Mumbai",35157,15879,362,18916,4357,8000,40,"397.92","7527054.72",80,"2024-08-06","INV843549","74780.37","Out of Stock","null","Rack-14","2024-09-01","Stock level: 35157 units, Supplier rating: 4.19"
"INV00000673","2024-07-22",2024,8,"PART000174","Part 174","PC526372","Tool","Essential component Part 174","SUP0014","Supplier 14","Delhi","India","2.59","WH04","Warehouse 4","West","Delhi",11034,8868,199,1967,2615,16106,58,"729.02","1433982.34",10,"2024-06-24","INV300546","55069.84","Discontinued","null","Rack-39","2024-01-02","Stock level: 11034 units, Supplier rating: 2.59"
"INV00000674","2024-11-02",2024,10,"PART000175","Part 175","PC113908","Packaging","Essential component Part 175","SUP0015","Supplier 15","Bangalore","India","4.07","WH05","Warehouse 5","Central","Bangalore",25381,6547,255,18579,3899,15622,25,"100.05","1858828.95",23,"2024-07-03","INV698089","58444.4","On Order","null","Rack-90","2024-06-15","Stock level: 25381 units, Supplier rating: 4.07"
"INV00000675","2024-02-24",2024,4,"PART000176","Part 176","PC885651","Raw Material","Essential component Part 176","SUP0016","Supplier 16","Pune","India","3.13","WH06","Warehouse 6","North","Pune",30445,1581,474,28390,1089,19085,15,"199.25","5656707.5",62,"2024-03-04","INV499041","26045.48","Available","null","Rack-56","2024-12-08","Stock level: 30445 units, Supplier rating: 3.13"
"INV00000676","2024-07-02",2024,5,"PART000177","Part 177","PC770186","Component","Essential component Part 177","SUP0017","Supplier 17","Hyderabad","India","3.47","WH07","Warehouse 7","South","Hyderabad",12910,3540,452,8918,4352,16599,52,"889.13","7929261.34",50,"2024-01-05","INV561197","63619.95","Low Stock","null","Rack-52","2024-07-17","Stock level: 12910 units, Supplier rating: 3.47"
"INV00000677","2024-02-13",2024,1,"PART000178","Part 178","PC224917","Subassembly","Essential component Part 178","SUP0018","Supplier 18","Chennai","India","4.29","WH08","Warehouse 8","East","Chennai",16668,13910,283,2475,3870,2214,56,"101.15","250346.25",66,"2024-07-05","INV312004","28876.79","Out of Stock","2025-07-13","Rack-2","2024-12-17","Stock level: 16668 units, Supplier rating: 4.29"
"INV00000678","2024-05-25",2024,7,"PART000179","Part 179","PC639450","Tool","Essential component Part 179","SUP0019","Supplier 19","Kolkata","India","4.64","WH09","Warehouse 9","West","Kolkata",13662,6499,66,7097,1501,4422,37,"850.48","6035856.56",54,"2024-11-25","INV718399","72131.25","Discontinued","null","Rack-83","2024-10-06","Stock level: 13662 units, Supplier rating: 4.64"
"INV00000679","2024-03-12",2024,4,"PART000180","Part 180","PC508130","Packaging","Essential component Part 180","SUP0020","Supplier 20","Jaipur","India","2.16","WH10","Warehouse 10","Central","Jaipur",39532,34196,496,4840,4904,9060,18,"305.16","1476974.4",43,"2024-08-25","INV538564","96712.06","On Order","null","Rack-11","2024-09-06","Stock level: 39532 units, Supplier rating: 2.16"
"INV00000680","2024-03-10",2024,12,"PART000181","Part 181","PC449348","Raw Material","Essential component Part 181","SUP0021","Supplier 21","Mumbai","India","4.48","WH01","Warehouse 1","North","Mumbai",44730,19516,210,25004,3267,10606,53,"617.45","15438719.8",81,"2024-02-05","INV385686","64780.51","Available","null","Rack-45","2024-08-07","Stock level: 44730 units, Supplier rating: 4.48"
"INV00000681","2024-08-09",2024,3,"PART000182","Part 182","PC139267","Component","Essential component Part 182","SUP0022","Supplier 22","Delhi","India","2.57","WH02","Warehouse 2","South","Delhi",30829,12626,152,18051,2335,19474,44,"549.12","9912165.12",13,"2024-05-03","INV758779","30405.32","Low Stock","null","Rack-37","2024-12-24","Stock level: 30829 units, Supplier rating: 2.57"
"INV00000682","2024-08-24",2024,8,"PART000183","Part 183","PC805779","Subassembly","Essential component Part 183","SUP0023","Supplier 23","Bangalore","India","3.58","WH03","Warehouse 3","East","Bangalore",43089,3013,451,39625,2921,2579,27,"969.65","38422381.25",57,"2024-11-19","INV927318","53705.82","Out of Stock","null","Rack-14","2024-12-22","Stock level: 43089 units, Supplier rating: 3.58"
"INV00000683","2024-12-14",2024,9,"PART000184","Part 184","PC450904","Tool","Essential component Part 184","SUP0024","Supplier 24","Pune","India","2.85","WH04","Warehouse 4","West","Pune",48968,43959,256,4753,3734,16583,13,"131.63","625637.39",56,"2024-11-08","INV130465","29684.48","Discontinued","2025-11-10","Rack-26","2024-10-20","Stock level: 48968 units, Supplier rating: 2.85"
"INV00000684","2024-09-14",2024,11,"PART000185","Part 185","PC473345","Packaging","Essential component Part 185","SUP0025","Supplier 25","Hyderabad","India","3.28","WH05","Warehouse 5","Central","Hyderabad",46958,40012,342,6604,686,1551,19,"776.13","5125562.52",44,"2024-09-19","INV179293","86682.56","On Order","null","Rack-66","2024-03-16","Stock level: 46958 units, Supplier rating: 3.28"
"INV00000685","2024-03-11",2024,11,"PART000186","Part 186","PC127094","Raw Material","Essential component Part 186","SUP0026","Supplier 26","Chennai","India","4.68","WH06","Warehouse 6","North","Chennai",23492,18563,445,4484,3259,7771,29,"147.58","661748.72",66,"2024-10-24","INV648760","17976.99","Available","null","Rack-72","2024-04-14","Stock level: 23492 units, Supplier rating: 4.68"
"INV00000686","2024-02-28",2024,3,"PART000187","Part 187","PC205341","Component","Essential component Part 187","SUP0027","Supplier 27","Kolkata","India","3.12","WH07","Warehouse 7","South","Kolkata",34618,27878,222,6518,3028,9808,22,"196.49","1280721.82",77,"2024-06-17","INV815106","36232.07","Low Stock","2025-09-07","Rack-65","2024-07-18","Stock level: 34618 units, Supplier rating: 3.12"
"INV00000687","2024-05-13",2024,3,"PART000188","Part 188","PC204528","Subassembly","Essential component Part 188","SUP0028","Supplier 28","Jaipur","India","3.62","WH08","Warehouse 8","East","Jaipur",10270,824,270,9176,2020,6725,36,"602.26","5526337.76",41,"2024-06-24","INV937762","53381.79","Out of Stock","2025-06-28","Rack-3","2024-11-06","Stock level: 10270 units, Supplier rating: 3.62"
"INV00000688","2024-11-15",2024,7,"PART000189","Part 189","PC901976","Tool","Essential component Part 189","SUP0029","Supplier 29","Mumbai","India","3.14","WH09","Warehouse 9","West","Mumbai",14722,11606,214,2902,4573,5354,23,"816.77","2370266.54",35,"2024-02-21","INV755891","74406.05","Discontinued","null","Rack-14","2024-06-13","Stock level: 14722 units, Supplier rating: 3.14"
"INV00000689","2024-07-17",2024,6,"PART000190","Part 190","PC368521","Packaging","Essential component Part 190","SUP0030","Supplier 30","Delhi","India","3.49","WH10","Warehouse 10","Central","Delhi",17978,341,179,17458,3551,18508,8,"322.99","5638759.42",32,"2024-04-07","INV832960","52415.63","On Order","2025-04-22","Rack-18","2024-02-20","Stock level: 17978 units, Supplier rating: 3.49"
"INV00000690","2024-09-02",2024,6,"PART000191","Part 191","PC454391","Raw Material","Essential component Part 191","SUP0031","Supplier 31","Bangalore","India","4.46","WH01","Warehouse 1","North","Bangalore",12431,6819,292,5320,2619,10903,5,"93.97","499920.4",51,"2024-04-02","INV440757","56322.39","Available","2025-01-07","Rack-6","2024-04-03","Stock level: 12431 units, Supplier rating: 4.46"
"INV00000691","2024-09-11",2024,8,"PART000192","Part 192","PC657414","Component","Essential component Part 192","SUP0032","Supplier 32","Pune","India","4.06","WH02","Warehouse 2","South","Pune",14720,195,301,14224,2730,13668,13,"206.63","2939105.12",15,"2024-01-04","INV601213","7733.01","Low Stock","null","Rack-54","2024-09-07","Stock level: 14720 units, Supplier rating: 4.06"
"INV00000692","2024-04-05",2024,12,"PART000193","Part 193","PC152603","Subassembly","Essential component Part 193","SUP0033","Supplier 33","Hyderabad","India","2.74","WH03","Warehouse 3","East","Hyderabad",29516,22100,83,7333,2141,8450,51,"128.24","940383.92",67,"2024-11-14","INV668850","26317.07","Out of Stock","null","Rack-13","2024-08-21","Stock level: 29516 units, Supplier rating: 2.74"
"INV00000693","2024-03-11",2024,3,"PART000194","Part 194","PC411814","Tool","Essential component Part 194","SUP0034","Supplier 34","Chennai","India","3.67","WH04","Warehouse 4","West","Chennai",12048,1016,160,10872,4768,8927,60,"249.39","2711368.08",77,"2024-08-24","INV220840","83178.89","Discontinued","null","Rack-65","2024-03-05","Stock level: 12048 units, Supplier rating: 3.67"
"INV00000694","2024-04-18",2024,10,"PART000195","Part 195","PC123876","Packaging","Essential component Part 195","SUP0035","Supplier 35","Kolkata","India","4.54","WH05","Warehouse 5","Central","Kolkata",27247,22720,335,4192,1953,1551,14,"538.26","2256385.92",28,"2024-09-13","INV884952","89598.23","On Order","2025-05-17","Rack-19","2024-06-18","Stock level: 27247 units, Supplier rating: 4.54"
"INV00000695","2024-02-24",2024,2,"PART000196","Part 196","PC314334","Raw Material","Essential component Part 196","SUP0036","Supplier 36","Jaipur","India","2.02","WH06","Warehouse 6","North","Jaipur",49939,31113,183,18643,865,8731,53,"872.67","16269186.81",55,"2024-11-17","INV770795","53098.97","Available","null","Rack-41","2024-09-02","Stock level: 49939 units, Supplier rating: 2.02"
"INV00000696","2024-10-23",2024,12,"PART000197","Part 197","PC157489","Component","Essential component Part 197","SUP0037","Supplier 37","Mumbai","India","3.74","WH07","Warehouse 7","South","Mumbai",16322,12473,318,3531,3475,14060,8,"187.61","662450.91",80,"2024-04-17","INV996957","78063.93","Low Stock","null","Rack-70","2024-02-20","Stock level: 16322 units, Supplier rating: 3.74"
"INV00000697","2024-07-17",2024,8,"PART000198","Part 198","PC550812","Subassembly","Essential component Part 198","SUP0038","Supplier 38","Delhi","India","3.06","WH08","Warehouse 8","East","Delhi",8322,1794,283,6245,2554,4346,12,"636.55","3975254.75",70,"2024-08-06","INV438193","35728.84","Out of Stock","2025-01-15","Rack-73","2024-12-17","Stock level: 8322 units, Supplier rating: 3.06"
"INV00000698","2024-11-04",2024,4,"PART000199","Part 199","PC433294","Tool","Essential component Part 199","SUP0039","Supplier 39","Bangalore","India","4.74","WH09","Warehouse 9","West","Bangalore",2192,861,180,1151,4152,16764,42,"140.94","162221.94",64,"2024-06-04","INV994706","71191.76","Discontinued","null","Rack-34","2024-04-04","Stock level: 2192 units, Supplier rating: 4.74"
"INV00000699","2024-06-03",2024,2,"PART000200","Part 200","PC838117","Packaging","Essential component Part 200","SUP0040","Supplier 40","Pune","India","3.01","WH10","Warehouse 10","Central","Pune",7965,1525,64,6376,1648,17530,40,"956.59","6099217.84",17,"2024-03-16","INV484928","81895.5","On Order","null","Rack-1","2024-09-28","Stock level: 7965 units, Supplier rating: 3.01"
"INV00000700","2024-05-20",2024,4,"PART000201","Part 201","PC961850","Raw Material","Essential component Part 201","SUP0041","Supplier 41","Hyderabad","India","4.78","WH01","Warehouse 1","North","Hyderabad",13205,10692,142,2371,3001,19492,16,"877.79","2081240.09",89,"2024-01-20","INV173407","87334.8","Available","null","Rack-49","2024-04-20","Stock level: 13205 units, Supplier rating: 4.78"
"INV00000701","2024-09-17",2024,7,"PART000202","Part 202","PC143521","Component","Essential component Part 202","SUP0042","Supplier 42","Chennai","India","2.03","WH02","Warehouse 2","South","Chennai",26951,2876,207,23868,169,18583,37,"598.11","14275689.48",8,"2024-08-11","INV771407","81142.62","Low Stock","null","Rack-91","2024-04-11","Stock level: 26951 units, Supplier rating: 2.03"
"INV00000702","2024-01-24",2024,5,"PART000203","Part 203","PC929189","Subassembly","Essential component Part 203","SUP0043","Supplier 43","Kolkata","India","4.66","WH03","Warehouse 3","East","Kolkata",30056,8383,29,21644,1982,17502,30,"412.85","8935725.4",12,"2024-08-20","INV740774","77303.26","Out of Stock","null","Rack-69","2024-01-21","Stock level: 30056 units, Supplier rating: 4.66"
"INV00000703","2024-11-13",2024,7,"PART000204","Part 204","PC909520","Tool","Essential component Part 204","SUP0044","Supplier 44","Jaipur","India","2.58","WH04","Warehouse 4","West","Jaipur",35740,31738,328,3674,4493,8932,41,"501.7","1843245.8",8,"2024-07-18","INV838267","96305.73","Discontinued","null","Rack-81","2024-01-16","Stock level: 35740 units, Supplier rating: 2.58"
"INV00000704","2024-05-23",2024,2,"PART000205","Part 205","PC724598","Packaging","Essential component Part 205","SUP0045","Supplier 45","Mumbai","India","3.16","WH05","Warehouse 5","Central","Mumbai",35967,27355,144,8468,4366,12881,41,"643.71","5450936.28",62,"2024-01-02","INV433423","64888.64","On Order","2025-10-23","Rack-11","2024-05-17","Stock level: 35967 units, Supplier rating: 3.16"
"INV00000705","2024-12-13",2024,1,"PART000206","Part 206","PC797206","Raw Material","Essential component Part 206","SUP0046","Supplier 46","Delhi","India","3.65","WH06","Warehouse 6","North","Delhi",9122,326,8,8788,897,17134,10,"485.13","4263322.44",50,"2024-12-27","INV534890","55702.05","Available","null","Rack-71","2024-02-22","Stock level: 9122 units, Supplier rating: 3.65"
"INV00000706","2024-10-05",2024,6,"PART000207","Part 207","PC420773","Component","Essential component Part 207","SUP0047","Supplier 47","Bangalore","India","3.93","WH07","Warehouse 7","South","Bangalore",38265,7672,319,30274,1924,3774,15,"273.11","8268132.14",8,"2024-05-18","INV578193","1525.67","Low Stock","null","Rack-35","2024-04-16","Stock level: 38265 units, Supplier rating: 3.93"
"INV00000707","2024-02-02",2024,11,"PART000208","Part 208","PC456204","Subassembly","Essential component Part 208","SUP0048","Supplier 48","Pune","India","3.06","WH08","Warehouse 8","East","Pune",49452,35848,296,13308,1650,4826,22,"291.23","3875688.84",79,"2024-07-05","INV445303","33260.13","Out of Stock","null","Rack-22","2024-05-21","Stock level: 49452 units, Supplier rating: 3.06"
"INV00000708","2024-10-04",2024,1,"PART000209","Part 209","PC821507","Tool","Essential component Part 209","SUP0049","Supplier 49","Hyderabad","India","4.71","WH09","Warehouse 9","West","Hyderabad",34823,15447,263,19113,4874,14649,53,"730.86","13968927.18",82,"2024-01-26","INV807936","81369.59","Discontinued","2025-10-26","Rack-5","2024-05-08","Stock level: 34823 units, Supplier rating: 4.71"
"INV00000709","2024-03-05",2024,2,"PART000210","Part 210","PC844931","Packaging","Essential component Part 210","SUP0050","Supplier 50","Chennai","India","4.76","WH10","Warehouse 10","Central","Chennai",43709,19503,339,23867,2559,13020,46,"64.34","1535602.78",65,"2024-07-02","INV950590","83295.99","On Order","2025-04-24","Rack-76","2024-06-12","Stock level: 43709 units, Supplier rating: 4.76"
"INV00000710","2024-08-27",2024,1,"PART000211","Part 211","PC948996","Raw Material","Essential component Part 211","SUP0051","Supplier 51","Kolkata","India","2.44","WH01","Warehouse 1","North","Kolkata",11586,309,24,11253,2304,7575,55,"166.57","1874412.21",67,"2024-07-09","INV905071","74683.85","Available","2025-05-04","Rack-74","2024-03-12","Stock level: 11586 units, Supplier rating: 2.44"
"INV00000711","2024-08-10",2024,3,"PART000212","Part 212","PC644130","Component","Essential component Part 212","SUP0052","Supplier 52","Jaipur","India","2.04","WH02","Warehouse 2","South","Jaipur",15027,935,103,13989,628,1703,35,"917.21","12830850.69",50,"2024-10-09","INV225122","59749.75","Low Stock","null","Rack-49","2024-05-09","Stock level: 15027 units, Supplier rating: 2.04"
"INV00000712","2024-04-23",2024,10,"PART000213","Part 213","PC513200","Subassembly","Essential component Part 213","SUP0053","Supplier 53","Mumbai","India","2.29","WH03","Warehouse 3","East","Mumbai",22621,7001,90,15530,1309,13564,13,"360.3","5595459",56,"2024-11-19","INV395203","48807.08","Out of Stock","null","Rack-60","2024-03-15","Stock level: 22621 units, Supplier rating: 2.29"
"INV00000713","2024-10-16",2024,3,"PART000214","Part 214","PC311856","Tool","Essential component Part 214","SUP0054","Supplier 54","Delhi","India","2.91","WH04","Warehouse 4","West","Delhi",10667,3768,336,6563,3463,9978,47,"974.73","6397152.99",19,"2024-11-22","INV797427","36162.94","Discontinued","null","Rack-50","2024-01-27","Stock level: 10667 units, Supplier rating: 2.91"
"INV00000714","2024-09-04",2024,7,"PART000215","Part 215","PC272001","Packaging","Essential component Part 215","SUP0055","Supplier 55","Bangalore","India","4.72","WH05","Warehouse 5","Central","Bangalore",37902,36174,35,1693,646,10556,13,"14.11","23888.23",14,"2024-11-26","INV993075","20774.68","On Order","null","Rack-26","2024-04-21","Stock level: 37902 units, Supplier rating: 4.72"
"INV00000715","2024-04-06",2024,10,"PART000216","Part 216","PC286842","Raw Material","Essential component Part 216","SUP0056","Supplier 56","Pune","India","3.98","WH06","Warehouse 6","North","Pune",39730,25688,2,14040,2182,1086,21,"408.47","5734918.8",44,"2024-02-02","INV582841","6294.41","Available","null","Rack-45","2024-05-11","Stock level: 39730 units, Supplier rating: 3.98"
"INV00000716","2024-06-08",2024,2,"PART000217","Part 217","PC420225","Component","Essential component Part 217","SUP0057","Supplier 57","Hyderabad","India","2.27","WH07","Warehouse 7","South","Hyderabad",31617,6156,155,25306,3946,12817,34,"990.43","25063821.58",23,"2024-06-19","INV200384","31545.7","Low Stock","null","Rack-56","2024-05-13","Stock level: 31617 units, Supplier rating: 2.27"
"INV00000717","2024-05-07",2024,11,"PART000218","Part 218","PC486319","Subassembly","Essential component Part 218","SUP0058","Supplier 58","Chennai","India","3.1","WH08","Warehouse 8","East","Chennai",16609,7462,52,9095,1306,8391,53,"904.62","8227518.9",29,"2024-04-08","INV199426","63325.07","Out of Stock","2025-11-26","Rack-10","2024-11-16","Stock level: 16609 units, Supplier rating: 3.1"
"INV00000718","2024-04-01",2024,1,"PART000219","Part 219","PC409528","Tool","Essential component Part 219","SUP0059","Supplier 59","Kolkata","India","3.67","WH09","Warehouse 9","West","Kolkata",34270,10238,63,23969,653,7883,9,"911.22","21841032.18",56,"2024-03-09","INV360716","58263.29","Discontinued","null","Rack-88","2024-05-04","Stock level: 34270 units, Supplier rating: 3.67"
"INV00000719","2024-08-13",2024,7,"PART000220","Part 220","PC320322","Packaging","Essential component Part 220","SUP0060","Supplier 60","Jaipur","India","2.67","WH10","Warehouse 10","Central","Jaipur",5883,30,320,5533,245,18771,39,"645.21","3569946.93",28,"2024-03-09","INV785780","49099.7","On Order","null","Rack-27","2024-01-03","Stock level: 5883 units, Supplier rating: 2.67"
"INV00000720","2024-02-23",2024,3,"PART000221","Part 221","PC787572","Raw Material","Essential component Part 221","SUP0001","Supplier 1","Mumbai","India","3.03","WH01","Warehouse 1","North","Mumbai",39207,36024,387,2796,1701,12063,29,"913.06","2552915.76",14,"2024-03-15","INV439341","61856.64","Available","null","Rack-95","2024-09-01","Stock level: 39207 units, Supplier rating: 3.03"
"INV00000721","2024-09-12",2024,5,"PART000222","Part 222","PC507681","Component","Essential component Part 222","SUP0002","Supplier 2","Delhi","India","2.27","WH02","Warehouse 2","South","Delhi",39754,16476,116,23162,4592,8179,52,"452.31","10476404.22",88,"2024-09-19","INV284183","4499.39","Low Stock","null","Rack-90","2024-01-08","Stock level: 39754 units, Supplier rating: 2.27"
"INV00000722","2024-10-18",2024,9,"PART000223","Part 223","PC720369","Subassembly","Essential component Part 223","SUP0003","Supplier 3","Bangalore","India","3.34","WH03","Warehouse 3","East","Bangalore",14964,10909,382,3673,2354,10206,52,"295.16","1084122.68",9,"2024-05-13","INV361054","59729.83","Out of Stock","null","Rack-75","2024-01-22","Stock level: 14964 units, Supplier rating: 3.34"
"INV00000723","2024-12-27",2024,12,"PART000224","Part 224","PC742206","Tool","Essential component Part 224","SUP0004","Supplier 4","Pune","India","4.02","WH04","Warehouse 4","West","Pune",47105,10963,30,36112,2813,5233,10,"886.69","32020149.28",87,"2024-10-01","INV878399","1701.74","Discontinued","null","Rack-16","2024-04-22","Stock level: 47105 units, Supplier rating: 4.02"
"INV00000724","2024-08-24",2024,4,"PART000225","Part 225","PC247839","Packaging","Essential component Part 225","SUP0005","Supplier 5","Hyderabad","India","3.34","WH05","Warehouse 5","Central","Hyderabad",25912,7131,428,18353,284,13883,30,"887.54","16289021.62",6,"2024-02-18","INV875611","20737.79","On Order","2025-09-28","Rack-80","2024-08-18","Stock level: 25912 units, Supplier rating: 3.34"
"INV00000725","2024-11-21",2024,4,"PART000226","Part 226","PC919123","Raw Material","Essential component Part 226","SUP0006","Supplier 6","Chennai","India","3.67","WH06","Warehouse 6","North","Chennai",39515,24072,281,15162,4580,18960,47,"407.33","6175937.46",51,"2024-07-28","INV666121","6112.18","Available","null","Rack-70","2024-02-23","Stock level: 39515 units, Supplier rating: 3.67"
"INV00000726","2024-05-23",2024,5,"PART000227","Part 227","PC478489","Component","Essential component Part 227","SUP0007","Supplier 7","Kolkata","India","3.49","WH07","Warehouse 7","South","Kolkata",406,336,106,-36,2209,3951,51,"196.04","-7057.44",64,"2024-03-01","INV658861","99335.94","Low Stock","null","Rack-44","2024-03-04","Stock level: 406 units, Supplier rating: 3.49"
"INV00000727","2024-08-27",2024,6,"PART000228","Part 228","PC743664","Subassembly","Essential component Part 228","SUP0008","Supplier 8","Jaipur","India","3.14","WH08","Warehouse 8","East","Jaipur",16056,13525,379,2152,1309,6903,60,"282.38","607681.76",43,"2024-02-22","INV388108","75897.08","Out of Stock","null","Rack-89","2024-12-12","Stock level: 16056 units, Supplier rating: 3.14"
"INV00000728","2024-11-27",2024,12,"PART000229","Part 229","PC825225","Tool","Essential component Part 229","SUP0009","Supplier 9","Mumbai","India","3.32","WH09","Warehouse 9","West","Mumbai",45770,39471,44,6255,1581,12022,35,"487.03","3046372.65",85,"2024-03-15","INV506690","68873.24","Discontinued","2025-01-10","Rack-61","2024-02-14","Stock level: 45770 units, Supplier rating: 3.32"
"INV00000729","2024-06-14",2024,12,"PART000230","Part 230","PC852516","Packaging","Essential component Part 230","SUP0010","Supplier 10","Delhi","India","4.72","WH10","Warehouse 10","Central","Delhi",42664,31829,397,10438,2899,16538,45,"58.7","612710.6",32,"2024-05-23","INV142233","16944.5","On Order","null","Rack-98","2024-04-08","Stock level: 42664 units, Supplier rating: 4.72"
"INV00000730","2024-11-19",2024,5,"PART000231","Part 231","PC177166","Raw Material","Essential component Part 231","SUP0011","Supplier 11","Bangalore","India","3.97","WH01","Warehouse 1","North","Bangalore",27376,18918,496,7962,2505,1339,19,"235.46","1874732.52",28,"2024-03-19","INV507514","7701.3","Available","2025-07-21","Rack-64","2024-12-04","Stock level: 27376 units, Supplier rating: 3.97"
"INV00000731","2024-06-09",2024,9,"PART000232","Part 232","PC129373","Component","Essential component Part 232","SUP0012","Supplier 12","Pune","India","2.43","WH02","Warehouse 2","South","Pune",48879,8269,59,40551,4495,8066,50,"309.7","12558644.7",68,"2024-12-12","INV221273","99188.48","Low Stock","null","Rack-54","2024-07-15","Stock level: 48879 units, Supplier rating: 2.43"
"INV00000732","2024-04-20",2024,11,"PART000233","Part 233","PC925947","Subassembly","Essential component Part 233","SUP0013","Supplier 13","Hyderabad","India","3.3","WH03","Warehouse 3","East","Hyderabad",748,707,488,-447,3111,16827,7,"473.21","-211524.87",81,"2024-02-16","INV832367","18388.99","Out of Stock","null","Rack-94","2024-03-17","Stock level: 748 units, Supplier rating: 3.3"
"INV00000733","2024-02-20",2024,10,"PART000234","Part 234","PC299942","Tool","Essential component Part 234","SUP0014","Supplier 14","Chennai","India","3.6","WH04","Warehouse 4","West","Chennai",14406,11571,176,2659,2459,13821,28,"768.2","2042643.8",75,"2024-10-26","INV768682","88768.38","Discontinued","2025-09-15","Rack-27","2024-10-04","Stock level: 14406 units, Supplier rating: 3.6"
"INV00000734","2024-05-22",2024,4,"PART000235","Part 235","PC518369","Packaging","Essential component Part 235","SUP0015","Supplier 15","Kolkata","India","3.53","WH05","Warehouse 5","Central","Kolkata",37320,23874,14,13432,3495,17796,14,"426.24","5725255.68",51,"2024-08-06","INV222347","38121.41","On Order","null","Rack-46","2024-02-15","Stock level: 37320 units, Supplier rating: 3.53"
"INV00000735","2024-02-06",2024,5,"PART000236","Part 236","PC399765","Raw Material","Essential component Part 236","SUP0016","Supplier 16","Jaipur","India","3.57","WH06","Warehouse 6","North","Jaipur",1225,163,303,759,1015,12595,8,"398.65","302575.35",23,"2024-02-09","INV433152","64826.14","Available","null","Rack-16","2024-09-24","Stock level: 1225 units, Supplier rating: 3.57"
"INV00000736","2024-03-12",2024,11,"PART000237","Part 237","PC418927","Component","Essential component Part 237","SUP0017","Supplier 17","Mumbai","India","2.26","WH07","Warehouse 7","South","Mumbai",34212,1956,415,31841,4582,3411,15,"441.98","14073085.18",88,"2024-03-13","INV661516","94659.01","Low Stock","null","Rack-92","2024-04-20","Stock level: 34212 units, Supplier rating: 2.26"
"INV00000737","2024-12-03",2024,2,"PART000238","Part 238","PC553089","Subassembly","Essential component Part 238","SUP0018","Supplier 18","Delhi","India","2.34","WH08","Warehouse 8","East","Delhi",45528,35325,426,9777,1024,6464,56,"263.06","2571937.62",44,"2024-09-28","INV662492","97676.61","Out of Stock","2025-08-15","Rack-46","2024-02-06","Stock level: 45528 units, Supplier rating: 2.34"
"INV00000738","2024-12-05",2024,5,"PART000239","Part 239","PC318215","Tool","Essential component Part 239","SUP0019","Supplier 19","Bangalore","India","2.81","WH09","Warehouse 9","West","Bangalore",30283,7634,223,22426,289,17759,26,"145.98","3273747.48",70,"2024-12-19","INV514116","63791.54","Discontinued","2025-10-05","Rack-23","2024-11-23","Stock level: 30283 units, Supplier rating: 2.81"
"INV00000739","2024-09-01",2024,8,"PART000240","Part 240","PC298339","Packaging","Essential component Part 240","SUP0020","Supplier 20","Pune","India","2.02","WH10","Warehouse 10","Central","Pune",20805,19254,416,1135,2324,6107,29,"678.59","770199.65",70,"2024-10-20","INV340348","44215.93","On Order","null","Rack-99","2024-09-05","Stock level: 20805 units, Supplier rating: 2.02"
"INV00000740","2024-03-04",2024,11,"PART000241","Part 241","PC838248","Raw Material","Essential component Part 241","SUP0021","Supplier 21","Hyderabad","India","4.06","WH01","Warehouse 1","North","Hyderabad",7332,4011,368,2953,4092,17679,24,"380.01","1122169.53",39,"2024-03-24","INV982233","73144.99","Available","null","Rack-68","2024-12-24","Stock level: 7332 units, Supplier rating: 4.06"
"INV00000741","2024-11-02",2024,11,"PART000242","Part 242","PC941410","Component","Essential component Part 242","SUP0022","Supplier 22","Chennai","India","4.22","WH02","Warehouse 2","South","Chennai",16568,4679,454,11435,2533,12043,45,"190.01","2172764.35",26,"2024-03-21","INV825396","63021.41","Low Stock","null","Rack-23","2024-09-23","Stock level: 16568 units, Supplier rating: 4.22"
"INV00000742","2024-08-02",2024,4,"PART000243","Part 243","PC331008","Subassembly","Essential component Part 243","SUP0023","Supplier 23","Kolkata","India","4.87","WH03","Warehouse 3","East","Kolkata",32243,32074,476,-307,4789,15414,53,"416.86","-127976.02",60,"2024-02-21","INV567004","25063.4","Out of Stock","null","Rack-57","2024-12-28","Stock level: 32243 units, Supplier rating: 4.87"
"INV00000743","2024-11-12",2024,11,"PART000244","Part 244","PC168321","Tool","Essential component Part 244","SUP0024","Supplier 24","Jaipur","India","4.81","WH04","Warehouse 4","West","Jaipur",36405,34949,87,1369,4052,2799,16,"228.33","312583.77",78,"2024-02-02","INV319788","14271.67","Discontinued","null","Rack-42","2024-08-27","Stock level: 36405 units, Supplier rating: 4.81"
"INV00000744","2024-08-21",2024,1,"PART000245","Part 245","PC448940","Packaging","Essential component Part 245","SUP0025","Supplier 25","Mumbai","India","2.36","WH05","Warehouse 5","Central","Mumbai",9970,8678,270,1022,3017,7142,57,"106.3","108638.6",18,"2024-03-18","INV185219","61573.36","On Order","null","Rack-82","2024-03-13","Stock level: 9970 units, Supplier rating: 2.36"
"INV00000745","2024-03-10",2024,11,"PART000246","Part 246","PC858314","Raw Material","Essential component Part 246","SUP0026","Supplier 26","Delhi","India","2.6","WH06","Warehouse 6","North","Delhi",41997,24223,172,17602,936,5289,16,"477.1","8397914.2",12,"2024-05-18","INV217886","6614.19","Available","null","Rack-10","2024-07-19","Stock level: 41997 units, Supplier rating: 2.6"
"INV00000746","2024-03-10",2024,11,"PART000247","Part 247","PC724092","Component","Essential component Part 247","SUP0027","Supplier 27","Bangalore","India","2.11","WH07","Warehouse 7","South","Bangalore",1174,431,476,267,483,4809,11,"417.87","111571.29",34,"2024-12-17","INV354129","11345.19","Low Stock","null","Rack-51","2024-01-01","Stock level: 1174 units, Supplier rating: 2.11"
"INV00000747","2024-11-17",2024,4,"PART000248","Part 248","PC743917","Subassembly","Essential component Part 248","SUP0028","Supplier 28","Pune","India","2.09","WH08","Warehouse 8","East","Pune",12682,6693,308,5681,2486,4844,56,"643.61","3656348.41",78,"2024-10-01","INV477857","19003.9","Out of Stock","null","Rack-52","2024-07-27","Stock level: 12682 units, Supplier rating: 2.09"
"INV00000748","2024-11-18",2024,12,"PART000249","Part 249","PC383306","Tool","Essential component Part 249","SUP0029","Supplier 29","Hyderabad","India","4.84","WH09","Warehouse 9","West","Hyderabad",33774,27035,28,6711,2888,17108,53,"85.31","572515.41",19,"2024-11-14","INV422787","2971.59","Discontinued","null","Rack-88","2024-04-15","Stock level: 33774 units, Supplier rating: 4.84"
"INV00000749","2024-05-13",2024,11,"PART000250","Part 250","PC210098","Packaging","Essential component Part 250","SUP0030","Supplier 30","Chennai","India","2.46","WH10","Warehouse 10","Central","Chennai",21281,7323,48,13910,3617,9236,45,"409.61","5697675.1",69,"2024-04-27","INV417439","48039.87","On Order","null","Rack-28","2024-04-27","Stock level: 21281 units, Supplier rating: 2.46"
"INV00000750","2024-06-10",2024,6,"PART000001","Part 1","PC662833","Raw Material","Essential component Part 1","SUP0031","Supplier 31","Kolkata","India","3.57","WH01","Warehouse 1","North","Kolkata",45126,21836,138,23152,508,12330,24,"978.82","22661640.64",61,"2024-09-19","INV717589","82012.39","Available","null","Rack-56","2024-10-03","Stock level: 45126 units, Supplier rating: 3.57"
"INV00000751","2024-04-23",2024,7,"PART000002","Part 2","PC563407","Component","Essential component Part 2","SUP0032","Supplier 32","Jaipur","India","4.98","WH02","Warehouse 2","South","Jaipur",6891,4833,176,1882,2270,3180,41,"15.83","29792.06",20,"2024-09-28","INV728427","82493.44","Low Stock","null","Rack-3","2024-10-12","Stock level: 6891 units, Supplier rating: 4.98"
"INV00000752","2024-06-24",2024,1,"PART000003","Part 3","PC296533","Subassembly","Essential component Part 3","SUP0033","Supplier 33","Mumbai","India","4.86","WH03","Warehouse 3","East","Mumbai",47321,17808,332,29181,2263,9884,12,"542.15","15820479.15",14,"2024-03-10","INV569687","59741.82","Out of Stock","null","Rack-55","2024-10-08","Stock level: 47321 units, Supplier rating: 4.86"
"INV00000753","2024-07-18",2024,2,"PART000004","Part 4","PC884702","Tool","Essential component Part 4","SUP0034","Supplier 34","Delhi","India","4.4","WH04","Warehouse 4","West","Delhi",6682,5396,124,1162,521,8638,28,"795.44","924301.28",13,"2024-09-12","INV352523","87158.83","Discontinued","2025-08-05","Rack-57","2024-09-22","Stock level: 6682 units, Supplier rating: 4.4"
"INV00000754","2024-11-28",2024,1,"PART000005","Part 5","PC808831","Packaging","Essential component Part 5","SUP0035","Supplier 35","Bangalore","India","3.85","WH05","Warehouse 5","Central","Bangalore",16625,14522,393,1710,586,9727,45,"412.82","705922.2",19,"2024-08-12","INV985008","73397.21","On Order","null","Rack-65","2024-11-06","Stock level: 16625 units, Supplier rating: 3.85"
"INV00000755","2024-11-26",2024,6,"PART000006","Part 6","PC133678","Raw Material","Essential component Part 6","SUP0036","Supplier 36","Pune","India","2.63","WH06","Warehouse 6","North","Pune",38051,23729,355,13967,3287,8950,36,"696.37","9726199.79",63,"2024-04-11","INV258387","57137.48","Available","null","Rack-91","2024-01-09","Stock level: 38051 units, Supplier rating: 2.63"
"INV00000756","2024-07-17",2024,10,"PART000007","Part 7","PC680800","Component","Essential component Part 7","SUP0037","Supplier 37","Hyderabad","India","4.66","WH07","Warehouse 7","South","Hyderabad",13928,10526,399,3003,3721,14115,17,"135.55","407056.65",51,"2024-05-19","INV498242","14526.76","Low Stock","null","Rack-32","2024-07-11","Stock level: 13928 units, Supplier rating: 4.66"
"INV00000757","2024-04-04",2024,9,"PART000008","Part 8","PC259362","Subassembly","Essential component Part 8","SUP0038","Supplier 38","Chennai","India","2.95","WH08","Warehouse 8","East","Chennai",36873,2792,220,33861,2521,4293,44,"335.96","11375941.56",60,"2024-10-05","INV412697","47811.17","Out of Stock","null","Rack-7","2024-02-01","Stock level: 36873 units, Supplier rating: 2.95"
"INV00000758","2024-09-24",2024,6,"PART000009","Part 9","PC529944","Tool","Essential component Part 9","SUP0039","Supplier 39","Kolkata","India","4.66","WH09","Warehouse 9","West","Kolkata",38766,21928,44,16794,4739,13440,12,"430.65","7232336.1",80,"2024-05-12","INV482173","2145.93","Discontinued","null","Rack-51","2024-03-05","Stock level: 38766 units, Supplier rating: 4.66"
"INV00000759","2024-10-05",2024,3,"PART000010","Part 10","PC439902","Packaging","Essential component Part 10","SUP0040","Supplier 40","Jaipur","India","2.42","WH10","Warehouse 10","Central","Jaipur",17652,9848,325,7479,1125,8680,50,"329.57","2464854.03",39,"2024-02-26","INV693713","14786.03","On Order","null","Rack-14","2024-07-19","Stock level: 17652 units, Supplier rating: 2.42"
"INV00000760","2024-08-26",2024,4,"PART000011","Part 11","PC417744","Raw Material","Essential component Part 11","SUP0041","Supplier 41","Mumbai","India","3.22","WH01","Warehouse 1","North","Mumbai",36981,20985,103,15893,1516,6792,60,"130.27","2070381.11",45,"2024-07-08","INV270714","89463.08","Available","2025-05-22","Rack-9","2024-05-11","Stock level: 36981 units, Supplier rating: 3.22"
"INV00000761","2024-07-10",2024,10,"PART000012","Part 12","PC280383","Component","Essential component Part 12","SUP0042","Supplier 42","Delhi","India","4.09","WH02","Warehouse 2","South","Delhi",23384,4211,228,18945,1198,13721,30,"398.66","7552613.7",31,"2024-03-23","INV117198","29682.63","Low Stock","null","Rack-99","2024-02-24","Stock level: 23384 units, Supplier rating: 4.09"
"INV00000762","2024-05-08",2024,1,"PART000013","Part 13","PC546271","Subassembly","Essential component Part 13","SUP0043","Supplier 43","Bangalore","India","2.31","WH03","Warehouse 3","East","Bangalore",42213,7391,453,34369,946,15080,36,"942.16","32381097.04",64,"2024-02-26","INV394333","12292.18","Out of Stock","2025-01-06","Rack-37","2024-05-01","Stock level: 42213 units, Supplier rating: 2.31"
"INV00000763","2024-05-23",2024,10,"PART000014","Part 14","PC850188","Tool","Essential component Part 14","SUP0044","Supplier 44","Pune","India","3.72","WH04","Warehouse 4","West","Pune",38870,3138,327,35405,2308,2264,6,"778.37","27558189.85",41,"2024-01-02","INV280630","50100.31","Discontinued","null","Rack-80","2024-03-28","Stock level: 38870 units, Supplier rating: 3.72"
"INV00000764","2024-10-21",2024,6,"PART000015","Part 15","PC128043","Packaging","Essential component Part 15","SUP0045","Supplier 45","Hyderabad","India","3.75","WH05","Warehouse 5","Central","Hyderabad",45455,28870,246,16339,4694,1305,9,"651.72","10648453.08",66,"2024-05-13","INV456245","90345.07","On Order","null","Rack-57","2024-11-08","Stock level: 45455 units, Supplier rating: 3.75"
"INV00000765","2024-12-24",2024,2,"PART000016","Part 16","PC696346","Raw Material","Essential component Part 16","SUP0046","Supplier 46","Chennai","India","4.28","WH06","Warehouse 6","North","Chennai",40089,39256,233,600,3673,10106,14,"848.69","509214",73,"2024-01-25","INV302597","81520.79","Available","2025-02-23","Rack-49","2024-07-08","Stock level: 40089 units, Supplier rating: 4.28"
"INV00000766","2024-04-20",2024,5,"PART000017","Part 17","PC811893","Component","Essential component Part 17","SUP0047","Supplier 47","Kolkata","India","4.3","WH07","Warehouse 7","South","Kolkata",16915,641,141,16133,2214,19298,28,"613.08","9890819.64",59,"2024-02-08","INV562788","85496.19","Low Stock","null","Rack-45","2024-03-08","Stock level: 16915 units, Supplier rating: 4.3"
"INV00000767","2024-12-08",2024,8,"PART000018","Part 18","PC548302","Subassembly","Essential component Part 18","SUP0048","Supplier 48","Jaipur","India","3.91","WH08","Warehouse 8","East","Jaipur",20344,10397,284,9663,4627,2243,22,"583.92","5642418.96",50,"2024-12-25","INV123557","51009.69","Out of Stock","null","Rack-31","2024-09-13","Stock level: 20344 units, Supplier rating: 3.91"
"INV00000768","2024-02-12",2024,8,"PART000019","Part 19","PC488972","Tool","Essential component Part 19","SUP0049","Supplier 49","Mumbai","India","2.68","WH09","Warehouse 9","West","Mumbai",9247,6487,480,2280,4348,4912,27,"424.91","968794.8",35,"2024-07-25","INV644588","23501.73","Discontinued","2025-12-16","Rack-63","2024-02-09","Stock level: 9247 units, Supplier rating: 2.68"
"INV00000769","2024-07-24",2024,9,"PART000020","Part 20","PC396404","Packaging","Essential component Part 20","SUP0050","Supplier 50","Delhi","India","4.87","WH10","Warehouse 10","Central","Delhi",3759,827,72,2860,703,9765,46,"28.44","81338.4",38,"2024-03-13","INV421371","49165.36","On Order","null","Rack-84","2024-01-15","Stock level: 3759 units, Supplier rating: 4.87"
"INV00000770","2024-09-07",2024,2,"PART000021","Part 21","PC660974","Raw Material","Essential component Part 21","SUP0051","Supplier 51","Bangalore","India","2.28","WH01","Warehouse 1","North","Bangalore",17310,13227,424,3659,307,17015,16,"94.97","347495.23",48,"2024-02-09","INV858756","15722.22","Available","null","Rack-61","2024-03-17","Stock level: 17310 units, Supplier rating: 2.28"
"INV00000771","2024-06-22",2024,6,"PART000022","Part 22","PC462767","Component","Essential component Part 22","SUP0052","Supplier 52","Pune","India","4.07","WH02","Warehouse 2","South","Pune",48831,22466,94,26271,4450,1271,38,"646.99","16997074.29",14,"2024-12-26","INV392214","71187.18","Low Stock","null","Rack-67","2024-10-26","Stock level: 48831 units, Supplier rating: 4.07"
"INV00000772","2024-04-15",2024,8,"PART000023","Part 23","PC224233","Subassembly","Essential component Part 23","SUP0053","Supplier 53","Hyderabad","India","4.15","WH03","Warehouse 3","East","Hyderabad",5859,5582,275,2,2399,10583,39,"57.06","114.12",69,"2024-05-05","INV145589","73122.84","Out of Stock","2025-10-20","Rack-92","2024-11-13","Stock level: 5859 units, Supplier rating: 4.15"
"INV00000773","2024-08-08",2024,10,"PART000024","Part 24","PC497122","Tool","Essential component Part 24","SUP0054","Supplier 54","Chennai","India","4.23","WH04","Warehouse 4","West","Chennai",35403,31746,281,3376,117,18617,30,"904.36","3053119.36",81,"2024-04-04","INV989516","50086.48","Discontinued","null","Rack-48","2024-01-14","Stock level: 35403 units, Supplier rating: 4.23"
"INV00000774","2024-11-07",2024,2,"PART000025","Part 25","PC393364","Packaging","Essential component Part 25","SUP0055","Supplier 55","Kolkata","India","4.18","WH05","Warehouse 5","Central","Kolkata",32836,2541,339,29956,2363,11713,26,"576.41","17266937.96",13,"2024-10-27","INV199439","26080.26","On Order","null","Rack-50","2024-02-04","Stock level: 32836 units, Supplier rating: 4.18"
"INV00000775","2024-11-26",2024,8,"PART000026","Part 26","PC482658","Raw Material","Essential component Part 26","SUP0056","Supplier 56","Jaipur","India","2.61","WH06","Warehouse 6","North","Jaipur",23929,20929,354,2646,900,10730,9,"134.43","355701.78",26,"2024-07-15","INV907579","2656.68","Available","2025-07-17","Rack-15","2024-06-10","Stock level: 23929 units, Supplier rating: 2.61"
"INV00000776","2024-11-01",2024,3,"PART000027","Part 27","PC307854","Component","Essential component Part 27","SUP0057","Supplier 57","Mumbai","India","4.46","WH07","Warehouse 7","South","Mumbai",37492,25857,55,11580,947,1058,41,"263.71","3053761.8",13,"2024-05-28","INV822478","45408.38","Low Stock","null","Rack-93","2024-07-25","Stock level: 37492 units, Supplier rating: 4.46"
"INV00000777","2024-05-18",2024,4,"PART000028","Part 28","PC338225","Subassembly","Essential component Part 28","SUP0058","Supplier 58","Delhi","India","4.71","WH08","Warehouse 8","East","Delhi",31275,4252,113,26910,1685,2860,32,"876.22","23579080.2",37,"2024-07-16","INV783850","27908.91","Out of Stock","null","Rack-49","2024-12-14","Stock level: 31275 units, Supplier rating: 4.71"
"INV00000778","2024-12-15",2024,5,"PART000029","Part 29","PC323936","Tool","Essential component Part 29","SUP0059","Supplier 59","Bangalore","India","2.82","WH09","Warehouse 9","West","Bangalore",46117,34976,236,10905,3097,12926,19,"82.96","904678.8",71,"2024-08-09","INV411683","79107.49","Discontinued","2025-03-12","Rack-34","2024-03-13","Stock level: 46117 units, Supplier rating: 2.82"
"INV00000779","2024-02-10",2024,12,"PART000030","Part 30","PC598393","Packaging","Essential component Part 30","SUP0060","Supplier 60","Pune","India","4.28","WH10","Warehouse 10","Central","Pune",23043,10358,372,12313,3405,19631,52,"474.84","5846704.92",81,"2024-12-14","INV626581","12701.8","On Order","null","Rack-21","2024-02-02","Stock level: 23043 units, Supplier rating: 4.28"
"INV00000780","2024-02-24",2024,9,"PART000031","Part 31","PC758742","Raw Material","Essential component Part 31","SUP0001","Supplier 1","Hyderabad","India","3.62","WH01","Warehouse 1","North","Hyderabad",30438,26947,336,3155,3055,1454,47,"595.5","1878802.5",54,"2024-12-23","INV905283","64525.31","Available","2025-08-24","Rack-77","2024-04-23","Stock level: 30438 units, Supplier rating: 3.62"
"INV00000781","2024-12-15",2024,2,"PART000032","Part 32","PC243360","Component","Essential component Part 32","SUP0002","Supplier 2","Chennai","India","2.89","WH02","Warehouse 2","South","Chennai",9564,8510,384,670,2669,18968,19,"409.74","274525.8",78,"2024-11-16","INV223623","56623.11","Low Stock","null","Rack-22","2024-02-19","Stock level: 9564 units, Supplier rating: 2.89"
"INV00000782","2024-01-16",2024,9,"PART000033","Part 33","PC838719","Subassembly","Essential component Part 33","SUP0003","Supplier 3","Kolkata","India","4.76","WH03","Warehouse 3","East","Kolkata",15195,14788,129,278,2854,16170,28,"681.99","189593.22",25,"2024-04-10","INV319568","5921.94","Out of Stock","null","Rack-23","2024-09-08","Stock level: 15195 units, Supplier rating: 4.76"
"INV00000783","2024-10-07",2024,3,"PART000034","Part 34","PC729675","Tool","Essential component Part 34","SUP0004","Supplier 4","Jaipur","India","3.82","WH04","Warehouse 4","West","Jaipur",14826,5115,279,9432,1905,6275,24,"768.15","7245190.8",8,"2024-11-21","INV190360","77872","Discontinued","null","Rack-43","2024-12-09","Stock level: 14826 units, Supplier rating: 3.82"
"INV00000784","2024-03-08",2024,1,"PART000035","Part 35","PC386113","Packaging","Essential component Part 35","SUP0005","Supplier 5","Mumbai","India","4.28","WH05","Warehouse 5","Central","Mumbai",16574,15369,397,808,727,8992,32,"743.14","600457.12",51,"2024-05-10","INV907265","68292.86","On Order","null","Rack-71","2024-03-02","Stock level: 16574 units, Supplier rating: 4.28"
"INV00000785","2024-08-27",2024,9,"PART000036","Part 36","PC487307","Raw Material","Essential component Part 36","SUP0006","Supplier 6","Delhi","India","2.9","WH06","Warehouse 6","North","Delhi",13756,8042,337,5377,3314,10411,7,"307.26","1652137.02",14,"2024-08-17","INV948336","34190.56","Available","null","Rack-26","2024-10-26","Stock level: 13756 units, Supplier rating: 2.9"
"INV00000786","2024-10-11",2024,6,"PART000037","Part 37","PC137690","Component","Essential component Part 37","SUP0007","Supplier 7","Bangalore","India","3.46","WH07","Warehouse 7","South","Bangalore",26645,26174,370,101,4081,15278,43,"531.69","53700.69",17,"2024-02-22","INV247193","83803.67","Low Stock","null","Rack-43","2024-09-27","Stock level: 26645 units, Supplier rating: 3.46"
"INV00000787","2024-09-06",2024,10,"PART000038","Part 38","PC155827","Subassembly","Essential component Part 38","SUP0008","Supplier 8","Pune","India","3.84","WH08","Warehouse 8","East","Pune",49088,45973,456,2659,4717,12997,7,"635.12","1688784.08",44,"2024-02-21","INV200876","32832.12","Out of Stock","2025-09-09","Rack-15","2024-07-07","Stock level: 49088 units, Supplier rating: 3.84"
"INV00000788","2024-11-28",2024,4,"PART000039","Part 39","PC702840","Tool","Essential component Part 39","SUP0009","Supplier 9","Hyderabad","India","2.72","WH09","Warehouse 9","West","Hyderabad",1192,733,79,380,780,3739,6,"649.12","246665.6",23,"2024-02-16","INV874647","51968.11","Discontinued","null","Rack-70","2024-09-13","Stock level: 1192 units, Supplier rating: 2.72"
"INV00000789","2024-06-17",2024,5,"PART000040","Part 40","PC571099","Packaging","Essential component Part 40","SUP0010","Supplier 10","Chennai","India","3.8","WH10","Warehouse 10","Central","Chennai",5449,4714,235,500,805,1007,7,"734.38","367190",70,"2024-08-02","INV186180","67538.43","On Order","null","Rack-67","2024-05-16","Stock level: 5449 units, Supplier rating: 3.8"
"INV00000790","2024-06-12",2024,5,"PART000041","Part 41","PC767943","Raw Material","Essential component Part 41","SUP0011","Supplier 11","Kolkata","India","3.74","WH01","Warehouse 1","North","Kolkata",38596,16662,482,21452,4818,8165,6,"831.61","17839697.72",64,"2024-11-22","INV686853","22383.77","Available","null","Rack-95","2024-05-12","Stock level: 38596 units, Supplier rating: 3.74"
"INV00000791","2024-09-22",2024,9,"PART000042","Part 42","PC755690","Component","Essential component Part 42","SUP0012","Supplier 12","Jaipur","India","3.46","WH02","Warehouse 2","South","Jaipur",25210,19662,265,5283,186,1799,43,"593.85","3137309.55",47,"2024-02-03","INV542352","32174","Low Stock","2025-01-28","Rack-48","2024-04-07","Stock level: 25210 units, Supplier rating: 3.46"
"INV00000792","2024-01-16",2024,11,"PART000043","Part 43","PC371081","Subassembly","Essential component Part 43","SUP0013","Supplier 13","Mumbai","India","3.52","WH03","Warehouse 3","East","Mumbai",34518,30958,75,3485,4262,3765,59,"852.4","2970614",14,"2024-01-03","INV257907","25089.73","Out of Stock","2025-05-17","Rack-62","2024-12-14","Stock level: 34518 units, Supplier rating: 3.52"
"INV00000793","2024-07-13",2024,4,"PART000044","Part 44","PC200388","Tool","Essential component Part 44","SUP0014","Supplier 14","Delhi","India","3.55","WH04","Warehouse 4","West","Delhi",116,53,184,-121,1074,13206,19,"45.51","-5506.71",15,"2024-12-04","INV787184","60851.75","Discontinued","2025-04-12","Rack-42","2024-09-04","Stock level: 116 units, Supplier rating: 3.55"
"INV00000794","2024-06-21",2024,5,"PART000045","Part 45","PC791324","Packaging","Essential component Part 45","SUP0015","Supplier 15","Bangalore","India","3.25","WH05","Warehouse 5","Central","Bangalore",7670,7382,2,286,1701,15659,10,"37.6","10753.6",72,"2024-03-03","INV989056","52514.79","On Order","null","Rack-31","2024-06-07","Stock level: 7670 units, Supplier rating: 3.25"
"INV00000795","2024-06-18",2024,8,"PART000046","Part 46","PC660024","Raw Material","Essential component Part 46","SUP0016","Supplier 16","Pune","India","2.71","WH06","Warehouse 6","North","Pune",846,271,424,151,4908,6284,45,"603.17","91078.67",41,"2024-02-11","INV271796","32138","Available","null","Rack-57","2024-04-27","Stock level: 846 units, Supplier rating: 2.71"
"INV00000796","2024-04-06",2024,5,"PART000047","Part 47","PC801413","Component","Essential component Part 47","SUP0017","Supplier 17","Hyderabad","India","2.39","WH07","Warehouse 7","South","Hyderabad",29814,22205,78,7531,345,6468,13,"304.36","2292135.16",38,"2024-11-22","INV725838","35448.23","Low Stock","2025-03-23","Rack-81","2024-06-19","Stock level: 29814 units, Supplier rating: 2.39"
"INV00000797","2024-11-10",2024,8,"PART000048","Part 48","PC556573","Subassembly","Essential component Part 48","SUP0018","Supplier 18","Chennai","India","2.29","WH08","Warehouse 8","East","Chennai",17589,12576,109,4904,4216,17165,27,"970.4","4758841.6",12,"2024-08-16","INV283495","73406.51","Out of Stock","null","Rack-32","2024-12-02","Stock level: 17589 units, Supplier rating: 2.29"
"INV00000798","2024-01-09",2024,2,"PART000049","Part 49","PC316842","Tool","Essential component Part 49","SUP0019","Supplier 19","Kolkata","India","2.64","WH09","Warehouse 9","West","Kolkata",22957,17463,72,5422,3647,16805,50,"579.45","3141777.9",69,"2024-06-24","INV999232","16895.8","Discontinued","2025-02-24","Rack-92","2024-01-24","Stock level: 22957 units, Supplier rating: 2.64"
"INV00000799","2024-06-08",2024,3,"PART000050","Part 50","PC841258","Packaging","Essential component Part 50","SUP0020","Supplier 20","Jaipur","India","2.22","WH10","Warehouse 10","Central","Jaipur",826,349,83,394,2135,7357,5,"599.62","236250.28",73,"2024-05-05","INV224035","41136.11","On Order","null","Rack-80","2024-08-21","Stock level: 826 units, Supplier rating: 2.22"
"INV00000800","2024-10-02",2024,3,"PART000051","Part 51","PC370849","Raw Material","Essential component Part 51","SUP0021","Supplier 21","Mumbai","India","3.6","WH01","Warehouse 1","North","Mumbai",6558,6488,37,33,1597,19732,32,"778.51","25690.83",83,"2024-09-18","INV900483","30055.71","Available","2025-07-21","Rack-81","2024-03-03","Stock level: 6558 units, Supplier rating: 3.6"
"INV00000801","2024-04-24",2024,12,"PART000052","Part 52","PC271565","Component","Essential component Part 52","SUP0022","Supplier 22","Delhi","India","2.6","WH02","Warehouse 2","South","Delhi",42530,22678,144,19708,4606,13245,17,"671.42","13232345.36",13,"2024-07-09","INV897598","70599.25","Low Stock","null","Rack-70","2024-07-18","Stock level: 42530 units, Supplier rating: 2.6"
"INV00000802","2024-04-03",2024,11,"PART000053","Part 53","PC795766","Subassembly","Essential component Part 53","SUP0023","Supplier 23","Bangalore","India","3.66","WH03","Warehouse 3","East","Bangalore",48951,30086,12,18853,4308,1173,23,"115.85","2184120.05",36,"2024-11-19","INV617837","55733.44","Out of Stock","null","Rack-58","2024-12-03","Stock level: 48951 units, Supplier rating: 3.66"
"INV00000803","2024-03-08",2024,3,"PART000054","Part 54","PC605590","Tool","Essential component Part 54","SUP0024","Supplier 24","Pune","India","4.95","WH04","Warehouse 4","West","Pune",37512,121,124,37267,1599,9110,26,"736.88","27461306.96",41,"2024-01-26","INV913978","20150.68","Discontinued","null","Rack-24","2024-04-10","Stock level: 37512 units, Supplier rating: 4.95"
"INV00000804","2024-04-09",2024,3,"PART000055","Part 55","PC268598","Packaging","Essential component Part 55","SUP0025","Supplier 25","Hyderabad","India","2.12","WH05","Warehouse 5","Central","Hyderabad",38153,13730,104,24319,3173,13769,50,"778.53","18933071.07",47,"2024-07-26","INV265465","20338.41","On Order","2025-12-07","Rack-54","2024-09-18","Stock level: 38153 units, Supplier rating: 2.12"
"INV00000805","2024-03-23",2024,1,"PART000056","Part 56","PC935964","Raw Material","Essential component Part 56","SUP0026","Supplier 26","Chennai","India","3.5","WH06","Warehouse 6","North","Chennai",9790,7127,447,2216,4901,19122,58,"974.9","2160378.4",89,"2024-10-17","INV299803","98769.92","Available","null","Rack-72","2024-11-19","Stock level: 9790 units, Supplier rating: 3.5"
"INV00000806","2024-09-14",2024,11,"PART000057","Part 57","PC932153","Component","Essential component Part 57","SUP0027","Supplier 27","Kolkata","India","3.45","WH07","Warehouse 7","South","Kolkata",20099,3849,82,16168,2404,948,5,"354.85","5737214.8",64,"2024-07-13","INV303728","16214.4","Low Stock","2025-06-22","Rack-28","2024-06-22","Stock level: 20099 units, Supplier rating: 3.45"
"INV00000807","2024-07-18",2024,2,"PART000058","Part 58","PC587523","Subassembly","Essential component Part 58","SUP0028","Supplier 28","Jaipur","India","2.92","WH08","Warehouse 8","East","Jaipur",3567,2008,328,1231,682,18823,39,"587.66","723409.46",67,"2024-11-15","INV695779","29246.67","Out of Stock","null","Rack-62","2024-09-23","Stock level: 3567 units, Supplier rating: 2.92"
"INV00000808","2024-05-17",2024,11,"PART000059","Part 59","PC615729","Tool","Essential component Part 59","SUP0029","Supplier 29","Mumbai","India","2.15","WH09","Warehouse 9","West","Mumbai",30998,3826,301,26871,1778,16894,28,"166.36","4470259.56",87,"2024-01-24","INV812652","85529.95","Discontinued","2025-06-23","Rack-29","2024-12-13","Stock level: 30998 units, Supplier rating: 2.15"
"INV00000809","2024-10-11",2024,3,"PART000060","Part 60","PC247898","Packaging","Essential component Part 60","SUP0030","Supplier 30","Delhi","India","4.04","WH10","Warehouse 10","Central","Delhi",12692,12098,175,419,2305,15388,15,"626.71","262591.49",48,"2024-12-19","INV228125","67578.39","On Order","null","Rack-61","2024-12-13","Stock level: 12692 units, Supplier rating: 4.04"
"INV00000810","2024-10-16",2024,12,"PART000061","Part 61","PC900964","Raw Material","Essential component Part 61","SUP0031","Supplier 31","Bangalore","India","4.59","WH01","Warehouse 1","North","Bangalore",243,191,392,-340,2147,7296,59,"432.24","-146961.6",37,"2024-02-06","INV576250","80419.8","Available","null","Rack-72","2024-11-14","Stock level: 243 units, Supplier rating: 4.59"
"INV00000811","2024-05-13",2024,2,"PART000062","Part 62","PC239925","Component","Essential component Part 62","SUP0032","Supplier 32","Pune","India","2.69","WH02","Warehouse 2","South","Pune",23592,12138,279,11175,4019,18408,25,"325.59","3638468.25",10,"2024-01-19","INV494581","54064.29","Low Stock","null","Rack-38","2024-06-12","Stock level: 23592 units, Supplier rating: 2.69"
"INV00000812","2024-01-24",2024,5,"PART000063","Part 63","PC179965","Subassembly","Essential component Part 63","SUP0033","Supplier 33","Hyderabad","India","2.51","WH03","Warehouse 3","East","Hyderabad",12420,11871,285,264,4723,9379,34,"421.91","111384.24",58,"2024-12-01","INV493421","21840.96","Out of Stock","null","Rack-47","2024-12-09","Stock level: 12420 units, Supplier rating: 2.51"
"INV00000813","2024-12-23",2024,3,"PART000064","Part 64","PC494111","Tool","Essential component Part 64","SUP0034","Supplier 34","Chennai","India","2.27","WH04","Warehouse 4","West","Chennai",47235,16536,57,30642,4423,14080,56,"494.26","15145114.92",11,"2024-03-27","INV108068","29995.94","Discontinued","null","Rack-27","2024-01-22","Stock level: 47235 units, Supplier rating: 2.27"
"INV00000814","2024-04-28",2024,7,"PART000065","Part 65","PC584741","Packaging","Essential component Part 65","SUP0035","Supplier 35","Kolkata","India","4.68","WH05","Warehouse 5","Central","Kolkata",31049,15166,468,15415,3014,12020,34,"186.49","2874743.35",29,"2024-01-25","INV952015","50848.47","On Order","null","Rack-46","2024-12-17","Stock level: 31049 units, Supplier rating: 4.68"
"INV00000815","2024-10-19",2024,11,"PART000066","Part 66","PC506436","Raw Material","Essential component Part 66","SUP0036","Supplier 36","Jaipur","India","3.04","WH06","Warehouse 6","North","Jaipur",4507,1122,427,2958,234,7763,45,"168.74","499132.92",83,"2024-05-07","INV137157","71385.6","Available","2025-11-19","Rack-77","2024-08-10","Stock level: 4507 units, Supplier rating: 3.04"
"INV00000816","2024-12-18",2024,1,"PART000067","Part 67","PC965277","Component","Essential component Part 67","SUP0037","Supplier 37","Mumbai","India","2.62","WH07","Warehouse 7","South","Mumbai",11226,9079,62,2085,4233,2743,55,"583.78","1217181.3",47,"2024-12-23","INV942864","14107.51","Low Stock","null","Rack-2","2024-08-18","Stock level: 11226 units, Supplier rating: 2.62"
"INV00000817","2024-12-28",2024,6,"PART000068","Part 68","PC533618","Subassembly","Essential component Part 68","SUP0038","Supplier 38","Delhi","India","3.41","WH08","Warehouse 8","East","Delhi",31339,28010,137,3192,1996,535,58,"432.17","1379486.64",36,"2024-07-24","INV144014","67014.7","Out of Stock","null","Rack-5","2024-11-25","Stock level: 31339 units, Supplier rating: 3.41"
"INV00000818","2024-06-20",2024,8,"PART000069","Part 69","PC314591","Tool","Essential component Part 69","SUP0039","Supplier 39","Bangalore","India","4.29","WH09","Warehouse 9","West","Bangalore",40128,31732,444,7952,2656,4000,22,"96.67","768719.84",27,"2024-07-22","INV247650","14737.4","Discontinued","null","Rack-97","2024-02-10","Stock level: 40128 units, Supplier rating: 4.29"
"INV00000819","2024-09-14",2024,6,"PART000070","Part 70","PC206048","Packaging","Essential component Part 70","SUP0040","Supplier 40","Pune","India","4.84","WH10","Warehouse 10","Central","Pune",31870,4167,176,27527,3110,13955,46,"354.59","9760798.93",42,"2024-08-27","INV754202","15250.84","On Order","null","Rack-66","2024-03-20","Stock level: 31870 units, Supplier rating: 4.84"
"INV00000820","2024-04-04",2024,1,"PART000071","Part 71","PC413036","Raw Material","Essential component Part 71","SUP0041","Supplier 41","Hyderabad","India","3.24","WH01","Warehouse 1","North","Hyderabad",46137,6711,218,39208,2641,7208,37,"413.62","16217212.96",89,"2024-04-25","INV686358","1635.82","Available","2025-03-21","Rack-50","2024-06-12","Stock level: 46137 units, Supplier rating: 3.24"
"INV00000821","2024-10-04",2024,2,"PART000072","Part 72","PC844863","Component","Essential component Part 72","SUP0042","Supplier 42","Chennai","India","3.45","WH02","Warehouse 2","South","Chennai",8421,86,343,7992,1132,13587,43,"111.44","890628.48",64,"2024-07-05","INV942576","55192.69","Low Stock","2025-10-12","Rack-72","2024-11-14","Stock level: 8421 units, Supplier rating: 3.45"
"INV00000822","2024-12-23",2024,12,"PART000073","Part 73","PC931633","Subassembly","Essential component Part 73","SUP0043","Supplier 43","Kolkata","India","3.71","WH03","Warehouse 3","East","Kolkata",25336,12298,455,12583,3432,826,14,"507.04","6380084.32",87,"2024-11-11","INV453509","17066.44","Out of Stock","null","Rack-92","2024-07-18","Stock level: 25336 units, Supplier rating: 3.71"
"INV00000823","2024-06-25",2024,9,"PART000074","Part 74","PC342008","Tool","Essential component Part 74","SUP0044","Supplier 44","Jaipur","India","3.79","WH04","Warehouse 4","West","Jaipur",34013,18832,36,15145,1884,819,29,"348.85","5283333.25",74,"2024-12-09","INV874900","43992.04","Discontinued","2025-01-14","Rack-95","2024-10-05","Stock level: 34013 units, Supplier rating: 3.79"
"INV00000824","2024-06-28",2024,2,"PART000075","Part 75","PC876303","Packaging","Essential component Part 75","SUP0045","Supplier 45","Mumbai","India","3.57","WH05","Warehouse 5","Central","Mumbai",24915,9587,4,15324,2093,16547,23,"467.87","7169639.88",13,"2024-01-12","INV594783","69252.33","On Order","2025-09-21","Rack-48","2024-11-16","Stock level: 24915 units, Supplier rating: 3.57"
"INV00000825","2024-02-14",2024,9,"PART000076","Part 76","PC905229","Raw Material","Essential component Part 76","SUP0046","Supplier 46","Delhi","India","3.64","WH06","Warehouse 6","North","Delhi",45628,44837,192,599,4003,19437,41,"642.55","384887.45",59,"2024-02-22","INV902316","11050.44","Available","null","Rack-15","2024-03-06","Stock level: 45628 units, Supplier rating: 3.64"
"INV00000826","2024-11-14",2024,7,"PART000077","Part 77","PC934859","Component","Essential component Part 77","SUP0047","Supplier 47","Bangalore","India","2.11","WH07","Warehouse 7","South","Bangalore",8795,260,458,8077,2121,5684,16,"734.76","5934656.52",6,"2024-05-14","INV843963","30898.88","Low Stock","null","Rack-78","2024-09-15","Stock level: 8795 units, Supplier rating: 2.11"
"INV00000827","2024-11-27",2024,5,"PART000078","Part 78","PC161543","Subassembly","Essential component Part 78","SUP0048","Supplier 48","Pune","India","2.95","WH08","Warehouse 8","East","Pune",41228,33766,186,7276,3812,6265,42,"952.99","6933955.24",5,"2024-07-25","INV367274","12637.58","Out of Stock","null","Rack-83","2024-06-01","Stock level: 41228 units, Supplier rating: 2.95"
"INV00000828","2024-07-11",2024,3,"PART000079","Part 79","PC926345","Tool","Essential component Part 79","SUP0049","Supplier 49","Hyderabad","India","3.52","WH09","Warehouse 9","West","Hyderabad",47591,29683,119,17789,2116,3129,46,"858.79","15277015.31",33,"2024-06-03","INV407793","94985.69","Discontinued","null","Rack-39","2024-04-22","Stock level: 47591 units, Supplier rating: 3.52"
"INV00000829","2024-05-06",2024,3,"PART000080","Part 80","PC143603","Packaging","Essential component Part 80","SUP0050","Supplier 50","Chennai","India","3.27","WH10","Warehouse 10","Central","Chennai",18052,4169,57,13826,4241,18513,51,"229.94","3179150.44",17,"2024-06-13","INV217770","62173.18","On Order","null","Rack-65","2024-06-04","Stock level: 18052 units, Supplier rating: 3.27"
"INV00000830","2024-10-20",2024,1,"PART000081","Part 81","PC969919","Raw Material","Essential component Part 81","SUP0051","Supplier 51","Kolkata","India","3.11","WH01","Warehouse 1","North","Kolkata",15125,7661,40,7424,1228,10692,28,"688.45","5111052.8",6,"2024-03-16","INV724172","81908.24","Available","null","Rack-29","2024-02-10","Stock level: 15125 units, Supplier rating: 3.11"
"INV00000831","2024-06-09",2024,11,"PART000082","Part 82","PC617240","Component","Essential component Part 82","SUP0052","Supplier 52","Jaipur","India","2.79","WH02","Warehouse 2","South","Jaipur",23418,19459,355,3604,3050,4023,10,"487.3","1756229.2",56,"2024-04-21","INV554322","13016","Low Stock","null","Rack-63","2024-04-11","Stock level: 23418 units, Supplier rating: 2.79"
"INV00000832","2024-06-21",2024,2,"PART000083","Part 83","PC622240","Subassembly","Essential component Part 83","SUP0053","Supplier 53","Mumbai","India","2.56","WH03","Warehouse 3","East","Mumbai",11961,9443,434,2084,300,9595,53,"124.91","260312.44",68,"2024-08-04","INV777731","41951.56","Out of Stock","2025-06-12","Rack-74","2024-11-03","Stock level: 11961 units, Supplier rating: 2.56"
"INV00000833","2024-09-20",2024,12,"PART000084","Part 84","PC702838","Tool","Essential component Part 84","SUP0054","Supplier 54","Delhi","India","3.02","WH04","Warehouse 4","West","Delhi",33943,17956,204,15783,3122,3036,52,"648.5","10235275.5",69,"2024-06-22","INV530331","53950.35","Discontinued","null","Rack-54","2024-02-20","Stock level: 33943 units, Supplier rating: 3.02"
"INV00000834","2024-12-24",2024,11,"PART000085","Part 85","PC125070","Packaging","Essential component Part 85","SUP0055","Supplier 55","Bangalore","India","3.23","WH05","Warehouse 5","Central","Bangalore",34870,21803,21,13046,3175,16328,45,"145.84","1902628.64",90,"2024-09-24","INV933959","75745.21","On Order","null","Rack-68","2024-01-23","Stock level: 34870 units, Supplier rating: 3.23"
"INV00000835","2024-03-05",2024,7,"PART000086","Part 86","PC693225","Raw Material","Essential component Part 86","SUP0056","Supplier 56","Pune","India","4.49","WH06","Warehouse 6","North","Pune",4605,4327,175,103,794,12267,30,"116.8","12030.4",16,"2024-07-02","INV369163","53270.05","Available","2025-05-27","Rack-78","2024-06-25","Stock level: 4605 units, Supplier rating: 4.49"
"INV00000836","2024-11-28",2024,4,"PART000087","Part 87","PC735353","Component","Essential component Part 87","SUP0057","Supplier 57","Hyderabad","India","4.56","WH07","Warehouse 7","South","Hyderabad",21587,4098,292,17197,1788,18659,10,"750.56","12907380.32",27,"2024-12-06","INV223749","28230.57","Low Stock","null","Rack-60","2024-12-08","Stock level: 21587 units, Supplier rating: 4.56"
"INV00000837","2024-08-06",2024,12,"PART000088","Part 88","PC567324","Subassembly","Essential component Part 88","SUP0058","Supplier 58","Chennai","India","2.77","WH08","Warehouse 8","East","Chennai",9527,8441,103,983,3693,12766,23,"659.36","648150.88",28,"2024-07-25","INV461910","4530.44","Out of Stock","2025-06-19","Rack-90","2024-12-16","Stock level: 9527 units, Supplier rating: 2.77"
"INV00000838","2024-05-13",2024,12,"PART000089","Part 89","PC801157","Tool","Essential component Part 89","SUP0059","Supplier 59","Kolkata","India","4.82","WH09","Warehouse 9","West","Kolkata",45762,43055,465,2242,4413,9868,46,"406.32","910969.44",18,"2024-08-20","INV884092","66090.6","Discontinued","null","Rack-77","2024-12-21","Stock level: 45762 units, Supplier rating: 4.82"
"INV00000839","2024-12-17",2024,3,"PART000090","Part 90","PC341198","Packaging","Essential component Part 90","SUP0060","Supplier 60","Jaipur","India","3.24","WH10","Warehouse 10","Central","Jaipur",38132,12227,141,25764,4979,7894,16,"83.16","2142534.24",32,"2024-03-15","INV663629","27617.23","On Order","null","Rack-77","2024-06-11","Stock level: 38132 units, Supplier rating: 3.24"
"INV00000840","2024-10-19",2024,8,"PART000091","Part 91","PC509573","Raw Material","Essential component Part 91","SUP0001","Supplier 1","Mumbai","India","3.92","WH01","Warehouse 1","North","Mumbai",2320,1523,300,497,3215,3145,9,"688.65","342259.05",84,"2024-12-22","INV293094","88918.31","Available","2025-04-26","Rack-64","2024-09-21","Stock level: 2320 units, Supplier rating: 3.92"
"INV00000841","2024-04-15",2024,11,"PART000092","Part 92","PC497819","Component","Essential component Part 92","SUP0002","Supplier 2","Delhi","India","4.06","WH02","Warehouse 2","South","Delhi",37201,33768,84,3349,3576,11625,34,"558.99","1872057.51",83,"2024-03-27","INV773501","34474.12","Low Stock","null","Rack-12","2024-03-09","Stock level: 37201 units, Supplier rating: 4.06"
"INV00000842","2024-04-25",2024,12,"PART000093","Part 93","PC977505","Subassembly","Essential component Part 93","SUP0003","Supplier 3","Bangalore","India","4.27","WH03","Warehouse 3","East","Bangalore",48383,38026,479,9878,1186,11774,33,"413.52","4084750.56",31,"2024-10-23","INV574233","24572","Out of Stock","null","Rack-67","2024-04-16","Stock level: 48383 units, Supplier rating: 4.27"
"INV00000843","2024-09-25",2024,3,"PART000094","Part 94","PC558595","Tool","Essential component Part 94","SUP0004","Supplier 4","Pune","India","4.25","WH04","Warehouse 4","West","Pune",1448,347,488,613,1128,16676,13,"793.46","486390.98",7,"2024-11-17","INV134765","88611.17","Discontinued","null","Rack-86","2024-05-06","Stock level: 1448 units, Supplier rating: 4.25"
"INV00000844","2024-11-18",2024,4,"PART000095","Part 95","PC492309","Packaging","Essential component Part 95","SUP0005","Supplier 5","Hyderabad","India","2.78","WH05","Warehouse 5","Central","Hyderabad",43460,19600,250,23610,2436,7142,27,"374.1","8832501",64,"2024-09-10","INV585795","78732.68","On Order","2025-11-18","Rack-45","2024-01-23","Stock level: 43460 units, Supplier rating: 2.78"
"INV00000845","2024-04-16",2024,4,"PART000096","Part 96","PC779470","Raw Material","Essential component Part 96","SUP0006","Supplier 6","Chennai","India","4.19","WH06","Warehouse 6","North","Chennai",46533,16614,341,29578,1283,3173,6,"371.79","10996804.62",59,"2024-10-01","INV294507","39545.37","Available","2025-08-08","Rack-94","2024-05-10","Stock level: 46533 units, Supplier rating: 4.19"
"INV00000846","2024-09-12",2024,3,"PART000097","Part 97","PC844114","Component","Essential component Part 97","SUP0007","Supplier 7","Kolkata","India","3.48","WH07","Warehouse 7","South","Kolkata",49470,2695,214,46561,2804,1926,43,"586.4","27303370.4",48,"2024-08-04","INV278877","70616.25","Low Stock","null","Rack-75","2024-11-10","Stock level: 49470 units, Supplier rating: 3.48"
"INV00000847","2024-10-26",2024,3,"PART000098","Part 98","PC308696","Subassembly","Essential component Part 98","SUP0008","Supplier 8","Jaipur","India","3.92","WH08","Warehouse 8","East","Jaipur",35655,21141,139,14375,4799,17582,55,"757.09","10883168.75",14,"2024-02-07","INV403016","74162.18","Out of Stock","null","Rack-77","2024-05-18","Stock level: 35655 units, Supplier rating: 3.92"
"INV00000848","2024-09-05",2024,6,"PART000099","Part 99","PC873315","Tool","Essential component Part 99","SUP0009","Supplier 9","Mumbai","India","3.52","WH09","Warehouse 9","West","Mumbai",6193,5600,383,210,4933,742,36,"225.96","47451.6",13,"2024-06-11","INV548047","60689.34","Discontinued","null","Rack-23","2024-04-14","Stock level: 6193 units, Supplier rating: 3.52"
"INV00000849","2024-06-26",2024,4,"PART000100","Part 100","PC484188","Packaging","Essential component Part 100","SUP0010","Supplier 10","Delhi","India","4.87","WH10","Warehouse 10","Central","Delhi",3857,2402,357,1098,2736,3625,26,"302.56","332210.88",22,"2024-05-17","INV651064","78143.89","On Order","null","Rack-84","2024-03-23","Stock level: 3857 units, Supplier rating: 4.87"
"INV00000850","2024-03-16",2024,10,"PART000101","Part 101","PC737492","Raw Material","Essential component Part 101","SUP0011","Supplier 11","Bangalore","India","4.85","WH01","Warehouse 1","North","Bangalore",30989,10295,449,20245,1858,9320,32,"897.21","18164016.45",17,"2024-10-07","INV818764","95029.46","Available","null","Rack-51","2024-07-23","Stock level: 30989 units, Supplier rating: 4.85"
"INV00000851","2024-06-15",2024,1,"PART000102","Part 102","PC392490","Component","Essential component Part 102","SUP0012","Supplier 12","Pune","India","2.47","WH02","Warehouse 2","South","Pune",47119,33369,446,13304,332,19073,56,"53.49","711630.96",17,"2024-01-26","INV391216","63144.62","Low Stock","2025-02-21","Rack-97","2024-06-23","Stock level: 47119 units, Supplier rating: 2.47"
"INV00000852","2024-05-10",2024,10,"PART000103","Part 103","PC990235","Subassembly","Essential component Part 103","SUP0013","Supplier 13","Hyderabad","India","3.16","WH03","Warehouse 3","East","Hyderabad",25347,20610,437,4300,894,6417,20,"616.48","2650864",11,"2024-03-10","INV343878","77896.94","Out of Stock","null","Rack-59","2024-07-18","Stock level: 25347 units, Supplier rating: 3.16"
"INV00000853","2024-04-11",2024,10,"PART000104","Part 104","PC423757","Tool","Essential component Part 104","SUP0014","Supplier 14","Chennai","India","3.98","WH04","Warehouse 4","West","Chennai",24894,7872,429,16593,189,8767,45,"791.71","13136844.03",47,"2024-01-05","INV420666","27181.62","Discontinued","null","Rack-91","2024-01-02","Stock level: 24894 units, Supplier rating: 3.98"
"INV00000854","2024-03-01",2024,3,"PART000105","Part 105","PC645921","Packaging","Essential component Part 105","SUP0015","Supplier 15","Kolkata","India","2.39","WH05","Warehouse 5","Central","Kolkata",34691,6474,6,28211,1205,11949,49,"745.37","21027633.07",34,"2024-11-26","INV490753","20487.08","On Order","null","Rack-39","2024-09-21","Stock level: 34691 units, Supplier rating: 2.39"
"INV00000855","2024-10-07",2024,12,"PART000106","Part 106","PC163931","Raw Material","Essential component Part 106","SUP0016","Supplier 16","Jaipur","India","3.42","WH06","Warehouse 6","North","Jaipur",12223,5174,476,6573,738,6830,10,"660.6","4342123.8",81,"2024-01-11","INV804149","65935.14","Available","null","Rack-67","2024-01-20","Stock level: 12223 units, Supplier rating: 3.42"
"INV00000856","2024-06-01",2024,1,"PART000107","Part 107","PC863674","Component","Essential component Part 107","SUP0017","Supplier 17","Mumbai","India","2.04","WH07","Warehouse 7","South","Mumbai",20939,19639,323,977,4632,3626,22,"478.38","467377.26",81,"2024-10-06","INV839797","70350.75","Low Stock","null","Rack-19","2024-04-10","Stock level: 20939 units, Supplier rating: 2.04"
"INV00000857","2024-06-01",2024,2,"PART000108","Part 108","PC826886","Subassembly","Essential component Part 108","SUP0018","Supplier 18","Delhi","India","3.67","WH08","Warehouse 8","East","Delhi",31473,26158,64,5251,4176,2048,52,"638.01","3350190.51",37,"2024-06-09","INV707669","44858.69","Out of Stock","null","Rack-35","2024-01-11","Stock level: 31473 units, Supplier rating: 3.67"
"INV00000858","2024-07-14",2024,9,"PART000109","Part 109","PC125210","Tool","Essential component Part 109","SUP0019","Supplier 19","Bangalore","India","3.05","WH09","Warehouse 9","West","Bangalore",19310,17671,244,1395,4630,11782,25,"66.22","92376.9",65,"2024-10-22","INV193244","36053.34","Discontinued","null","Rack-88","2024-12-27","Stock level: 19310 units, Supplier rating: 3.05"
"INV00000859","2024-09-08",2024,11,"PART000110","Part 110","PC410052","Packaging","Essential component Part 110","SUP0020","Supplier 20","Pune","India","2.07","WH10","Warehouse 10","Central","Pune",500,291,243,-34,2509,8000,57,"382.67","-13010.78",6,"2024-05-05","INV778627","94754.68","On Order","null","Rack-99","2024-07-17","Stock level: 500 units, Supplier rating: 2.07"
"INV00000860","2024-07-20",2024,8,"PART000111","Part 111","PC736298","Raw Material","Essential component Part 111","SUP0021","Supplier 21","Hyderabad","India","2.24","WH01","Warehouse 1","North","Hyderabad",46726,28251,21,18454,898,13942,60,"396.07","7309075.78",45,"2024-12-03","INV445904","7501.23","Available","null","Rack-100","2024-09-07","Stock level: 46726 units, Supplier rating: 2.24"
"INV00000861","2024-05-21",2024,10,"PART000112","Part 112","PC487088","Component","Essential component Part 112","SUP0022","Supplier 22","Chennai","India","3.6","WH02","Warehouse 2","South","Chennai",28408,7116,363,20929,3102,11516,53,"642.63","13449603.27",83,"2024-06-20","INV817385","4950.33","Low Stock","2025-10-05","Rack-37","2024-07-28","Stock level: 28408 units, Supplier rating: 3.6"
"INV00000862","2024-01-10",2024,2,"PART000113","Part 113","PC338796","Subassembly","Essential component Part 113","SUP0023","Supplier 23","Kolkata","India","2.8","WH03","Warehouse 3","East","Kolkata",17566,12786,461,4319,845,12485,54,"153.94","664866.86",81,"2024-01-24","INV831675","1515.77","Out of Stock","2025-02-21","Rack-86","2024-01-11","Stock level: 17566 units, Supplier rating: 2.8"
"INV00000863","2024-09-20",2024,5,"PART000114","Part 114","PC262733","Tool","Essential component Part 114","SUP0024","Supplier 24","Jaipur","India","2.63","WH04","Warehouse 4","West","Jaipur",10901,1557,276,9068,3954,15539,38,"14.94","135475.92",12,"2024-08-11","INV223005","81147.08","Discontinued","null","Rack-92","2024-07-12","Stock level: 10901 units, Supplier rating: 2.63"
"INV00000864","2024-11-02",2024,10,"PART000115","Part 115","PC546629","Packaging","Essential component Part 115","SUP0025","Supplier 25","Mumbai","India","4.67","WH05","Warehouse 5","Central","Mumbai",39339,30492,492,8355,1310,12527,36,"439.11","3668764.05",37,"2024-10-25","INV242520","84934.05","On Order","null","Rack-76","2024-05-18","Stock level: 39339 units, Supplier rating: 4.67"
"INV00000865","2024-05-03",2024,5,"PART000116","Part 116","PC515207","Raw Material","Essential component Part 116","SUP0026","Supplier 26","Delhi","India","2.02","WH06","Warehouse 6","North","Delhi",10071,835,438,8798,3201,2743,14,"776.02","6827423.96",67,"2024-11-28","INV194325","20259.85","Available","null","Rack-12","2024-05-17","Stock level: 10071 units, Supplier rating: 2.02"
"INV00000866","2024-01-28",2024,5,"PART000117","Part 117","PC229414","Component","Essential component Part 117","SUP0027","Supplier 27","Bangalore","India","3.44","WH07","Warehouse 7","South","Bangalore",19025,1913,252,16860,1671,5153,52,"614.96","10368225.6",57,"2024-03-02","INV694814","72153.58","Low Stock","null","Rack-7","2024-06-21","Stock level: 19025 units, Supplier rating: 3.44"
"INV00000867","2024-02-12",2024,4,"PART000118","Part 118","PC106086","Subassembly","Essential component Part 118","SUP0028","Supplier 28","Pune","India","3.98","WH08","Warehouse 8","East","Pune",38702,4049,268,34385,2371,17339,49,"308.16","10596081.6",75,"2024-05-11","INV211407","74557.27","Out of Stock","2025-01-15","Rack-45","2024-07-21","Stock level: 38702 units, Supplier rating: 3.98"
"INV00000868","2024-01-05",2024,10,"PART000119","Part 119","PC987973","Tool","Essential component Part 119","SUP0029","Supplier 29","Hyderabad","India","4.3","WH09","Warehouse 9","West","Hyderabad",27256,11738,388,15130,4219,8614,47,"710.12","10744115.6",31,"2024-04-02","INV718963","48462.21","Discontinued","2025-03-18","Rack-7","2024-01-14","Stock level: 27256 units, Supplier rating: 4.3"
"INV00000869","2024-06-03",2024,11,"PART000120","Part 120","PC689868","Packaging","Essential component Part 120","SUP0030","Supplier 30","Chennai","India","2.38","WH10","Warehouse 10","Central","Chennai",33702,15031,238,18433,1598,5729,28,"844.16","15560401.28",78,"2024-09-13","INV554555","29078.77","On Order","2025-09-15","Rack-4","2024-01-18","Stock level: 33702 units, Supplier rating: 2.38"
"INV00000870","2024-06-04",2024,8,"PART000121","Part 121","PC378312","Raw Material","Essential component Part 121","SUP0031","Supplier 31","Kolkata","India","2.02","WH01","Warehouse 1","North","Kolkata",49467,2099,5,47363,749,19067,11,"105.74","5008163.62",90,"2024-06-22","INV866643","4122.94","Available","null","Rack-67","2024-06-23","Stock level: 49467 units, Supplier rating: 2.02"
"INV00000871","2024-06-18",2024,1,"PART000122","Part 122","PC351767","Component","Essential component Part 122","SUP0032","Supplier 32","Jaipur","India","2.37","WH02","Warehouse 2","South","Jaipur",26585,3075,431,23079,4931,13445,19,"938.53","21660333.87",65,"2024-01-13","INV197247","45221.84","Low Stock","2025-03-11","Rack-9","2024-12-19","Stock level: 26585 units, Supplier rating: 2.37"
"INV00000872","2024-02-13",2024,3,"PART000123","Part 123","PC892388","Subassembly","Essential component Part 123","SUP0033","Supplier 33","Mumbai","India","3.42","WH03","Warehouse 3","East","Mumbai",22406,15968,144,6294,1649,2338,44,"556.18","3500596.92",83,"2024-10-24","INV608008","88061.13","Out of Stock","null","Rack-23","2024-09-09","Stock level: 22406 units, Supplier rating: 3.42"
"INV00000873","2024-10-01",2024,5,"PART000124","Part 124","PC364375","Tool","Essential component Part 124","SUP0034","Supplier 34","Delhi","India","4.22","WH04","Warehouse 4","West","Delhi",29847,9935,185,19727,4531,17217,60,"246.62","4865072.74",84,"2024-08-19","INV815432","13067.99","Discontinued","null","Rack-92","2024-09-19","Stock level: 29847 units, Supplier rating: 4.22"
"INV00000874","2024-12-04",2024,11,"PART000125","Part 125","PC654423","Packaging","Essential component Part 125","SUP0035","Supplier 35","Bangalore","India","3.71","WH05","Warehouse 5","Central","Bangalore",7630,1016,314,6300,4846,6648,42,"725.56","4571028",79,"2024-02-23","INV412774","26351.39","On Order","null","Rack-72","2024-02-19","Stock level: 7630 units, Supplier rating: 3.71"
"INV00000875","2024-08-08",2024,6,"PART000126","Part 126","PC590999","Raw Material","Essential component Part 126","SUP0036","Supplier 36","Pune","India","2.23","WH06","Warehouse 6","North","Pune",15767,6666,281,8820,146,5069,51,"584.2","5152644",54,"2024-11-02","INV501037","93688.5","Available","2025-03-08","Rack-62","2024-03-27","Stock level: 15767 units, Supplier rating: 2.23"
"INV00000876","2024-11-21",2024,10,"PART000127","Part 127","PC997408","Component","Essential component Part 127","SUP0037","Supplier 37","Hyderabad","India","2.08","WH07","Warehouse 7","South","Hyderabad",41187,40878,399,-90,4697,18796,31,"709.2","-63828",50,"2024-11-17","INV843233","35625.34","Low Stock","null","Rack-24","2024-08-27","Stock level: 41187 units, Supplier rating: 2.08"
"INV00000877","2024-06-20",2024,8,"PART000128","Part 128","PC503710","Subassembly","Essential component Part 128","SUP0038","Supplier 38","Chennai","India","4.6","WH08","Warehouse 8","East","Chennai",24388,17216,169,7003,1375,14660,52,"753.49","5276690.47",43,"2024-12-25","INV701635","97882.02","Out of Stock","null","Rack-81","2024-06-07","Stock level: 24388 units, Supplier rating: 4.6"
"INV00000878","2024-08-08",2024,11,"PART000129","Part 129","PC306438","Tool","Essential component Part 129","SUP0039","Supplier 39","Kolkata","India","2.41","WH09","Warehouse 9","West","Kolkata",31443,9029,366,22048,3184,979,41,"590.85","13027060.8",15,"2024-01-05","INV754768","29179.81","Discontinued","null","Rack-84","2024-03-01","Stock level: 31443 units, Supplier rating: 2.41"
"INV00000879","2024-12-06",2024,8,"PART000130","Part 130","PC128874","Packaging","Essential component Part 130","SUP0040","Supplier 40","Jaipur","India","2.54","WH10","Warehouse 10","Central","Jaipur",36346,14559,373,21414,730,4508,53,"560.94","12011969.16",69,"2024-12-18","INV329918","37323.47","On Order","null","Rack-72","2024-02-20","Stock level: 36346 units, Supplier rating: 2.54"
"INV00000880","2024-07-18",2024,7,"PART000131","Part 131","PC902171","Raw Material","Essential component Part 131","SUP0041","Supplier 41","Mumbai","India","3.65","WH01","Warehouse 1","North","Mumbai",545,370,439,-264,470,15827,10,"558.06","-147327.84",49,"2024-05-24","INV676750","7590.1","Available","null","Rack-49","2024-07-28","Stock level: 545 units, Supplier rating: 3.65"
"INV00000881","2024-07-09",2024,6,"PART000132","Part 132","PC524123","Component","Essential component Part 132","SUP0042","Supplier 42","Delhi","India","2.76","WH02","Warehouse 2","South","Delhi",37059,7834,85,29140,4695,13162,29,"239.56","6980778.4",30,"2024-02-10","INV657710","81145.45","Low Stock","null","Rack-12","2024-09-09","Stock level: 37059 units, Supplier rating: 2.76"
"INV00000882","2024-11-10",2024,9,"PART000133","Part 133","PC147959","Subassembly","Essential component Part 133","SUP0043","Supplier 43","Bangalore","India","3.32","WH03","Warehouse 3","East","Bangalore",35777,27475,35,8267,4225,17464,58,"821.59","6792084.53",52,"2024-03-10","INV301865","34688.99","Out of Stock","2025-05-10","Rack-77","2024-07-08","Stock level: 35777 units, Supplier rating: 3.32"
"INV00000883","2024-05-24",2024,9,"PART000134","Part 134","PC746980","Tool","Essential component Part 134","SUP0044","Supplier 44","Pune","India","2.03","WH04","Warehouse 4","West","Pune",5680,4971,176,533,3297,15729,41,"510.87","272293.71",41,"2024-03-07","INV555695","19842.31","Discontinued","2025-07-12","Rack-52","2024-06-02","Stock level: 5680 units, Supplier rating: 2.03"
"INV00000884","2024-09-03",2024,4,"PART000135","Part 135","PC576648","Packaging","Essential component Part 135","SUP0045","Supplier 45","Hyderabad","India","4.63","WH05","Warehouse 5","Central","Hyderabad",44425,13407,258,30760,3363,13024,26,"26.53","816062.8",37,"2024-02-24","INV473128","27709.93","On Order","null","Rack-65","2024-03-08","Stock level: 44425 units, Supplier rating: 4.63"
"INV00000885","2024-02-13",2024,6,"PART000136","Part 136","PC832262","Raw Material","Essential component Part 136","SUP0046","Supplier 46","Chennai","India","4.86","WH06","Warehouse 6","North","Chennai",18926,4738,368,13820,3523,4849,45,"825.1","11402882",60,"2024-07-23","INV436025","59792.29","Available","null","Rack-59","2024-10-12","Stock level: 18926 units, Supplier rating: 4.86"
"INV00000886","2024-05-01",2024,11,"PART000137","Part 137","PC778083","Component","Essential component Part 137","SUP0047","Supplier 47","Kolkata","India","2.28","WH07","Warehouse 7","South","Kolkata",3564,2414,278,872,2981,11186,54,"868.58","757401.76",58,"2024-02-17","INV105375","16544.29","Low Stock","2025-10-03","Rack-51","2024-02-21","Stock level: 3564 units, Supplier rating: 2.28"
"INV00000887","2024-04-28",2024,12,"PART000138","Part 138","PC903271","Subassembly","Essential component Part 138","SUP0048","Supplier 48","Jaipur","India","4.84","WH08","Warehouse 8","East","Jaipur",25539,17296,439,7804,4037,5054,52,"274.7","2143758.8",79,"2024-07-13","INV325243","54505.41","Out of Stock","null","Rack-47","2024-10-28","Stock level: 25539 units, Supplier rating: 4.84"
"INV00000888","2024-10-24",2024,7,"PART000139","Part 139","PC559643","Tool","Essential component Part 139","SUP0049","Supplier 49","Mumbai","India","2.15","WH09","Warehouse 9","West","Mumbai",33233,30007,406,2820,2922,4148,13,"176.43","497532.6",15,"2024-06-28","INV576396","49700.69","Discontinued","null","Rack-94","2024-11-08","Stock level: 33233 units, Supplier rating: 2.15"
"INV00000889","2024-12-18",2024,6,"PART000140","Part 140","PC675925","Packaging","Essential component Part 140","SUP0050","Supplier 50","Delhi","India","3.1","WH10","Warehouse 10","Central","Delhi",44550,30257,42,14251,1682,6665,44,"912.91","13009880.41",23,"2024-04-27","INV258720","92302.63","On Order","2025-09-22","Rack-83","2024-11-13","Stock level: 44550 units, Supplier rating: 3.1"
"INV00000890","2024-03-15",2024,12,"PART000141","Part 141","PC251158","Raw Material","Essential component Part 141","SUP0051","Supplier 51","Bangalore","India","4.82","WH01","Warehouse 1","North","Bangalore",10310,7181,245,2884,2526,16369,25,"719.84","2076018.56",6,"2024-03-24","INV246195","44014.44","Available","null","Rack-57","2024-08-20","Stock level: 10310 units, Supplier rating: 4.82"
"INV00000891","2024-08-22",2024,4,"PART000142","Part 142","PC941370","Component","Essential component Part 142","SUP0052","Supplier 52","Pune","India","2.14","WH02","Warehouse 2","South","Pune",47045,1424,197,45424,1610,14875,21,"19.71","895307.04",38,"2024-10-08","INV511259","75685.39","Low Stock","null","Rack-3","2024-06-25","Stock level: 47045 units, Supplier rating: 2.14"
"INV00000892","2024-07-12",2024,5,"PART000143","Part 143","PC194476","Subassembly","Essential component Part 143","SUP0053","Supplier 53","Hyderabad","India","4.04","WH03","Warehouse 3","East","Hyderabad",142,54,499,-411,2702,7802,8,"124.82","-51301.02",23,"2024-06-15","INV965161","82873.31","Out of Stock","null","Rack-62","2024-11-19","Stock level: 142 units, Supplier rating: 4.04"
"INV00000893","2024-05-21",2024,10,"PART000144","Part 144","PC804375","Tool","Essential component Part 144","SUP0054","Supplier 54","Chennai","India","4.29","WH04","Warehouse 4","West","Chennai",32925,5461,257,27207,1189,15610,47,"38.03","1034682.21",45,"2024-07-21","INV885761","57683.67","Discontinued","null","Rack-7","2024-02-28","Stock level: 32925 units, Supplier rating: 4.29"
"INV00000894","2024-06-18",2024,4,"PART000145","Part 145","PC520808","Packaging","Essential component Part 145","SUP0055","Supplier 55","Kolkata","India","3.07","WH05","Warehouse 5","Central","Kolkata",10371,6721,295,3355,2169,12620,34,"765.8","2569259",84,"2024-03-02","INV610549","52171.7","On Order","null","Rack-85","2024-12-02","Stock level: 10371 units, Supplier rating: 3.07"
"INV00000895","2024-02-02",2024,1,"PART000146","Part 146","PC552036","Raw Material","Essential component Part 146","SUP0056","Supplier 56","Jaipur","India","2.28","WH06","Warehouse 6","North","Jaipur",23211,15817,356,7038,368,5577,24,"918.22","6462432.36",33,"2024-11-21","INV249925","75352.22","Available","null","Rack-41","2024-01-09","Stock level: 23211 units, Supplier rating: 2.28"
"INV00000896","2024-03-10",2024,10,"PART000147","Part 147","PC766579","Component","Essential component Part 147","SUP0057","Supplier 57","Mumbai","India","3.59","WH07","Warehouse 7","South","Mumbai",20493,3980,244,16269,4578,13066,18,"96.57","1571097.33",53,"2024-10-14","INV677129","17060.05","Low Stock","2025-10-02","Rack-99","2024-08-06","Stock level: 20493 units, Supplier rating: 3.59"
"INV00000897","2024-10-02",2024,8,"PART000148","Part 148","PC348110","Subassembly","Essential component Part 148","SUP0058","Supplier 58","Delhi","India","2.9","WH08","Warehouse 8","East","Delhi",15633,2731,226,12676,1087,7035,41,"148.06","1876808.56",36,"2024-11-28","INV427193","99790.08","Out of Stock","2025-07-12","Rack-17","2024-02-05","Stock level: 15633 units, Supplier rating: 2.9"
"INV00000898","2024-04-16",2024,10,"PART000149","Part 149","PC735212","Tool","Essential component Part 149","SUP0059","Supplier 59","Bangalore","India","4.97","WH09","Warehouse 9","West","Bangalore",32010,10343,322,21345,2391,15645,33,"967.07","20642109.15",54,"2024-03-16","INV246485","25177.61","Discontinued","null","Rack-60","2024-12-24","Stock level: 32010 units, Supplier rating: 4.97"
"INV00000899","2024-12-11",2024,5,"PART000150","Part 150","PC498994","Packaging","Essential component Part 150","SUP0060","Supplier 60","Pune","India","4.27","WH10","Warehouse 10","Central","Pune",7855,6785,283,787,3222,11711,31,"43.31","34084.97",90,"2024-06-07","INV866910","34490.95","On Order","null","Rack-14","2024-11-16","Stock level: 7855 units, Supplier rating: 4.27"
"INV00000900","2024-05-10",2024,12,"PART000151","Part 151","PC558697","Raw Material","Essential component Part 151","SUP0001","Supplier 1","Hyderabad","India","3.87","WH01","Warehouse 1","North","Hyderabad",26210,22901,386,2923,3958,16601,35,"242.32","708301.36",70,"2024-05-16","INV206534","14145.29","Available","null","Rack-6","2024-11-23","Stock level: 26210 units, Supplier rating: 3.87"
