order_id,order_date,order_time,year,month,month_name,quarter,day_ofweek,customer_id,customer_name,customer_type,customer_city,customer_country,contact_email,contact_phone,product_id,product_name,product_code,product_category,product_sub_category,product_description,order_quantity,unit_price,total_price,delivery_date,delivery_location,factory_id,factory_name,factory_location,factory_city,factory_country,factory_capacity,assembly_line_id,assembly_line_name,line_type,line_capacity,current_load,scheduled_start_date,actual_start_date,scheduled_end_date,actual_end_date,production_status,completion_percent,quality_score,defects,rework_required,scheduled_delivery,actual_delivery,delivery_status,delay_days,note
ORD00000001,02-05-2024,09:41,2024,4,April,Q2,Tuesday,CUST000002,Customer 2,Distributor,Delhi,India,customer2@company.com,9745431012,PROD000002,Product 2,PC899989,Automotive,Engines,High-quality Product 2,531,3933.16,2088507.96,22-10-2024,"Delhi, 110684",FAC02,Factory 2,Plant 2,Delhi,India,435828,LINE002,Assembly Line 2,Welding,10983,19675,07-08-2024,25-06-2024,09-07-2024,11-01-2024,In Progress,88,77.64,34,Yes,14-03-2024,24-05-2024,Shipped,4,Order ORD00000001 - Quality issues detected
ORD00000002,2024-12-28,11:17,2024,11,November,Q4,Wednesday,CUST000003,Customer 3,Retailer,Bangalore,India,customer3@company.com,9428426893,PROD000003,Product 3,PC382366,Machinery,Pumps,High-quality Product 3,705,952.16,671272.8,2024-03-15,"Bangalore, 757410",FAC03,Factory 3,Plant 3,Bangalore,India,384318,LINE003,Assembly Line 3,Painting,26925,6557,2024-07-21,2024-09-06,2024-12-18,null,Completed,0,91.77,40,Yes,2024-07-28,null,In Transit,20,Order ORD00000002 - Production running smoothly
ORD00000003,2024-12-05,13:56,2024,5,May,Q2,Thursday,CUST000004,Customer 4,Corporate,Pune,India,customer4@company.com,9706949154,PROD000004,Product 4,PC189743,Consumer Goods,Appliances,High-quality Product 4,53,4588.68,243200.04,2024-04-24,"Pune, 340982",FAC04,Factory 4,Plant 4,Pune,India,363094,LINE004,Assembly Line 4,Packaging,17033,37415,2024-10-04,2024-02-25,2024-04-18,2024-10-23,On Hold,81,70.96,41,Yes,2024-09-08,2024-01-12,Delivered,12,Order ORD00000003 - Quality issues detected
ORD00000004,2024-02-25,16:31,2024,9,September,Q3,Friday,CUST000005,Customer 5,Individual,Hyderabad,India,customer5@company.com,9636623666,PROD000005,Product 5,PC492909,Industrial Equipment,Motors,High-quality Product 5,610,351.92,214671.2,2024-10-10,"Hyderabad, 811238",FAC05,Factory 5,Plant 5,Hyderabad,India,194079,LINE005,Assembly Line 5,Testing,35598,31314,2024-03-10,2024-02-27,2024-07-18,null,Cancelled,60,77.01,27,Yes,2024-08-01,2024-11-17,Delayed,8,Order ORD00000004 - Quality issues detected
ORD00000005,2024-08-11,14:02,2024,9,September,Q3,Saturday,CUST000006,Customer 6,OEM,Chennai,India,customer6@company.com,9918727716,PROD000006,Product 6,PC377522,Electronics,Controllers,High-quality Product 6,213,4883.82,1040253.66,2024-03-15,"Chennai, 504489",FAC06,Factory 6,Plant 6,Chennai,India,880059,LINE006,Assembly Line 6,Assembly,36775,28350,2024-06-05,2024-07-28,2024-11-08,2024-08-01,Planned,1,71.12,35,Yes,2024-12-12,2024-12-06,Pending,-3,Order ORD00000005 - Quality issues detected
ORD00000006,2024-06-13,12:21,2024,7,JULYY,Q3,Sunday,CUST000007,Customer 7,Distributor,Kolkata,India,customer7@company.com,9926524847,PROD000007,Product 7,PC334892,Automotive,Engines,High-quality Product 7,512,4196.05,2148377.6,2024-04-08,"Kolkata, 378485",FAC07,Factory 7,Plant 7,Kolkata,India,108835,LINE007,Assembly Line 7,Welding,42620,18792,2024-06-04,2024-02-24,2024-11-18,2024-06-24,In Progress,43,99.68,26,Yes,2024-07-14,2024-07-04,Shipped,3,Order ORD00000006 - Production running smoothly
ORD00000007,2024-10-03,16:46,2024,3,March,Q1,Monday,CUST000008,Customer 8,Retailer,Jaipur,India,customer8@company.com,9457628274,PROD000008,Product 8,PC539740,Machinery,Pumps,High-quality Product 8,111,772.55,85753.05,2024-03-14,"Jaipur, 560904",FAC08,Factory 8,Plant 8,Jaipur,India,584062,LINE008,Assembly Line 8,Painting,37415,13746,2024-04-14,2024-02-08,2024-06-02,null,Completed,49,99.45,22,Yes,2024-07-19,2024-12-17,In Transit,-1,Order ORD00000007 - Production running smoothly
ORD00000008,2024-06-05,17:57,2024,9,September,Q3,Tuesday,CUST000009,Customer 9,Corporate,Mumbai,India,customer9@company.com,9885350861,PROD000009,Product 9,PC358647,Consumer Goods,Appliances,High-quality Product 9,883,1230.23,1086293.09,2024-05-03,"Mumbai, 298287",FAC01,Factory 1,Plant 1,Mumbai,India,909862,LINE009,Assembly Line 9,Packaging,30347,36739,2024-09-04,2024-11-18,2024-05-05,2024-10-01,On Hold,96,93.87,15,Yes,2024-01-26,null,Delivered,3,Order ORD00000008 - Production running smoothly
ORD00000009,2024-02-17,10:45,2024,9,September,Q3,Wednesday,CUST000010,Customer 10,Individual,Delhi,India,customer10@company.com,9418328730,PROD000010,Product 10,PC644905,Industrial Equipment,Motors,High-quality Product 10,667,1555.69,1037645.23,2024-12-27,"Delhi, 220195",FAC02,Factory 2,Plant 2,Delhi,India,984783,LINE010,Assembly Line 10,Testing,45061,25261,2024-04-18,2024-09-24,2024-07-28,2024-08-02,Cancelled,73,95.55,36,Yes,2024-12-17,2024-12-08,Delayed,16,Order ORD00000009 - Production running smoothly
ORD00000010,2024-03-21,11:28,2024,2,February,Q1,Thursday,CUST000011,Customer 11,OEM,Bangalore,India,customer11@company.com,9844596929,PROD000011,Product 11,PC304164,Electronics,Controllers,High-quality Product 11,102,3393.39,346125.78,2024-06-24,"Bangalore, 905977",FAC03,Factory 3,Plant 3,Bangalore,India,672460,LINE011,Assembly Line 11,Assembly,28286,28918,2024-05-19,2024-09-04,2024-08-04,2024-11-22,Planned,11,94.32,50,Yes,2024-04-28,2024-09-08,Pending,8,Order ORD00000010 - Production running smoothly
ORD00000011,2024-09-17,08:04,2024,9,September,Q3,Friday,CUST000012,Customer 12,Distributor,Pune,India,customer12@company.com,9150449868,PROD000012,Product 12,PC686757,Automotive,Engines,High-quality Product 12,178,2999.95,533991.1,2024-09-23,"Pune, 238168",FAC04,Factory 4,Plant 4,Pune,India,189295,LINE012,Assembly Line 12,Welding,29296,20008,2024-03-18,2024-07-06,2024-02-02,null,In Progress,89,87.93,21,Yes,2024-12-10,2024-02-26,Shipped,7,Order ORD00000011 - Production running smoothly
ORD00000012,2024-10-23,17:22,2024,6,June,Q2,Saturday,CUST000013,Customer 13,Retailer,Hyderabad,India,customer13@company.com,9658140699,PROD000013,Product 13,PC306935,Machinery,Pumps,High-quality Product 13,221,2678.46,591939.66,2024-08-17,"Hyderabad, 473542",FAC05,Factory 5,Plant 5,Hyderabad,India,555124,LINE013,Assembly Line 13,Painting,1042,16363,2024-05-12,2024-01-05,2024-02-26,null,Completed,49,70.48,4,No,2024-01-28,2024-04-15,In Transit,20,Order ORD00000012 - Quality issues detected
ORD00000013,2024-01-07,15:28,2024,12,December,Q4,Sunday,CUST000014,Customer 14,Corporate,Chennai,India,customer14@company.com,9516197898,PROD000014,Product 14,PC631603,Consumer Goods,Appliances,High-quality Product 14,939,827.3,776834.7,2024-08-13,"Chennai, 976709",FAC06,Factory 6,Plant 6,Chennai,India,888530,LINE014,Assembly Line 14,Packaging,38781,24546,2024-11-14,2024-02-19,2024-04-19,2024-08-09,On Hold,9,80.46,16,Yes,2024-06-15,2024-04-11,Delivered,18,Order ORD00000013 - Quality issues detected
ORD00000014,2024-02-11,13:13,2024,1,January,Q1,Monday,CUST000015,Customer 15,Individual,Kolkata,India,customer15@company.com,9719806906,PROD000015,Product 15,PC619571,Industrial Equipment,Motors,High-quality Product 15,193,278.68,53785.24,2024-05-01,"Kolkata, 362778",FAC07,Factory 7,Plant 7,Kolkata,India,428149,LINE015,Assembly Line 15,Testing,8247,21497,2024-09-01,2024-08-28,2024-06-12,2024-12-04,Cancelled,70,84.81,13,Yes,2024-08-26,2024-02-27,Delayed,7,Order ORD00000014 - Quality issues detected
ORD00000015,2024-11-25,10:39,2024,12,December,Q4,Tuesday,CUST000016,Customer 16,OEM,Jaipur,India,customer16@company.com,9599757918,PROD000016,Product 16,PC216934,Electronics,Controllers,High-quality Product 16,414,3345.48,1385028.72,2024-07-16,"Jaipur, 260776",FAC08,Factory 8,Plant 8,Jaipur,India,429054,LINE016,Assembly Line 16,Assembly,10394,6986,2024-01-09,2024-02-12,2024-06-05,2024-07-16,Planned,86,92.18,21,Yes,2024-05-02,2024-12-24,Pending,5,Order ORD00000015 - Production running smoothly
ORD00000016,2024-11-04,09:37,2024,11,November,Q4,Wednesday,CUST000017,Customer 17,Distributor,Mumbai,India,customer17@company.com,9606653959,PROD000017,Product 17,PC249025,Automotive,Engines,High-quality Product 17,412,2124.13,875141.56,2024-07-20,"Mumbai, 993862",FAC01,Factory 1,Plant 1,Mumbai,India,171237,LINE017,Assembly Line 17,Welding,45245,34941,2024-12-14,2024-07-19,2024-02-05,2024-07-20,In Progress,28,82.69,21,Yes,2024-11-25,null,Shipped,3,Order ORD00000016 - Quality issues detected
ORD00000017,2024-12-13,14:33,2024,7,JULYY,Q3,Thursday,CUST000018,Customer 18,Retailer,Delhi,India,customer18@company.com,9578367882,PROD000018,Product 18,PC882490,Machinery,Pumps,High-quality Product 18,769,4115.93,3165150.17,2024-01-18,"Delhi, 969540",FAC02,Factory 2,Plant 2,Delhi,India,938295,LINE018,Assembly Line 18,Painting,47383,8552,2024-03-13,2024-07-05,2024-10-04,null,Completed,12,89.78,40,Yes,2024-09-21,null,In Transit,-1,Order ORD00000017 - Production running smoothly
ORD00000018,2024-05-11,14:08,2024,4,April,Q2,Friday,CUST000019,Customer 19,Corporate,Bangalore,India,customer19@company.com,9407758108,PROD000019,Product 19,PC534376,Consumer Goods,Appliances,High-quality Product 19,266,4217.43,1121836.38,2024-01-03,"Bangalore, 290402",FAC03,Factory 3,Plant 3,Bangalore,India,435766,LINE019,Assembly Line 19,Packaging,16965,23010,2024-05-03,2024-12-28,2024-02-13,2024-06-06,On Hold,96,90.53,22,Yes,2024-04-09,2024-12-07,Delivered,16,Order ORD00000018 - Production running smoothly
ORD00000019,2024-10-18,09:28,2024,3,March,Q1,Saturday,CUST000020,Customer 20,Individual,Pune,India,customer20@company.com,9369526855,PROD000020,Product 20,PC303040,Industrial Equipment,Motors,High-quality Product 20,377,3045.15,1148021.55,2024-03-15,"Pune, 104381",FAC04,Factory 4,Plant 4,Pune,India,416983,LINE020,Assembly Line 20,Testing,7372,16695,2024-02-25,2024-06-01,2024-12-05,2024-09-28,Cancelled,69,82.49,31,Yes,2024-01-03,2024-10-10,Delayed,0,Order ORD00000019 - Quality issues detected
ORD00000020,2024-05-21,13:39,2024,11,November,Q4,Sunday,CUST000021,Customer 21,OEM,Hyderabad,India,customer21@company.com,9253241724,PROD000021,Product 21,PC756052,Electronics,Controllers,High-quality Product 21,587,2711.83,1591844.21,2024-04-13,"Hyderabad, 483044",FAC05,Factory 5,Plant 5,Hyderabad,India,860536,LINE021,Assembly Line 21,Assembly,48451,9004,2024-03-03,2024-05-14,2024-05-28,2024-01-22,Planned,66,90.36,7,No,2024-03-22,2024-02-04,Pending,15,Order ORD00000020 - Production running smoothly
ORD00000021,2024-10-12,17:49,2024,3,March,Q1,Monday,CUST000022,Customer 22,Distributor,Chennai,India,customer22@company.com,9497733225,PROD000022,Product 22,PC627188,Automotive,Engines,High-quality Product 22,865,3684.09,3186737.85,2024-04-07,"Chennai, 461841",FAC06,Factory 6,Plant 6,Chennai,India,351523,LINE022,Assembly Line 22,Welding,26980,30720,2024-05-19,2024-06-24,2024-05-14,null,In Progress,21,74.22,21,Yes,2024-04-11,2024-05-10,Shipped,18,Order ORD00000021 - Quality issues detected
ORD00000022,2024-10-18,13:42,2024,2,February,Q1,Tuesday,CUST000023,Customer 23,Retailer,Kolkata,India,customer23@company.com,9462970354,PROD000023,Product 23,PC937095,Machinery,Pumps,High-quality Product 23,136,3507.51,477021.36,2024-01-24,"Kolkata, 894218",FAC07,Factory 7,Plant 7,Kolkata,India,954277,LINE023,Assembly Line 23,Painting,22928,1105,2024-09-09,null,2024-12-12,2024-11-06,Completed,14,71.19,18,Yes,2024-07-01,2024-11-12,In Transit,1,Order ORD00000022 - Quality issues detected
ORD00000023,2024-10-09,17:27,2024,3,March,Q1,Wednesday,CUST000024,Customer 24,Corporate,Jaipur,India,customer24@company.com,9714670228,PROD000024,Product 24,PC460301,Consumer Goods,Appliances,High-quality Product 24,604,2395.21,1446706.84,2024-09-22,"Jaipur, 774903",FAC08,Factory 8,Plant 8,Jaipur,India,400452,LINE024,Assembly Line 24,Packaging,36983,10471,2024-06-03,2024-02-16,2024-04-09,null,On Hold,42,81.69,17,Yes,2024-11-14,2024-06-07,Delivered,14,Order ORD00000023 - Quality issues detected
ORD00000024,2024-01-21,13:46,2024,6,June,Q2,Thursday,CUST000025,Customer 25,Individual,Mumbai,India,customer25@company.com,9718823553,PROD000025,Product 25,PC994120,Industrial Equipment,Motors,High-quality Product 25,286,4299.17,1229562.62,2024-06-04,"Mumbai, 330375",FAC01,Factory 1,Plant 1,Mumbai,India,110749,LINE025,Assembly Line 25,Testing,35939,5162,2024-01-01,2024-02-07,2024-06-21,2024-06-11,Cancelled,75,85.6,10,No,2024-03-12,null,Delayed,16,Order ORD00000024 - Production running smoothly
ORD00000025,2024-01-12,08:17,2024,9,September,Q3,Friday,CUST000026,Customer 26,OEM,Delhi,India,customer26@company.com,9146368543,PROD000026,Product 26,PC944493,Electronics,Controllers,High-quality Product 26,412,4899.6,2018635.2,2024-06-11,"Delhi, 647440",FAC02,Factory 2,Plant 2,Delhi,India,580504,LINE026,Assembly Line 26,Assembly,48893,17264,2024-01-21,2024-08-02,2024-04-03,null,Planned,95,79.44,40,Yes,2024-03-13,null,Pending,17,Order ORD00000025 - Quality issues detected
ORD00000026,2024-12-18,10:42,2024,11,November,Q4,Saturday,CUST000027,Customer 27,Distributor,Bangalore,India,customer27@company.com,9235179911,PROD000027,Product 27,PC929250,Automotive,Engines,High-quality Product 27,449,3288.17,1476388.33,2024-07-28,"Bangalore, 826904",FAC03,Factory 3,Plant 3,Bangalore,India,433134,LINE027,Assembly Line 27,Welding,31571,6635,2024-01-14,2024-12-13,2024-08-18,2024-09-15,In Progress,66,96.86,23,Yes,2024-08-02,2024-06-11,Shipped,-2,Order ORD00000026 - Production running smoothly
ORD00000027,2024-08-07,17:13,2024,4,April,Q2,Sunday,CUST000028,Customer 28,Retailer,Pune,India,customer28@company.com,9474949775,PROD000028,Product 28,PC109176,Machinery,Pumps,High-quality Product 28,391,131.92,51580.72,2024-01-06,"Pune, 396969",FAC04,Factory 4,Plant 4,Pune,India,772101,LINE028,Assembly Line 28,Painting,16721,2839,2024-05-05,null,2024-05-09,2024-04-20,Completed,45,84.52,38,Yes,2024-12-11,2024-11-07,In Transit,10,Order ORD00000027 - Quality issues detected
ORD00000028,2024-08-01,11:54,2024,9,September,Q3,Monday,CUST000029,Customer 29,Corporate,Hyderabad,India,customer29@company.com,9431263721,PROD000029,Product 29,PC923388,Consumer Goods,Appliances,High-quality Product 29,289,1898.62,548701.18,2024-03-05,"Hyderabad, 531560",FAC05,Factory 5,Plant 5,Hyderabad,India,954053,LINE029,Assembly Line 29,Packaging,33471,33261,2024-09-26,2024-10-16,2024-02-27,null,On Hold,65,88.75,37,Yes,2024-04-03,2024-09-05,Delivered,5,Order ORD00000028 - Production running smoothly
ORD00000029,2024-08-17,17:43,2024,11,November,Q4,Tuesday,CUST000030,Customer 30,Individual,Chennai,India,customer30@company.com,9822835497,PROD000030,Product 30,PC871419,Industrial Equipment,Motors,High-quality Product 30,256,2429.75,622016,2024-05-02,"Chennai, 504725",FAC06,Factory 6,Plant 6,Chennai,India,823611,LINE030,Assembly Line 30,Testing,23897,14188,2024-02-17,2024-08-12,2024-01-17,2024-12-22,Cancelled,9,96.11,7,No,2024-10-21,2024-01-08,Delayed,-1,Order ORD00000029 - Production running smoothly
ORD00000030,2024-02-16,11:13,2024,6,June,Q2,Wednesday,CUST000031,Customer 31,OEM,Kolkata,India,customer31@company.com,9260519299,PROD000031,Product 31,PC365099,Electronics,Controllers,High-quality Product 31,67,4509.46,302133.82,2024-02-24,"Kolkata, 602131",FAC07,Factory 7,Plant 7,Kolkata,India,231581,LINE001,Assembly Line 1,Assembly,43144,16635,2024-02-21,2024-04-18,2024-08-02,2024-06-14,Planned,80,87.99,16,Yes,2024-02-08,2024-02-26,Pending,2,Order ORD00000030 - Production running smoothly
ORD00000031,2024-02-28,13:22,2024,3,March,Q1,Thursday,CUST000032,Customer 32,Distributor,Jaipur,India,customer32@company.com,9451995061,PROD000032,Product 32,PC166205,Automotive,Engines,High-quality Product 32,691,3113.71,2151573.61,2024-06-20,"Jaipur, 429303",FAC08,Factory 8,Plant 8,Jaipur,India,439760,LINE002,Assembly Line 2,Welding,34270,9409,2024-01-05,2024-05-10,2024-02-08,2024-03-28,In Progress,13,80.63,40,Yes,2024-12-15,2024-03-09,Shipped,17,Order ORD00000031 - Quality issues detected
ORD00000032,2024-11-13,11:06,2024,7,July,Q3,Friday,CUST000033,Customer 33,Retailer,Mumbai,India,customer33@company.com,9445343424,PROD000033,Product 33,PC306207,Machinery,Pumps,High-quality Product 33,23,3645.09,83837.07,2024-03-01,"Mumbai, 395847",FAC01,Factory 1,Plant 1,Mumbai,India,880337,LINE003,Assembly Line 3,Painting,15648,9977,2024-12-17,null,2024-08-14,null,Completed,17,70.85,13,Yes,2024-07-10,2024-05-22,In Transit,8,Order ORD00000032 - Quality issues detected
ORD00000033,2024-06-15,11:12,2024,5,May,Q2,Saturday,CUST000034,Customer 34,Corporate,Delhi,India,customer34@company.com,9282004481,PROD000034,Product 34,PC763016,Consumer Goods,Appliances,High-quality Product 34,185,4868.55,900681.75,2024-08-04,"Delhi, 368310",FAC02,Factory 2,Plant 2,Delhi,India,441937,LINE004,Assembly Line 4,Packaging,19605,8069,2024-03-10,2024-02-07,2024-12-19,2024-02-15,On Hold,16,98.91,32,Yes,2024-08-19,2024-10-08,Delivered,12,Order ORD00000033 - Production running smoothly
ORD00000034,2024-08-27,17:16,2024,2,February,Q1,Sunday,CUST000035,Customer 35,Individual,Bangalore,India,customer35@company.com,9298252268,PROD000035,Product 35,PC916547,Industrial Equipment,Motors,High-quality Product 35,392,3512.21,1376786.32,2024-07-04,"Bangalore, 173119",FAC03,Factory 3,Plant 3,Bangalore,India,142634,LINE005,Assembly Line 5,Testing,8266,16197,2024-07-06,2024-10-21,2024-07-09,2024-11-07,Cancelled,6,99.78,42,Yes,2024-05-11,2024-09-15,Delayed,14,Order ORD00000034 - Production running smoothly
ORD00000035,2024-06-15,13:13,2024,3,March,Q1,Monday,CUST000036,Customer 36,OEM,Pune,India,customer36@company.com,9638612684,PROD000036,Product 36,PC367452,Electronics,Controllers,High-quality Product 36,690,1171.62,808417.8,2024-07-06,"Pune, 332775",FAC04,Factory 4,Plant 4,Pune,India,792789,LINE006,Assembly Line 6,Assembly,9325,511,2024-10-03,2024-11-26,2024-01-21,2024-07-23,Planned,28,71.88,15,Yes,2024-04-02,2024-06-12,Pending,18,Order ORD00000035 - Quality issues detected
ORD00000036,2024-02-03,10:58,2024,8,August,Q3,Tuesday,CUST000037,Customer 37,Distributor,Hyderabad,India,customer37@company.com,9749103987,PROD000037,Product 37,PC401712,Automotive,Engines,High-quality Product 37,304,3311.09,1006571.36,2024-03-02,"Hyderabad, 563388",FAC05,Factory 5,Plant 5,Hyderabad,India,631177,LINE007,Assembly Line 7,Welding,49536,37828,2024-07-20,2024-09-20,2024-04-06,2024-07-17,In Progress,32,79.25,16,Yes,2024-11-06,2024-12-05,Shipped,15,Order ORD00000036 - Quality issues detected
ORD00000037,2024-07-01,17:12,2024,12,December,Q4,Wednesday,CUST000038,Customer 38,Retailer,Chennai,India,customer38@company.com,9293296898,PROD000038,Product 38,PC865492,Machinery,Pumps,High-quality Product 38,768,1752.51,1345927.68,2024-06-24,"Chennai, 627675",FAC06,Factory 6,Plant 6,Chennai,India,793819,LINE008,Assembly Line 8,Painting,37572,9090,2024-12-14,2024-06-13,2024-06-17,2024-05-02,Completed,23,88.63,25,Yes,2024-10-15,2024-03-08,In Transit,18,Order ORD00000037 - Production running smoothly
ORD00000038,2024-09-18,08:42,2024,10,October,Q4,Thursday,CUST000039,Customer 39,Corporate,Kolkata,India,customer39@company.com,9101290178,PROD000039,Product 39,PC167402,Consumer Goods,Appliances,High-quality Product 39,228,3437.25,783693,2024-02-03,"Kolkata, 528249",FAC07,Factory 7,Plant 7,Kolkata,India,822137,LINE009,Assembly Line 9,Packaging,6275,11707,2024-03-13,null,2024-06-11,null,On Hold,46,96.81,35,Yes,2024-04-18,2024-05-01,Delivered,7,Order ORD00000038 - Production running smoothly
ORD00000039,2024-05-26,16:04,2024,10,October,Q4,Friday,CUST000040,Customer 40,Individual,Jaipur,India,customer40@company.com,9538812791,PROD000040,Product 40,PC733597,Industrial Equipment,Motors,High-quality Product 40,242,2553.4,617922.8,2024-11-23,"Jaipur, 479725",FAC08,Factory 8,Plant 8,Jaipur,India,126042,LINE010,Assembly Line 10,Testing,8635,39640,2024-11-28,2024-08-23,2024-06-19,null,Cancelled,87,99.12,26,Yes,2024-09-26,2024-02-03,Delayed,14,Order ORD00000039 - Production running smoothly
ORD00000040,2024-03-07,11:52,2024,5,May,Q2,Saturday,CUST000041,Customer 41,OEM,Mumbai,India,customer41@company.com,9762548650,PROD000041,Product 41,PC867232,Electronics,Controllers,High-quality Product 41,531,4520.65,2400465.15,2024-06-08,"Mumbai, 530892",FAC01,Factory 1,Plant 1,Mumbai,India,657366,LINE011,Assembly Line 11,Assembly,29041,5735,2024-08-20,2024-04-16,2024-10-11,2024-12-25,Planned,92,71.1,50,Yes,2024-11-19,2024-10-21,Pending,4,Order ORD00000040 - Quality issues detected
ORD00000041,2024-04-23,09:35,2024,9,September,Q3,Sunday,CUST000042,Customer 42,Distributor,Delhi,India,customer42@company.com,9576857577,PROD000042,Product 42,PC824911,Automotive,Engines,High-quality Product 42,864,3622.59,3129917.76,2024-01-05,"Delhi, 588249",FAC02,Factory 2,Plant 2,Delhi,India,324217,LINE012,Assembly Line 12,Welding,43107,37449,2024-12-28,2024-09-09,2024-04-17,null,In Progress,99,79.79,6,No,2024-12-27,2024-06-25,Shipped,17,Order ORD00000041 - Quality issues detected
ORD00000042,2024-04-20,12:32,2024,11,November,Q4,Monday,CUST000043,Customer 43,Retailer,Bangalore,India,customer43@company.com,9674293045,PROD000043,Product 43,PC149415,Machinery,Pumps,High-quality Product 43,515,2109.05,1086160.75,2024-04-18,"Bangalore, 940302",FAC03,Factory 3,Plant 3,Bangalore,India,671298,LINE013,Assembly Line 13,Painting,40903,15781,2024-05-10,2024-03-16,2024-09-14,null,Completed,7,76.52,19,Yes,2024-10-09,2024-12-23,In Transit,3,Order ORD00000042 - Quality issues detected
ORD00000043,2024-12-19,14:01,2024,11,November,Q4,Tuesday,CUST000044,Customer 44,Corporate,Pune,India,customer44@company.com,9155593501,PROD000044,Product 44,PC745435,Consumer Goods,Appliances,High-quality Product 44,318,3602.82,1145696.76,2024-04-26,"Pune, 568981",FAC04,Factory 4,Plant 4,Pune,India,372887,LINE014,Assembly Line 14,Packaging,40699,17357,2024-03-23,2024-09-19,2024-07-25,2024-10-21,On Hold,83,85.4,20,Yes,2024-04-04,null,Delivered,8,Order ORD00000043 - Production running smoothly
ORD00000044,2024-07-11,16:44,2024,4,April,Q2,Wednesday,CUST000045,Customer 45,Individual,Hyderabad,India,customer45@company.com,9398306115,PROD000045,Product 45,PC602754,Industrial Equipment,Motors,High-quality Product 45,940,584.68,549599.2,2024-08-01,"Hyderabad, 561756",FAC05,Factory 5,Plant 5,Hyderabad,India,681302,LINE015,Assembly Line 15,Testing,28533,8649,2024-07-23,2024-09-07,2024-09-08,null,Cancelled,47,96.51,5,No,2024-08-07,2024-02-24,Delayed,17,Order ORD00000044 - Production running smoothly
ORD00000045,2024-04-12,08:33,2024,6,June,Q2,Thursday,CUST000046,Customer 46,OEM,Chennai,India,customer46@company.com,9190160510,PROD000046,Product 46,PC983165,Electronics,Controllers,High-quality Product 46,921,874.47,805386.87,2024-05-17,"Chennai, 213669",FAC06,Factory 6,Plant 6,Chennai,India,407301,LINE016,Assembly Line 16,Assembly,7817,37951,2024-02-05,2024-07-16,2024-06-17,2024-05-18,Planned,52,90.89,9,No,2024-07-09,2024-02-16,Pending,12,Order ORD00000045 - Production running smoothly
ORD00000046,2024-05-20,16:19,2024,7,July,Q3,Friday,CUST000047,Customer 47,Distributor,Kolkata,India,customer47@company.com,9589508355,PROD000047,Product 47,PC485985,Automotive,Engines,High-quality Product 47,441,2423.44,1068737.04,2024-08-15,"Kolkata, 131620",FAC07,Factory 7,Plant 7,Kolkata,India,358843,LINE017,Assembly Line 17,Welding,1546,19931,2024-11-19,2024-01-19,2024-07-20,2024-09-08,In Progress,34,97.88,21,Yes,2024-04-19,null,Shipped,16,Order ORD00000046 - Production running smoothly
ORD00000047,2024-06-15,10:35,2024,3,March,Q1,Saturday,CUST000048,Customer 48,Retailer,Jaipur,India,customer48@company.com,9635853087,PROD000048,Product 48,PC992078,Machinery,Pumps,High-quality Product 48,944,4656.77,4395990.88,2024-03-14,"Jaipur, 593855",FAC08,Factory 8,Plant 8,Jaipur,India,556086,LINE018,Assembly Line 18,Painting,33844,3212,2024-08-12,2024-12-04,2024-07-19,2024-10-24,Completed,74,79.41,36,Yes,2024-06-24,2024-03-26,In Transit,19,Order ORD00000047 - Quality issues detected
ORD00000048,2024-09-03,12:53,2024,5,May,Q2,Sunday,CUST000049,Customer 49,Corporate,Mumbai,India,customer49@company.com,9759935027,PROD000049,Product 49,PC551879,Consumer Goods,Appliances,High-quality Product 49,159,3887.16,618058.44,2024-06-06,"Mumbai, 362312",FAC01,Factory 1,Plant 1,Mumbai,India,660721,LINE019,Assembly Line 19,Packaging,42570,4137,2024-08-08,2024-10-23,2024-09-05,null,On Hold,22,71.46,9,No,2024-12-03,null,Delivered,5,Order ORD00000048 - Quality issues detected
ORD00000049,2024-07-06,17:25,2024,4,April,Q2,Monday,CUST000050,Customer 50,Individual,Delhi,India,customer50@company.com,9486521399,PROD000050,Product 50,PC211404,Industrial Equipment,Motors,High-quality Product 50,81,284.79,23067.99,2024-10-18,"Delhi, 899139",FAC02,Factory 2,Plant 2,Delhi,India,485255,LINE020,Assembly Line 20,Testing,49578,5410,2024-11-23,null,2024-01-17,2024-12-09,Cancelled,58,86.1,36,Yes,2024-04-22,2024-09-14,Delayed,17,Order ORD00000049 - Production running smoothly
ORD00000050,2024-11-22,08:43,2024,5,May,Q2,Tuesday,CUST000051,Customer 51,OEM,Bangalore,India,customer51@company.com,9249260519,PROD000051,Product 51,PC459992,Electronics,Controllers,High-quality Product 51,197,3897.03,767714.91,2024-11-12,"Bangalore, 514608",FAC03,Factory 3,Plant 3,Bangalore,India,259320,LINE021,Assembly Line 21,Assembly,40494,23772,2024-01-19,2024-11-09,2024-07-19,2024-06-11,Planned,21,73.86,5,No,2024-05-01,2024-02-17,Pending,16,Order ORD00000050 - Quality issues detected
ORD00000051,2024-12-16,12:43,2024,10,October,Q4,Wednesday,CUST000052,Customer 52,Distributor,Pune,India,customer52@company.com,9132857400,PROD000052,Product 52,PC513622,Automotive,Engines,High-quality Product 52,989,2902.93,2870997.77,2024-10-05,"Pune, 464916",FAC04,Factory 4,Plant 4,Pune,India,349474,LINE022,Assembly Line 22,Welding,8660,7997,2024-06-22,2024-12-13,2024-04-25,2024-01-06,In Progress,41,95.42,48,Yes,2024-06-27,2024-02-19,Shipped,13,Order ORD00000051 - Production running smoothly
ORD00000052,2024-11-18,14:05,2024,5,May,Q2,Thursday,CUST000053,Customer 53,Retailer,Hyderabad,India,customer53@company.com,9443882386,PROD000053,Product 53,PC554051,Machinery,Pumps,High-quality Product 53,69,2661.66,183654.54,2024-08-21,"Hyderabad, 900713",FAC05,Factory 5,Plant 5,Hyderabad,India,860467,LINE023,Assembly Line 23,Painting,8421,13671,2024-10-08,2024-05-13,2024-11-13,2024-11-18,Completed,5,84.52,37,Yes,2024-08-04,2024-03-20,In Transit,18,Order ORD00000052 - Quality issues detected
ORD00000053,2024-09-11,09:56,2024,1,January,Q1,Friday,CUST000054,Customer 54,Corporate,Chennai,India,customer54@company.com,9118266985,PROD000054,Product 54,PC694648,Consumer Goods,Appliances,High-quality Product 54,301,3426.98,1031520.98,2024-07-23,"Chennai, 744973",FAC06,Factory 6,Plant 6,Chennai,India,710781,LINE024,Assembly Line 24,Packaging,34426,7569,2024-04-23,2024-12-17,2024-07-11,2024-05-22,On Hold,76,79.68,31,Yes,2024-11-08,2024-12-25,Delivered,-2,Order ORD00000053 - Quality issues detected
ORD00000054,2024-03-03,08:12,2024,12,December,Q4,Saturday,CUST000055,Customer 55,Individual,Kolkata,India,customer55@company.com,9298718819,PROD000055,Product 55,PC751736,Industrial Equipment,Motors,High-quality Product 55,632,3118.12,1970651.84,2024-11-06,"Kolkata, 319933",FAC07,Factory 7,Plant 7,Kolkata,India,319144,LINE025,Assembly Line 25,Testing,49234,13781,2024-11-09,2024-10-05,2024-07-23,null,Cancelled,12,94.46,15,Yes,2024-04-26,2024-02-04,Delayed,3,Order ORD00000054 - Production running smoothly
ORD00000055,2024-09-21,08:36,2024,2,February,Q1,Sunday,CUST000056,Customer 56,OEM,Jaipur,India,customer56@company.com,9493122120,PROD000056,Product 56,PC532439,Electronics,Controllers,High-quality Product 56,431,4025.18,1734852.58,2024-05-02,"Jaipur, 366515",FAC08,Factory 8,Plant 8,Jaipur,India,131003,LINE026,Assembly Line 26,Assembly,26149,3797,2024-04-19,2024-09-26,2024-01-21,null,Planned,85,94.1,48,Yes,2024-07-09,2024-01-21,Pending,-3,Order ORD00000055 - Production running smoothly
ORD00000056,2024-02-22,16:46,2024,3,March,Q1,Monday,CUST000057,Customer 57,Distributor,Mumbai,India,customer57@company.com,9728745172,PROD000057,Product 57,PC781975,Automotive,Engines,High-quality Product 57,679,1045.85,710132.15,2024-10-08,"Mumbai, 936181",FAC01,Factory 1,Plant 1,Mumbai,India,463821,LINE027,Assembly Line 27,Welding,16192,23753,2024-02-22,2024-01-18,2024-11-04,2024-04-12,In Progress,61,82.77,36,Yes,2024-07-07,2024-10-07,Shipped,11,Order ORD00000056 - Quality issues detected
ORD00000057,2024-05-17,17:49,2024,1,January,Q1,Tuesday,CUST000058,Customer 58,Retailer,Delhi,India,customer58@company.com,9783041715,PROD000058,Product 58,PC112253,Machinery,Pumps,High-quality Product 58,855,2788.11,2383834.05,2024-06-12,"Delhi, 448735",FAC02,Factory 2,Plant 2,Delhi,India,673388,LINE028,Assembly Line 28,Painting,25086,13858,2024-09-05,2024-01-09,2024-04-19,2024-05-25,Completed,68,88.94,9,No,2024-02-09,2024-11-18,In Transit,13,Order ORD00000057 - Production running smoothly
ORD00000058,2024-05-24,15:54,2024,10,October,Q4,Wednesday,CUST000059,Customer 59,Corporate,Bangalore,India,customer59@company.com,9497486887,PROD000059,Product 59,PC288539,Consumer Goods,Appliances,High-quality Product 59,547,2300.74,1258504.78,2024-07-05,"Bangalore, 902494",FAC03,Factory 3,Plant 3,Bangalore,India,839442,LINE029,Assembly Line 29,Packaging,27692,26216,2024-02-06,2024-02-02,2024-10-15,2024-05-25,On Hold,38,72.21,15,Yes,2024-06-17,2024-05-07,Delivered,10,Order ORD00000058 - Quality issues detected
ORD00000059,2024-09-10,09:22,2024,7,JULYY,Q3,Thursday,CUST000060,Customer 60,Individual,Pune,India,customer60@company.com,9755396971,PROD000060,Product 60,PC657713,Industrial Equipment,Motors,High-quality Product 60,10,2793.15,27931.5,2024-09-09,"Pune, 942736",FAC04,Factory 4,Plant 4,Pune,India,607066,LINE030,Assembly Line 30,Testing,41512,22794,2024-10-03,2024-11-23,2024-07-08,null,Cancelled,60,97.07,29,Yes,2024-01-27,2024-02-08,Delayed,-4,Order ORD00000059 - Production running smoothly
ORD00000060,2024-11-03,15:36,2024,6,June,Q2,Friday,CUST000061,Customer 61,OEM,Hyderabad,India,customer61@company.com,9255843401,PROD000061,Product 61,PC230215,Electronics,Controllers,High-quality Product 61,370,734.22,271661.4,2024-07-18,"Hyderabad, 223717",FAC05,Factory 5,Plant 5,Hyderabad,India,403820,LINE001,Assembly Line 1,Assembly,17883,26098,2024-10-15,2024-10-19,2024-05-09,2024-02-07,Planned,41,94.55,46,Yes,2024-05-17,2024-02-21,Pending,3,Order ORD00000060 - Production running smoothly
ORD00000061,2024-05-03,10:21,2024,8,August,Q3,Saturday,CUST000062,Customer 62,Distributor,Chennai,India,customer62@company.com,9358042512,PROD000062,Product 62,PC620986,Automotive,Engines,High-quality Product 62,392,3418.19,1339930.48,2024-05-03,"Chennai, 733787",FAC06,Factory 6,Plant 6,Chennai,India,794745,LINE002,Assembly Line 2,Welding,29978,4811,2024-10-10,2024-11-07,2024-12-16,2024-02-27,In Progress,5,70.53,31,Yes,2024-10-13,null,Shipped,0,Order ORD00000061 - Quality issues detected
ORD00000062,2024-01-16,16:15,2024,11,November,Q4,Sunday,CUST000063,Customer 63,Retailer,Kolkata,India,customer63@company.com,9844825711,PROD000063,Product 63,PC296244,Machinery,Pumps,High-quality Product 63,156,2552.8,398236.8,2024-07-02,"Kolkata, 586947",FAC07,Factory 7,Plant 7,Kolkata,India,500193,LINE003,Assembly Line 3,Painting,28260,1247,2024-04-12,2024-03-28,2024-06-28,2024-09-27,Completed,91,78.66,50,Yes,2024-11-27,2024-05-06,In Transit,16,Order ORD00000062 - Quality issues detected
ORD00000063,2024-04-14,16:52,2024,3,March,Q1,Monday,CUST000064,Customer 64,Corporate,Jaipur,India,customer64@company.com,9149300501,PROD000064,Product 64,PC742248,Consumer Goods,Appliances,High-quality Product 64,387,2388.28,924264.36,2024-08-24,"Jaipur, 903648",FAC08,Factory 8,Plant 8,Jaipur,India,280026,LINE004,Assembly Line 4,Packaging,2390,21824,2024-10-08,2024-06-23,2024-09-04,2024-10-21,On Hold,70,88.92,35,Yes,2024-02-03,2024-07-17,Delivered,8,Order ORD00000063 - Production running smoothly
ORD00000064,2024-07-09,10:33,2024,3,March,Q1,Tuesday,CUST000065,Customer 65,Individual,Mumbai,India,customer65@company.com,9295965564,PROD000065,Product 65,PC526983,Industrial Equipment,Motors,High-quality Product 65,633,1328.43,840896.19,2024-04-28,"Mumbai, 806948",FAC01,Factory 1,Plant 1,Mumbai,India,416041,LINE005,Assembly Line 5,Testing,5794,1429,2024-02-21,null,2024-04-07,2024-04-24,Cancelled,10,96.36,48,Yes,2024-09-16,2024-10-02,Delayed,18,Order ORD00000064 - Production running smoothly
ORD00000065,2024-02-24,14:49,2024,8,August,Q3,Wednesday,CUST000066,Customer 66,OEM,Delhi,India,customer66@company.com,9892524067,PROD000066,Product 66,PC108434,Electronics,Controllers,High-quality Product 66,256,182.28,46663.68,2024-10-19,"Delhi, 796545",FAC02,Factory 2,Plant 2,Delhi,India,354676,LINE006,Assembly Line 6,Assembly,46949,25733,2024-12-18,2024-06-17,2024-10-04,2024-07-04,Planned,71,87.96,26,Yes,2024-04-12,2024-02-18,Pending,8,Order ORD00000065 - Production running smoothly
ORD00000066,2024-07-26,08:46,2024,8,August,Q3,Thursday,CUST000067,Customer 67,Distributor,Bangalore,India,customer67@company.com,9918284934,PROD000067,Product 67,PC979044,Automotive,Engines,High-quality Product 67,38,1982.93,75351.34,2024-01-13,"Bangalore, 183106",FAC03,Factory 3,Plant 3,Bangalore,India,625119,LINE007,Assembly Line 7,Welding,20887,9910,2024-08-14,2024-06-20,2024-03-22,2024-04-17,In Progress,79,82.3,17,Yes,2024-10-01,2024-01-28,Shipped,20,Order ORD00000066 - Quality issues detected
ORD00000067,2024-03-14,11:23,2024,11,November,Q4,Friday,CUST000068,Customer 68,Retailer,Pune,India,customer68@company.com,9901644809,PROD000068,Product 68,PC486100,Machinery,Pumps,High-quality Product 68,915,4060.88,3715705.2,2024-10-17,"Pune, 994472",FAC04,Factory 4,Plant 4,Pune,India,406435,LINE008,Assembly Line 8,Painting,24821,35247,2024-01-06,2024-09-11,2024-10-21,2024-11-23,Completed,15,89.64,42,Yes,2024-04-02,2024-08-06,In Transit,18,Order ORD00000067 - Production running smoothly
ORD00000068,2024-05-15,11:12,2024,1,January,Q1,Saturday,CUST000069,Customer 69,Corporate,Hyderabad,India,customer69@company.com,9940281042,PROD000069,Product 69,PC897719,Consumer Goods,Appliances,High-quality Product 69,84,3177.07,266873.88,2024-11-17,"Hyderabad, 195032",FAC05,Factory 5,Plant 5,Hyderabad,India,220460,LINE009,Assembly Line 9,Packaging,22740,14221,2024-08-14,2024-09-04,2024-12-11,null,On Hold,64,75.37,43,Yes,2024-03-06,null,Delivered,14,Order ORD00000068 - Quality issues detected
ORD00000069,2024-04-27,17:15,2024,3,March,Q1,Sunday,CUST000070,Customer 70,Individual,Chennai,India,customer70@company.com,9429042028,PROD000070,Product 70,PC954136,Industrial Equipment,Motors,High-quality Product 70,796,2458.6,1957045.6,2024-10-12,"Chennai, 588873",FAC06,Factory 6,Plant 6,Chennai,India,968519,LINE010,Assembly Line 10,Testing,2305,7330,2024-02-28,2024-06-26,2024-05-25,null,Cancelled,72,97.37,11,Yes,2024-05-24,2024-07-20,Delayed,3,Order ORD00000069 - Production running smoothly
ORD00000070,2024-02-03,08:32,2024,7,July,Q3,Monday,CUST000071,Customer 71,OEM,Kolkata,India,customer71@company.com,9155650661,PROD000071,Product 71,PC764910,Electronics,Controllers,High-quality Product 71,79,4624.45,365331.55,2024-07-27,"Kolkata, 317004",FAC07,Factory 7,Plant 7,Kolkata,India,896843,LINE011,Assembly Line 11,Assembly,33075,15204,2024-06-24,2024-07-06,2024-06-21,2024-02-08,Planned,28,99.26,47,Yes,2024-08-02,2024-08-26,Pending,-2,Order ORD00000070 - Production running smoothly
ORD00000071,2024-05-26,13:40,2024,5,May,Q2,Tuesday,CUST000072,Customer 72,Distributor,Jaipur,India,customer72@company.com,9888737593,PROD000072,Product 72,PC748994,Automotive,Engines,High-quality Product 72,368,2997.89,1103223.52,2024-12-28,"Jaipur, 383106",FAC08,Factory 8,Plant 8,Jaipur,India,390662,LINE012,Assembly Line 12,Welding,46519,12084,2024-01-12,2024-01-16,2024-07-17,2024-08-07,In Progress,30,72.59,35,Yes,2024-03-01,null,Shipped,4,Order ORD00000071 - Quality issues detected
ORD00000072,2024-09-03,16:48,2024,12,December,Q4,Wednesday,CUST000073,Customer 73,Retailer,Mumbai,India,customer73@company.com,9140277329,PROD000073,Product 73,PC643089,Machinery,Pumps,High-quality Product 73,342,464.4,158824.8,2024-08-11,"Mumbai, 819123",FAC01,Factory 1,Plant 1,Mumbai,India,480687,LINE013,Assembly Line 13,Painting,30511,20304,2024-10-06,2024-09-15,2024-01-27,null,Completed,93,78.8,13,Yes,2024-12-06,null,In Transit,13,Order ORD00000072 - Quality issues detected
ORD00000073,2024-08-03,12:33,2024,3,March,Q1,Thursday,CUST000074,Customer 74,Corporate,Delhi,India,customer74@company.com,9712853363,PROD000074,Product 74,PC188051,Consumer Goods,Appliances,High-quality Product 74,742,359.01,266385.42,2024-06-15,"Delhi, 602306",FAC02,Factory 2,Plant 2,Delhi,India,631062,LINE014,Assembly Line 14,Packaging,3431,5851,2024-10-19,2024-07-14,2024-11-21,2024-02-02,On Hold,83,97.78,18,Yes,2024-04-12,2024-11-16,Delivered,-4,Order ORD00000073 - Production running smoothly
ORD00000074,2024-06-23,12:02,2024,2,February,Q1,Friday,CUST000075,Customer 75,Individual,Bangalore,India,customer75@company.com,9173158239,PROD000075,Product 75,PC991997,Industrial Equipment,Motors,High-quality Product 75,108,3791.55,409487.4,2024-01-12,"Bangalore, 744578",FAC03,Factory 3,Plant 3,Bangalore,India,742674,LINE015,Assembly Line 15,Testing,7110,23620,2024-06-09,2024-09-12,2024-09-21,2024-02-13,Cancelled,72,87.08,35,Yes,2024-12-12,2024-01-02,Delayed,8,Order ORD00000074 - Production running smoothly
ORD00000075,2024-02-22,13:46,2024,3,March,Q1,Saturday,CUST000076,Customer 76,OEM,Pune,India,customer76@company.com,9215383515,PROD000076,Product 76,PC263012,Electronics,Controllers,High-quality Product 76,962,1575.27,1515409.74,2024-11-07,"Pune, 980549",FAC04,Factory 4,Plant 4,Pune,India,113657,LINE016,Assembly Line 16,Assembly,16076,39748,2024-12-06,2024-02-03,2024-04-05,2024-02-08,Planned,55,91.36,12,Yes,2024-11-13,2024-01-11,Pending,9,Order ORD00000075 - Production running smoothly
ORD00000076,2024-12-16,15:53,2024,5,May,Q2,Sunday,CUST000077,Customer 77,Distributor,Hyderabad,India,customer77@company.com,9451263120,PROD000077,Product 77,PC947546,Automotive,Engines,High-quality Product 77,105,1085.27,113953.35,2024-01-07,"Hyderabad, 796924",FAC05,Factory 5,Plant 5,Hyderabad,India,577982,LINE017,Assembly Line 17,Welding,27416,33504,2024-12-19,2024-03-28,2024-05-24,2024-02-20,In Progress,67,82.74,44,Yes,2024-01-19,null,Shipped,-4,Order ORD00000076 - Quality issues detected
ORD00000077,2024-08-03,11:51,2024,5,May,Q2,Monday,CUST000078,Customer 78,Retailer,Chennai,India,customer78@company.com,9632163690,PROD000078,Product 78,PC730991,Machinery,Pumps,High-quality Product 78,904,502.96,454675.84,2024-08-28,"Chennai, 459648",FAC06,Factory 6,Plant 6,Chennai,India,213719,LINE018,Assembly Line 18,Painting,26193,38225,2024-06-19,2024-11-22,2024-07-02,2024-12-23,Completed,79,89.35,23,Yes,2024-03-12,2024-02-22,In Transit,6,Order ORD00000077 - Production running smoothly
ORD00000078,2024-04-02,16:12,2024,1,January,Q1,Tuesday,CUST000079,Customer 79,Corporate,Kolkata,India,customer79@company.com,9824467121,PROD000079,Product 79,PC151021,Consumer Goods,Appliances,High-quality Product 79,96,3677.9,353078.4,2024-08-21,"Kolkata, 865051",FAC07,Factory 7,Plant 7,Kolkata,India,189155,LINE019,Assembly Line 19,Packaging,18641,29489,2024-04-26,2024-02-23,2024-09-01,null,On Hold,43,86.83,47,Yes,2024-04-18,null,Delivered,8,Order ORD00000078 - Production running smoothly
ORD00000079,2024-01-27,13:26,2024,9,September,Q3,Wednesday,CUST000080,Customer 80,Individual,Jaipur,India,customer80@company.com,9584723197,PROD000080,Product 80,PC993641,Industrial Equipment,Motors,High-quality Product 80,186,4296.58,799163.88,2024-10-20,"Jaipur, 244422",FAC08,Factory 8,Plant 8,Jaipur,India,195983,LINE020,Assembly Line 20,Testing,19126,17055,2024-12-18,2024-09-15,2024-11-24,null,Cancelled,79,75.75,17,Yes,2024-04-02,2024-04-19,Delayed,20,Order ORD00000079 - Quality issues detected
ORD00000080,2024-12-11,15:47,2024,6,June,Q2,Thursday,CUST000081,Customer 81,OEM,Mumbai,India,customer81@company.com,9595373410,PROD000081,Product 81,PC396858,Electronics,Controllers,High-quality Product 81,856,4529.15,3876952.4,2024-11-01,"Mumbai, 684987",FAC01,Factory 1,Plant 1,Mumbai,India,233503,LINE021,Assembly Line 21,Assembly,37361,28451,2024-09-01,2024-10-12,2024-04-21,2024-01-18,Planned,28,91.67,14,Yes,2024-04-14,2024-09-23,Pending,5,Order ORD00000080 - Production running smoothly
ORD00000081,2024-09-27,08:07,2024,4,April,Q2,Friday,CUST000082,Customer 82,Distributor,Delhi,India,customer82@company.com,9675449974,PROD000082,Product 82,PC794299,Automotive,Engines,High-quality Product 82,97,2986.48,289688.56,2024-04-27,"Delhi, 321277",FAC02,Factory 2,Plant 2,Delhi,India,241528,LINE022,Assembly Line 22,Welding,11018,22894,2024-06-15,null,2024-07-20,null,In Progress,52,94.68,11,Yes,2024-01-09,2024-04-17,Shipped,0,Order ORD00000081 - Production running smoothly
ORD00000082,2024-12-19,12:07,2024,8,August,Q3,Saturday,CUST000083,Customer 83,Retailer,Bangalore,India,customer83@company.com,9952800893,PROD000083,Product 83,PC146348,Machinery,Pumps,High-quality Product 83,820,474.28,388909.6,2024-07-10,"Bangalore, 370314",FAC03,Factory 3,Plant 3,Bangalore,India,416178,LINE023,Assembly Line 23,Painting,18598,39992,2024-01-09,2024-04-07,2024-11-19,null,Completed,89,84.25,36,Yes,2024-05-01,2024-11-28,In Transit,-5,Order ORD00000082 - Quality issues detected
ORD00000083,2024-01-11,13:08,2024,4,April,Q2,Sunday,CUST000084,Customer 84,Corporate,Pune,India,customer84@company.com,9837987514,PROD000084,Product 84,PC279527,Consumer Goods,Appliances,High-quality Product 84,868,660.72,573504.96,2024-04-26,"Pune, 316580",FAC04,Factory 4,Plant 4,Pune,India,819947,LINE024,Assembly Line 24,Packaging,45194,9275,2024-07-28,2024-06-05,2024-01-09,2024-04-17,On Hold,52,98.06,0,No,2024-10-02,2024-10-15,Delivered,-1,Order ORD00000083 - Production running smoothly
ORD00000084,2024-03-26,11:52,2024,7,July,Q3,Monday,CUST000085,Customer 85,Individual,Hyderabad,India,customer85@company.com,9109134583,PROD000085,Product 85,PC684117,Industrial Equipment,Motors,High-quality Product 85,299,3332.31,996360.69,2024-11-25,"Hyderabad, 566651",FAC05,Factory 5,Plant 5,Hyderabad,India,939741,LINE025,Assembly Line 25,Testing,10487,26187,2024-05-13,2024-12-15,2024-06-22,null,Cancelled,54,71.2,7,No,2024-11-06,2024-06-03,Delayed,14,Order ORD00000084 - Quality issues detected
ORD00000085,2024-05-11,08:17,2024,8,August,Q3,Tuesday,CUST000086,Customer 86,OEM,Chennai,India,customer86@company.com,9690716392,PROD000086,Product 86,PC324084,Electronics,Controllers,High-quality Product 86,958,3387.7,3245416.6,2024-01-10,"Chennai, 320234",FAC06,Factory 6,Plant 6,Chennai,India,385521,LINE026,Assembly Line 26,Assembly,20853,17499,2024-11-07,2024-01-25,2024-12-06,2024-12-09,Planned,95,73.61,18,Yes,2024-08-18,2024-11-05,Pending,20,Order ORD00000085 - Quality issues detected
ORD00000086,2024-09-06,16:32,2024,9,September,Q3,Wednesday,CUST000087,Customer 87,Distributor,Kolkata,India,customer87@company.com,9816166419,PROD000087,Product 87,PC754718,Automotive,Engines,High-quality Product 87,683,1826.07,1247205.81,2024-11-12,"Kolkata, 768502",FAC07,Factory 7,Plant 7,Kolkata,India,238975,LINE027,Assembly Line 27,Welding,5055,10884,2024-02-12,2024-11-23,2024-03-21,2024-09-23,In Progress,15,88,3,No,2024-01-19,2024-07-15,Shipped,-2,Order ORD00000086 - Production running smoothly
ORD00000087,2024-02-13,11:04,2024,5,May,Q2,Thursday,CUST000088,Customer 88,Retailer,Jaipur,India,customer88@company.com,9353824746,PROD000088,Product 88,PC416009,Machinery,Pumps,High-quality Product 88,888,3628.55,3222152.4,2024-06-20,"Jaipur, 101364",FAC08,Factory 8,Plant 8,Jaipur,India,630448,LINE028,Assembly Line 28,Painting,19178,34686,2024-01-01,2024-05-15,2024-09-18,2024-07-26,Completed,47,84.47,29,Yes,2024-04-19,2024-05-09,In Transit,10,Order ORD00000087 - Quality issues detected
ORD00000088,2024-11-26,09:38,2024,2,February,Q1,Friday,CUST000089,Customer 89,Corporate,Mumbai,India,customer89@company.com,9222442091,PROD000089,Product 89,PC147856,Consumer Goods,Appliances,High-quality Product 89,676,2019.91,1365459.16,2024-04-14,"Mumbai, 149430",FAC01,Factory 1,Plant 1,Mumbai,India,305717,LINE029,Assembly Line 29,Packaging,5801,14159,2024-04-14,2024-10-08,2024-02-18,2024-04-19,On Hold,19,81.84,12,Yes,2024-05-18,2024-02-25,Delivered,16,Order ORD00000088 - Quality issues detected
ORD00000089,2024-05-20,15:12,2024,1,January,Q1,Saturday,CUST000090,Customer 90,Individual,Delhi,India,customer90@company.com,9564818611,PROD000090,Product 90,PC954262,Industrial Equipment,Motors,High-quality Product 90,400,835.25,334100,2024-10-14,"Delhi, 415616",FAC02,Factory 2,Plant 2,Delhi,India,516322,LINE030,Assembly Line 30,Testing,30138,35264,2024-08-04,2024-07-22,2024-01-15,2024-11-15,Cancelled,64,73.36,42,Yes,2024-01-18,2024-01-08,Delayed,2,Order ORD00000089 - Quality issues detected
ORD00000090,2024-08-15,11:03,2024,2,February,Q1,Sunday,CUST000091,Customer 91,OEM,Bangalore,India,customer91@company.com,9249305144,PROD000091,Product 91,PC446685,Electronics,Controllers,High-quality Product 91,217,4729.11,1026216.87,2024-01-05,"Bangalore, 925307",FAC03,Factory 3,Plant 3,Bangalore,India,128802,LINE001,Assembly Line 1,Assembly,12230,12503,2024-04-25,2024-12-04,2024-06-19,2024-08-15,Planned,25,90.38,42,Yes,2024-08-11,2024-11-12,Pending,16,Order ORD00000090 - Production running smoothly
ORD00000091,2024-04-24,09:00,2024,5,May,Q2,Monday,CUST000092,Customer 92,Distributor,Pune,India,customer92@company.com,9741261476,PROD000092,Product 92,PC202906,Automotive,Engines,High-quality Product 92,694,4820.94,3345732.36,2024-03-12,"Pune, 249772",FAC04,Factory 4,Plant 4,Pune,India,501944,LINE002,Assembly Line 2,Welding,34415,34699,2024-10-13,2024-11-08,2024-11-02,2024-02-23,In Progress,60,80.48,24,Yes,2024-02-02,2024-12-27,Shipped,11,Order ORD00000091 - Quality issues detected
ORD00000092,2024-03-20,16:50,2024,3,March,Q1,Tuesday,CUST000093,Customer 93,Retailer,Hyderabad,India,customer93@company.com,9883564653,PROD000093,Product 93,PC134230,Machinery,Pumps,High-quality Product 93,312,3498.04,1091388.48,2024-02-15,"Hyderabad, 773325",FAC05,Factory 5,Plant 5,Hyderabad,India,263596,LINE003,Assembly Line 3,Painting,9472,16747,2024-04-02,2024-12-20,2024-09-19,2024-06-14,Completed,70,87.72,46,Yes,2024-10-11,null,In Transit,9,Order ORD00000092 - Production running smoothly
ORD00000093,2024-07-10,16:01,2024,5,May,Q2,Wednesday,CUST000094,Customer 94,Corporate,Chennai,India,customer94@company.com,9680879575,PROD000094,Product 94,PC276262,Consumer Goods,Appliances,High-quality Product 94,980,1540.57,1509758.6,2024-02-08,"Chennai, 308893",FAC06,Factory 6,Plant 6,Chennai,India,777480,LINE004,Assembly Line 4,Packaging,11961,2113,2024-04-26,2024-03-08,2024-03-08,null,On Hold,4,90.94,21,Yes,2024-12-08,2024-05-13,Delivered,19,Order ORD00000093 - Production running smoothly
ORD00000094,2024-03-21,16:48,2024,9,September,Q3,Thursday,CUST000095,Customer 95,Individual,Kolkata,India,customer95@company.com,9884438368,PROD000095,Product 95,PC259544,Industrial Equipment,Motors,High-quality Product 95,487,1129.53,550081.11,2024-10-09,"Kolkata, 708326",FAC07,Factory 7,Plant 7,Kolkata,India,876221,LINE005,Assembly Line 5,Testing,27223,6118,2024-06-15,2024-03-20,2024-09-23,null,Cancelled,64,75.93,1,No,2024-09-23,2024-10-07,Delayed,17,Order ORD00000094 - Quality issues detected
ORD00000095,2024-09-15,15:51,2024,11,November,Q4,Friday,CUST000096,Customer 96,OEM,Jaipur,India,customer96@company.com,9452378301,PROD000096,Product 96,PC393656,Electronics,Controllers,High-quality Product 96,316,2900.69,916618.04,2024-11-03,"Jaipur, 701176",FAC08,Factory 8,Plant 8,Jaipur,India,423063,LINE006,Assembly Line 6,Assembly,26045,33122,2024-08-26,2024-09-05,2024-01-15,2024-04-22,Planned,56,95.47,18,Yes,2024-04-19,2024-12-04,Pending,6,Order ORD00000095 - Production running smoothly
ORD00000096,2024-01-21,10:00,2024,2,February,Q1,Saturday,CUST000097,Customer 97,Distributor,Mumbai,India,customer97@company.com,9524780601,PROD000097,Product 97,PC892073,Automotive,Engines,High-quality Product 97,984,4355.5,4285812,2024-04-02,"Mumbai, 368022",FAC01,Factory 1,Plant 1,Mumbai,India,914342,LINE007,Assembly Line 7,Welding,40503,3249,2024-10-05,2024-02-13,2024-01-07,2024-10-07,In Progress,41,75.19,12,Yes,2024-02-14,2024-02-14,Shipped,-3,Order ORD00000096 - Quality issues detected
ORD00000097,2024-10-09,13:05,2024,7,JULYY,QQ3,Sunday,CUST000098,Customer 98,Retailer,Delhi,India,customer98@company.com,9548670580,PROD000098,Product 98,PC262345,Machinery,Pumps,High-quality Product 98,150,991.03,148654.5,2024-02-08,"Delhi, 140416",FAC02,Factory 2,Plant 2,Delhi,India,892916,LINE008,Assembly Line 8,Painting,48263,8415,2024-10-27,null,2024-10-28,2024-11-08,Completed,10,70.95,12,Yes,2024-11-04,2024-02-20,In Transit,12,Order ORD00000097 - Quality issues detected
ORD00000098,2024-03-28,08:02,2024,11,November,Q4,Monday,CUST000099,Customer 99,Corporate,Bangalore,India,customer99@company.com,9121641896,PROD000099,Product 99,PC941743,Consumer Goods,Appliances,High-quality Product 99,634,3177.79,2014718.86,2024-06-04,"Bangalore, 202558",FAC03,Factory 3,Plant 3,Bangalore,India,631054,LINE009,Assembly Line 9,Packaging,41396,3877,2024-06-19,2024-03-10,2024-09-20,null,On Hold,45,90.47,23,Yes,2024-03-23,null,Delivered,-2,Order ORD00000098 - Production running smoothly
ORD00000099,2024-10-27,13:47,2024,9,September,Q3,Tuesday,CUST000100,Customer 100,Individual,Pune,India,customer100@company.com,9211750969,PROD000100,Product 100,PC250108,Industrial Equipment,Motors,High-quality Product 100,469,242.68,113816.92,2024-05-15,"Pune, 469821",FAC04,Factory 4,Plant 4,Pune,India,646770,LINE010,Assembly Line 10,Testing,38275,2697,2024-07-24,2024-01-14,2024-03-19,null,Cancelled,8,92.09,41,Yes,2024-08-28,null,Delayed,7,Order ORD00000099 - Production running smoothly
ORD00000100,2024-07-13,13:02,2024,2,February,Q1,Wednesday,CUST000101,Customer 101,OEM,Hyderabad,India,customer101@company.com,9161489203,PROD000101,Product 101,PC624994,Electronics,Controllers,High-quality Product 101,775,227.23,176103.25,2024-04-13,"Hyderabad, 740672",FAC05,Factory 5,Plant 5,Hyderabad,India,685935,LINE011,Assembly Line 11,Assembly,27050,23330,2024-06-13,2024-03-28,2024-05-22,2024-02-25,Planned,58,97.97,22,Yes,2024-09-15,2024-07-04,Pending,18,Order ORD00000100 - Production running smoothly
ORD00000101,2024-09-11,11:13,2024,6,June,Q2,Thursday,CUST000102,Customer 102,Distributor,Chennai,India,customer102@company.com,9293781710,PROD000102,Product 102,PC769759,Automotive,Engines,High-quality Product 102,843,2193.2,1848867.6,2024-07-04,"Chennai, 686800",FAC06,Factory 6,Plant 6,Chennai,India,758307,LINE012,Assembly Line 12,Welding,23625,29144,2024-07-02,2024-01-26,2024-03-21,2024-12-03,In Progress,31,98.62,18,Yes,2024-02-02,2024-04-15,Shipped,7,Order ORD00000101 - Production running smoothly
ORD00000102,2024-07-18,11:05,2024,5,May,Q2,Friday,CUST000103,Customer 103,Retailer,Kolkata,India,customer103@company.com,9439302208,PROD000103,Product 103,PC858354,Machinery,Pumps,High-quality Product 103,965,4597.92,4436992.8,2024-03-17,"Kolkata, 303701",FAC07,Factory 7,Plant 7,Kolkata,India,318737,LINE013,Assembly Line 13,Painting,49233,24228,2024-08-11,2024-09-21,2024-08-15,2024-04-25,Completed,90,78.28,35,Yes,2024-09-15,2024-12-07,In Transit,7,Order ORD00000102 - Quality issues detected
ORD00000103,2024-09-17,09:02,2024,3,March,Q1,Saturday,CUST000104,Customer 104,Corporate,Jaipur,India,customer104@company.com,9961354854,PROD000104,Product 104,PC365149,Consumer Goods,Appliances,High-quality Product 104,676,4972.78,3361599.28,2024-06-04,"Jaipur, 822785",FAC08,Factory 8,Plant 8,Jaipur,India,710555,LINE014,Assembly Line 14,Packaging,29510,7114,2024-08-09,2024-03-18,2024-10-25,null,On Hold,86,85.93,7,No,2024-01-25,2024-08-24,Delivered,18,Order ORD00000103 - Production running smoothly
ORD00000104,2024-03-22,15:55,2024,12,December,Q4,Sunday,CUST000105,Customer 105,Individual,Mumbai,India,customer105@company.com,9509854710,PROD000105,Product 105,PC464452,Industrial Equipment,Motors,High-quality Product 105,536,3390.95,1817549.2,2024-05-03,"Mumbai, 381048",FAC01,Factory 1,Plant 1,Mumbai,India,956811,LINE015,Assembly Line 15,Testing,28103,11710,2024-05-27,2024-08-16,2024-02-21,2024-02-05,Cancelled,77,84.57,25,Yes,2024-12-01,2024-11-12,Delayed,2,Order ORD00000104 - Quality issues detected
ORD00000105,2024-05-23,17:46,2024,6,June,Q2,Monday,CUST000106,Customer 106,OEM,Delhi,India,customer106@company.com,9313650814,PROD000106,Product 106,PC918262,Electronics,Controllers,High-quality Product 106,519,1906.55,989499.45,2024-06-08,"Delhi, 535991",FAC02,Factory 2,Plant 2,Delhi,India,853597,LINE016,Assembly Line 16,Assembly,40583,39006,2024-04-15,null,2024-04-14,null,Planned,56,92.36,46,Yes,2024-03-15,2024-09-02,Pending,6,Order ORD00000105 - Production running smoothly
ORD00000106,2024-02-25,09:34,2024,2,February,Q1,Tuesday,CUST000107,Customer 107,Distributor,Bangalore,India,customer107@company.com,9291288283,PROD000107,Product 107,PC794606,Automotive,Engines,High-quality Product 107,806,1613.03,1300102.18,2024-07-17,"Bangalore, 668399",FAC03,Factory 3,Plant 3,Bangalore,India,135396,LINE017,Assembly Line 17,Welding,46281,27083,2024-04-28,null,2024-07-19,2024-01-11,In Progress,96,85.41,25,Yes,2024-10-27,null,Shipped,-1,Order ORD00000106 - Production running smoothly
ORD00000107,2024-12-13,16:56,2024,4,April,Q2,Wednesday,CUST000108,Customer 108,Retailer,Pune,India,customer108@company.com,9452156449,PROD000108,Product 108,PC223009,Machinery,Pumps,High-quality Product 108,167,2454.13,409839.71,2024-11-26,"Pune, 259123",FAC04,Factory 4,Plant 4,Pune,India,539637,LINE018,Assembly Line 18,Painting,32867,34751,2024-02-01,2024-12-09,2024-08-19,null,Completed,67,75.01,34,Yes,2024-01-19,2024-03-03,In Transit,11,Order ORD00000107 - Quality issues detected
ORD00000108,2024-05-04,17:35,2024,6,June,Q2,Thursday,CUST000109,Customer 109,Corporate,Hyderabad,India,customer109@company.com,9547149245,PROD000109,Product 109,PC432478,Consumer Goods,Appliances,High-quality Product 109,995,901.77,897261.15,2024-12-18,"Hyderabad, 422220",FAC05,Factory 5,Plant 5,Hyderabad,India,390097,LINE019,Assembly Line 19,Packaging,18632,29055,2024-12-10,2024-06-27,2024-12-19,null,On Hold,55,87.89,41,Yes,2024-06-08,null,Delivered,15,Order ORD00000108 - Production running smoothly
ORD00000109,2024-04-02,15:16,2024,9,September,Q3,Friday,CUST000110,Customer 110,Individual,Chennai,India,customer110@company.com,9540430831,PROD000110,Product 110,PC213923,Industrial Equipment,Motors,High-quality Product 110,420,4106.35,1724667,2024-09-14,"Chennai, 269736",FAC06,Factory 6,Plant 6,Chennai,India,174374,LINE020,Assembly Line 20,Testing,1679,5062,2024-07-21,2024-10-17,2024-04-08,2024-10-14,Cancelled,10,72.52,13,Yes,2024-07-26,2024-07-09,Delayed,10,Order ORD00000109 - Quality issues detected
ORD00000110,2024-01-18,17:28,2024,10,October,Q4,Saturday,CUST000111,Customer 111,OEM,Kolkata,India,customer111@company.com,9617430739,PROD000111,Product 111,PC321023,Electronics,Controllers,High-quality Product 111,807,2521.64,2034963.48,2024-03-19,"Kolkata, 143468",FAC07,Factory 7,Plant 7,Kolkata,India,454162,LINE021,Assembly Line 21,Assembly,4157,29341,2024-09-13,2024-04-18,2024-08-16,2024-09-18,Planned,94,99.08,0,No,2024-10-26,2024-02-04,Pending,15,Order ORD00000110 - Production running smoothly
ORD00000111,2024-12-03,17:15,2024,7,July,Q3,Sunday,CUST000112,Customer 112,Distributor,Jaipur,India,customer112@company.com,9809522551,PROD000112,Product 112,PC789645,Automotive,Engines,High-quality Product 112,703,1152.29,810059.87,2024-12-14,"Jaipur, 580003",FAC08,Factory 8,Plant 8,Jaipur,India,694395,LINE022,Assembly Line 22,Welding,3692,19503,2024-12-18,2024-09-02,2024-08-13,2024-02-22,In Progress,48,98.37,41,Yes,2024-05-07,2024-02-05,Shipped,14,Order ORD00000111 - Production running smoothly
ORD00000112,2024-04-01,17:54,2024,9,September,QQ3,Monday,CUST000113,Customer 113,Retailer,Mumbai,India,customer113@company.com,9818600551,PROD000113,Product 113,PC389797,Machinery,Pumps,High-quality Product 113,774,3861,2988414,2024-12-01,"Mumbai, 246469",FAC01,Factory 1,Plant 1,Mumbai,India,940588,LINE023,Assembly Line 23,Painting,42414,7720,2024-09-16,2024-10-01,2024-04-07,null,Completed,99,70.13,23,Yes,2024-06-25,2024-05-17,In Transit,3,Order ORD00000112 - Quality issues detected
ORD00000113,2024-07-04,10:45,2024,11,November,Q4,Tuesday,CUST000114,Customer 114,Corporate,Delhi,India,customer114@company.com,9115861153,PROD000114,Product 114,PC648240,Consumer Goods,Appliances,High-quality Product 114,514,4747.01,2439963.14,2024-08-06,"Delhi, 942586",FAC02,Factory 2,Plant 2,Delhi,India,774016,LINE024,Assembly Line 24,Packaging,38621,20475,2024-06-01,2024-06-17,2024-09-10,2024-08-12,On Hold,34,72.04,46,Yes,2024-02-19,2024-02-27,Delivered,-4,Order ORD00000113 - Quality issues detected
ORD00000114,2024-12-13,17:54,2024,1,January,Q1,Wednesday,CUST000115,Customer 115,Individual,Bangalore,India,customer115@company.com,9809766094,PROD000115,Product 115,PC360749,Industrial Equipment,Motors,High-quality Product 115,478,2790.52,1333868.56,2024-10-20,"Bangalore, 275741",FAC03,Factory 3,Plant 3,Bangalore,India,549396,LINE025,Assembly Line 25,Testing,1709,36811,2024-01-05,2024-03-13,2024-10-21,null,Cancelled,74,73.18,21,Yes,2024-07-05,null,Delayed,10,Order ORD00000114 - Quality issues detected
ORD00000115,2024-08-09,13:33,2024,4,April,Q2,Thursday,CUST000116,Customer 116,OEM,Pune,India,customer116@company.com,9566624356,PROD000116,Product 116,PC451936,Electronics,Controllers,High-quality Product 116,280,4547.1,1273188,2024-04-20,"Pune, 165657",FAC04,Factory 4,Plant 4,Pune,India,730783,LINE026,Assembly Line 26,Assembly,10825,23315,2024-10-07,2024-04-02,2024-10-11,null,Planned,91,87.06,35,Yes,2024-05-18,2024-07-25,Pending,-5,Order ORD00000115 - Production running smoothly
ORD00000116,2024-06-24,15:25,2024,9,September,Q3,Friday,CUST000117,Customer 117,Distributor,Hyderabad,India,customer117@company.com,9487659678,PROD000117,Product 117,PC978979,Automotive,Engines,High-quality Product 117,450,4419.39,1988725.5,2024-07-18,"Hyderabad, 864051",FAC05,Factory 5,Plant 5,Hyderabad,India,851388,LINE027,Assembly Line 27,Welding,8008,23058,2024-06-12,2024-11-12,2024-10-15,2024-07-24,In Progress,52,93.37,15,Yes,2024-04-21,2024-08-04,Shipped,12,Order ORD00000116 - Production running smoothly
ORD00000117,2024-09-23,11:09,2024,2,February,Q1,Saturday,CUST000118,Customer 118,Retailer,Chennai,India,customer118@company.com,9937475010,PROD000118,Product 118,PC322170,Machinery,Pumps,High-quality Product 118,848,2319.11,1966605.28,2024-08-28,"Chennai, 563570",FAC06,Factory 6,Plant 6,Chennai,India,973478,LINE028,Assembly Line 28,Painting,19389,1858,2024-07-13,null,2024-09-23,2024-01-18,Completed,71,95.02,0,No,2024-02-01,2024-02-11,In Transit,16,Order ORD00000117 - Production running smoothly
ORD00000118,2024-03-15,08:05,2024,2,February,Q1,Sunday,CUST000119,Customer 119,Corporate,Kolkata,India,customer119@company.com,9794649057,PROD000119,Product 119,PC294251,Consumer Goods,Appliances,High-quality Product 119,455,528.18,240321.9,2024-12-23,"Kolkata, 436155",FAC07,Factory 7,Plant 7,Kolkata,India,899004,LINE029,Assembly Line 29,Packaging,36420,5377,2024-02-15,2024-07-15,2024-01-25,2024-03-04,On Hold,4,91.31,20,Yes,2024-05-10,null,Delivered,13,Order ORD00000118 - Production running smoothly
ORD00000119,2024-11-03,16:54,2024,2,February,Q1,Monday,CUST000120,Customer 120,Individual,Jaipur,India,customer120@company.com,9123899774,PROD000120,Product 120,PC226740,Industrial Equipment,Motors,High-quality Product 120,999,355.36,355004.64,2024-02-22,"Jaipur, 112524",FAC08,Factory 8,Plant 8,Jaipur,India,735693,LINE030,Assembly Line 30,Testing,14725,12728,2024-05-27,2024-09-05,2024-11-26,2024-06-04,Cancelled,85,79.86,44,Yes,2024-03-12,2024-02-16,Delayed,-4,Order ORD00000119 - Quality issues detected
ORD00000120,2024-09-24,10:18,2024,12,December,Q4,Tuesday,CUST000121,Customer 121,OEM,Mumbai,India,customer121@company.com,9892025614,PROD000121,Product 121,PC810956,Electronics,Controllers,High-quality Product 121,422,4226.79,1783705.38,2024-01-25,"Mumbai, 284157",FAC01,Factory 1,Plant 1,Mumbai,India,608280,LINE001,Assembly Line 1,Assembly,25386,26815,2024-07-25,2024-12-05,2024-07-24,2024-05-11,Planned,61,95.48,15,Yes,2024-12-06,2024-08-15,Pending,13,Order ORD00000120 - Production running smoothly
ORD00000121,2024-08-14,09:54,2024,8,August,Q3,Wednesday,CUST000122,Customer 122,Distributor,Delhi,India,customer122@company.com,9945867850,PROD000122,Product 122,PC605680,Automotive,Engines,High-quality Product 122,858,826.59,709214.22,2024-07-27,"Delhi, 918969",FAC02,Factory 2,Plant 2,Delhi,India,781762,LINE002,Assembly Line 2,Welding,3248,33078,2024-11-23,2024-05-24,2024-10-12,2024-12-17,In Progress,36,70.94,14,Yes,2024-11-24,2024-02-11,Shipped,7,Order ORD00000121 - Quality issues detected
ORD00000122,2024-10-26,12:20,2024,5,May,Q2,Thursday,CUST000123,Customer 123,Retailer,Bangalore,India,customer123@company.com,9611607830,PROD000123,Product 123,PC346925,Machinery,Pumps,High-quality Product 123,785,3268.25,2565576.25,2024-02-05,"Bangalore, 661990",FAC03,Factory 3,Plant 3,Bangalore,India,313269,LINE003,Assembly Line 3,Painting,37271,35688,2024-11-28,2024-07-21,2024-10-04,null,Completed,15,76.49,50,Yes,2024-04-21,2024-04-01,In Transit,13,Order ORD00000122 - Quality issues detected
ORD00000123,2024-04-28,12:56,2024,8,August,Q3,Friday,CUST000124,Customer 124,Corporate,Pune,India,customer124@company.com,9315338945,PROD000124,Product 124,PC635713,Consumer Goods,Appliances,High-quality Product 124,276,4939.12,1363197.12,2024-12-03,"Pune, 621083",FAC04,Factory 4,Plant 4,Pune,India,835513,LINE004,Assembly Line 4,Packaging,1151,3607,2024-03-14,2024-11-15,2024-06-19,null,On Hold,53,96.38,12,Yes,2024-05-24,2024-04-28,Delivered,15,Order ORD00000123 - Production running smoothly
ORD00000124,2024-12-24,17:06,2024,8,August,Q3,Saturday,CUST000125,Customer 125,Individual,Hyderabad,India,customer125@company.com,9849643813,PROD000125,Product 125,PC454683,Industrial Equipment,Motors,High-quality Product 125,768,542.88,416931.84,2024-06-24,"Hyderabad, 576675",FAC05,Factory 5,Plant 5,Hyderabad,India,408980,LINE005,Assembly Line 5,Testing,34151,20828,2024-08-20,2024-04-13,2024-01-03,2024-12-07,Cancelled,21,82.33,6,No,2024-12-03,2024-08-18,Delayed,17,Order ORD00000124 - Quality issues detected
ORD00000125,2024-12-22,17:06,2024,7,July,Q3,Sunday,CUST000126,Customer 126,OEM,Chennai,India,customer126@company.com,9508216319,PROD000126,Product 126,PC373979,Electronics,Controllers,High-quality Product 126,441,3574.57,1576385.37,2024-06-15,"Chennai, 323334",FAC06,Factory 6,Plant 6,Chennai,India,434217,LINE006,Assembly Line 6,Assembly,18939,2620,2024-02-21,2024-08-08,2024-10-08,2024-08-01,Planned,41,99.75,17,Yes,2024-08-09,null,Pending,10,Order ORD00000125 - Production running smoothly
ORD00000126,2024-03-19,08:27,2024,11,November,Q4,Monday,CUST000127,Customer 127,Distributor,Kolkata,India,customer127@company.com,9776912194,PROD000127,Product 127,PC347257,Automotive,Engines,High-quality Product 127,423,4717.87,1995659.01,2024-07-24,"Kolkata, 356126",FAC07,Factory 7,Plant 7,Kolkata,India,685935,LINE007,Assembly Line 7,Welding,39664,29006,2024-09-19,2024-02-05,2024-05-23,2024-03-16,In Progress,39,96.91,30,Yes,2024-04-05,2024-09-08,Shipped,19,Order ORD00000126 - Production running smoothly
ORD00000127,2024-06-10,10:02,2024,5,May,Q2,Tuesday,CUST000128,Customer 128,Retailer,Jaipur,India,customer128@company.com,9585542791,PROD000128,Product 128,PC847947,Machinery,Pumps,High-quality Product 128,441,3979.68,1755038.88,2024-05-26,"Jaipur, 999520",FAC08,Factory 8,Plant 8,Jaipur,India,757350,LINE008,Assembly Line 8,Painting,6530,23535,2024-09-09,2024-01-01,2024-08-08,null,Completed,4,87.36,44,Yes,2024-06-18,2024-04-19,In Transit,10,Order ORD00000127 - Production running smoothly
ORD00000128,2024-10-08,08:06,2024,1,January,Q1,Wednesday,CUST000129,Customer 129,Corporate,Mumbai,India,customer129@company.com,9327276795,PROD000129,Product 129,PC447435,Consumer Goods,Appliances,High-quality Product 129,246,1501.97,369484.62,2024-04-25,"Mumbai, 166568",FAC01,Factory 1,Plant 1,Mumbai,India,298867,LINE009,Assembly Line 9,Packaging,1487,18752,2024-09-25,2024-11-23,2024-10-25,2024-02-12,On Hold,39,95.95,31,Yes,2024-03-13,2024-10-07,Delivered,18,Order ORD00000128 - Production running smoothly
ORD00000129,2024-06-12,08:00,2024,4,April,Q2,Thursday,CUST000130,Customer 130,Individual,Delhi,India,customer130@company.com,9523772628,PROD000130,Product 130,PC583516,Industrial Equipment,Motors,High-quality Product 130,460,2543.94,1170212.4,2024-09-11,"Delhi, 413722",FAC02,Factory 2,Plant 2,Delhi,India,519389,LINE010,Assembly Line 10,Testing,48639,2428,2024-06-26,2024-07-14,2024-09-17,2024-02-25,Cancelled,9,80.02,32,Yes,2024-02-08,2024-11-25,Delayed,1,Order ORD00000129 - Quality issues detected
ORD00000130,2024-07-14,16:02,2024,1,January,Q1,Friday,CUST000131,Customer 131,OEM,Bangalore,India,customer131@company.com,9113058442,PROD000131,Product 131,PC216958,Electronics,Controllers,High-quality Product 131,11,1004.76,11052.36,2024-11-06,"Bangalore, 317269",FAC03,Factory 3,Plant 3,Bangalore,India,989678,LINE011,Assembly Line 11,Assembly,29439,3945,2024-11-28,2024-12-09,2024-08-21,2024-11-05,Planned,2,96.88,34,Yes,2024-08-24,2024-02-21,Pending,14,Order ORD00000130 - Production running smoothly
ORD00000131,2024-05-04,11:11,2024,12,December,Q4,Saturday,CUST000132,Customer 132,Distributor,Pune,India,customer132@company.com,9482524497,PROD000132,Product 132,PC344533,Automotive,Engines,High-quality Product 132,285,4689.16,1336410.6,2024-09-13,"Pune, 426899",FAC04,Factory 4,Plant 4,Pune,India,935513,LINE012,Assembly Line 12,Welding,37797,2402,2024-04-19,2024-05-22,2024-05-03,2024-05-26,In Progress,71,76,43,Yes,2024-08-26,null,Shipped,-3,Order ORD00000131 - Quality issues detected
ORD00000132,2024-01-13,13:25,2024,6,June,Q2,Sunday,CUST000133,Customer 133,Retailer,Hyderabad,India,customer133@company.com,9786591978,PROD000133,Product 133,PC248696,Machinery,Pumps,High-quality Product 133,857,4742.07,4063953.99,2024-06-03,"Hyderabad, 456732",FAC05,Factory 5,Plant 5,Hyderabad,India,479360,LINE013,Assembly Line 13,Painting,8415,37262,2024-03-27,2024-11-21,2024-10-17,2024-01-17,Completed,63,99.5,42,Yes,2024-09-13,2024-07-20,In Transit,4,Order ORD00000132 - Production running smoothly
ORD00000133,2024-10-24,14:05,2024,9,September,Q3,Monday,CUST000134,Customer 134,Corporate,Chennai,India,customer134@company.com,9623399443,PROD000134,Product 134,PC660800,Consumer Goods,Appliances,High-quality Product 134,364,1612.56,586971.84,2024-05-26,"Chennai, 506867",FAC06,Factory 6,Plant 6,Chennai,India,155592,LINE014,Assembly Line 14,Packaging,35776,2756,2024-06-12,null,2024-01-05,2024-08-17,On Hold,84,84.88,40,Yes,2024-01-22,null,Delivered,15,Order ORD00000133 - Quality issues detected
ORD00000134,2024-02-20,15:14,2024,12,December,Q4,Tuesday,CUST000135,Customer 135,Individual,Kolkata,India,customer135@company.com,9354857059,PROD000135,Product 135,PC786284,Industrial Equipment,Motors,High-quality Product 135,484,437.45,211725.8,2024-03-17,"Kolkata, 410090",FAC07,Factory 7,Plant 7,Kolkata,India,252026,LINE015,Assembly Line 15,Testing,28516,8264,2024-04-05,2024-01-26,2024-11-07,2024-04-28,Cancelled,43,97.7,33,Yes,2024-10-19,2024-11-04,Delayed,15,Order ORD00000134 - Production running smoothly
ORD00000135,2024-03-19,14:30,2024,5,May,Q2,Wednesday,CUST000136,Customer 136,OEM,Jaipur,India,customer136@company.com,9749891091,PROD000136,Product 136,PC727245,Electronics,Controllers,High-quality Product 136,41,1500.04,61501.64,2024-09-20,"Jaipur, 173438",FAC08,Factory 8,Plant 8,Jaipur,India,434291,LINE016,Assembly Line 16,Assembly,30036,4205,2024-08-10,2024-08-07,2024-07-04,2024-05-02,Planned,50,73.85,7,No,2024-09-10,2024-06-28,Pending,14,Order ORD00000135 - Quality issues detected
ORD00000136,2024-01-07,15:54,2024,7,July,Q3,Thursday,CUST000137,Customer 137,Distributor,Mumbai,India,customer137@company.com,9609366315,PROD000137,Product 137,PC575259,Automotive,Engines,High-quality Product 137,973,2716.04,2642706.92,2024-05-22,"Mumbai, 388666",FAC01,Factory 1,Plant 1,Mumbai,India,808023,LINE017,Assembly Line 17,Welding,23177,22340,2024-08-04,2024-04-18,2024-03-18,2024-11-27,In Progress,67,83.65,23,Yes,2024-01-21,null,Shipped,-1,Order ORD00000136 - Quality issues detected
ORD00000137,2024-11-03,09:32,2024,10,October,Q4,Friday,CUST000138,Customer 138,Retailer,Delhi,India,customer138@company.com,9312849781,PROD000138,Product 138,PC700739,Machinery,Pumps,High-quality Product 138,726,1046.12,759483.12,2024-10-08,"Delhi, 993830",FAC02,Factory 2,Plant 2,Delhi,India,404069,LINE018,Assembly Line 18,Painting,23976,25181,2024-09-15,2024-06-03,2024-06-23,null,Completed,41,82.47,8,No,2024-05-10,2024-07-19,In Transit,14,Order ORD00000137 - Quality issues detected
ORD00000138,2024-03-10,08:26,2024,5,May,Q2,Saturday,CUST000139,Customer 139,Corporate,Bangalore,India,customer139@company.com,9747717443,PROD000139,Product 139,PC547459,Consumer Goods,Appliances,High-quality Product 139,313,1619.37,506862.81,2024-07-23,"Bangalore, 646236",FAC03,Factory 3,Plant 3,Bangalore,India,745162,LINE019,Assembly Line 19,Packaging,31275,7309,2024-04-25,2024-09-08,2024-08-22,2024-11-26,On Hold,12,92.75,27,Yes,2024-03-14,2024-06-11,Delivered,16,Order ORD00000138 - Production running smoothly
ORD00000139,2024-11-11,12:00,2024,2,February,Q1,Sunday,CUST000140,Customer 140,Individual,Pune,India,customer140@company.com,9178876645,PROD000140,Product 140,PC966972,Industrial Equipment,Motors,High-quality Product 140,535,2097.17,1121985.95,2024-10-15,"Pune, 679831",FAC04,Factory 4,Plant 4,Pune,India,303148,LINE020,Assembly Line 20,Testing,45985,4196,2024-09-03,2024-06-09,2024-06-06,2024-03-13,Cancelled,9,95.18,39,Yes,2024-09-24,2024-07-09,Delayed,10,Order ORD00000139 - Production running smoothly
ORD00000140,2024-08-16,08:26,2024,12,December,Q4,Monday,CUST000141,Customer 141,OEM,Hyderabad,India,customer141@company.com,9642333031,PROD000141,Product 141,PC989711,Electronics,Controllers,High-quality Product 141,695,3918.28,2723204.6,2024-10-19,"Hyderabad, 283349",FAC05,Factory 5,Plant 5,Hyderabad,India,649982,LINE021,Assembly Line 21,Assembly,9567,9174,2024-11-18,2024-09-12,2024-08-14,2024-04-21,Planned,18,74.94,36,Yes,2024-04-27,null,Pending,9,Order ORD00000140 - Quality issues detected
ORD00000141,2024-07-04,10:13,2024,5,May,Q2,Tuesday,CUST000142,Customer 142,Distributor,Chennai,India,customer142@company.com,9773196675,PROD000142,Product 142,PC945469,Automotive,Engines,High-quality Product 142,329,3561.47,1171723.63,2024-02-08,"Chennai, 674760",FAC06,Factory 6,Plant 6,Chennai,India,162448,LINE022,Assembly Line 22,Welding,17666,33264,2024-11-28,2024-07-11,2024-06-19,2024-04-15,In Progress,17,90.73,21,Yes,2024-11-01,null,Shipped,4,Order ORD00000141 - Production running smoothly
ORD00000142,2024-08-18,13:35,2024,3,March,Q1,Wednesday,CUST000143,Customer 143,Retailer,Kolkata,India,customer143@company.com,9790070090,PROD000143,Product 143,PC705063,Machinery,Pumps,High-quality Product 143,55,868.01,47740.55,2024-02-20,"Kolkata, 204247",FAC07,Factory 7,Plant 7,Kolkata,India,751969,LINE023,Assembly Line 23,Painting,4058,19260,2024-01-02,2024-04-24,2024-09-28,null,Completed,9,90.88,31,Yes,2024-03-11,2024-10-09,In Transit,12,Order ORD00000142 - Production running smoothly
ORD00000143,2024-12-09,16:11,2024,3,March,Q1,Thursday,CUST000144,Customer 144,Corporate,Jaipur,India,customer144@company.com,9832662385,PROD000144,Product 144,PC299643,Consumer Goods,Appliances,High-quality Product 144,355,4788.89,1700055.95,2024-01-02,"Jaipur, 633833",FAC08,Factory 8,Plant 8,Jaipur,India,955397,LINE024,Assembly Line 24,Packaging,12252,9680,2024-10-17,2024-07-26,2024-01-08,2024-08-12,On Hold,65,75.81,3,No,2024-10-06,2024-10-12,Delivered,15,Order ORD00000143 - Quality issues detected
ORD00000144,2024-08-11,09:24,2024,3,March,Q1,Friday,CUST000145,Customer 145,Individual,Mumbai,India,customer145@company.com,9606669950,PROD000145,Product 145,PC501153,Industrial Equipment,Motors,High-quality Product 145,247,4446.08,1098181.76,2024-11-13,"Mumbai, 110567",FAC01,Factory 1,Plant 1,Mumbai,India,719894,LINE025,Assembly Line 25,Testing,2324,34985,2024-08-23,2024-03-07,2024-09-17,2024-08-09,Cancelled,85,74.99,26,Yes,2024-02-23,2024-09-09,Delayed,2,Order ORD00000144 - Quality issues detected
ORD00000145,2024-01-11,13:14,2024,12,December,Q4,Saturday,CUST000146,Customer 146,OEM,Delhi,India,customer146@company.com,9498305852,PROD000146,Product 146,PC367555,Electronics,Controllers,High-quality Product 146,683,153.7,104977.1,2024-02-21,"Delhi, 401280",FAC02,Factory 2,Plant 2,Delhi,India,979754,LINE026,Assembly Line 26,Assembly,49290,19707,2024-05-15,2024-01-22,2024-04-28,null,Planned,41,87.17,34,Yes,2024-03-19,2024-08-14,Pending,14,Order ORD00000145 - Production running smoothly
ORD00000146,2024-12-07,15:40,2024,11,November,Q4,Sunday,CUST000147,Customer 147,Distributor,Bangalore,India,customer147@company.com,9160939384,PROD000147,Product 147,PC907401,Automotive,Engines,High-quality Product 147,350,4291.48,1502018,2024-09-06,"Bangalore, 485209",FAC03,Factory 3,Plant 3,Bangalore,India,625090,LINE027,Assembly Line 27,Welding,47425,1379,2024-04-25,2024-11-01,2024-04-13,2024-05-23,In Progress,40,94.58,8,No,2024-11-26,2024-01-06,Shipped,20,Order ORD00000146 - Production running smoothly
ORD00000147,2024-06-05,17:58,2024,9,September,QQ3,Monday,CUST000148,Customer 148,Retailer,Pune,India,customer148@company.com,9240661537,PROD000148,Product 148,PC607955,Machinery,Pumps,High-quality Product 148,254,1531.94,389112.76,2024-02-25,"Pune, 175912",FAC04,Factory 4,Plant 4,Pune,India,703346,LINE028,Assembly Line 28,Painting,2767,2427,2024-07-07,2024-09-04,2024-07-05,2024-05-03,Completed,60,92.16,43,Yes,2024-02-04,null,In Transit,7,Order ORD00000147 - Production running smoothly
ORD00000148,2024-03-21,11:11,2024,6,June,Q2,Tuesday,CUST000149,Customer 149,Corporate,Hyderabad,India,customer149@company.com,9365784276,PROD000149,Product 149,PC495956,Consumer Goods,Appliances,High-quality Product 149,688,1034.23,711550.24,2024-01-07,"Hyderabad, 493769",FAC05,Factory 5,Plant 5,Hyderabad,India,669327,LINE029,Assembly Line 29,Packaging,17539,24383,2024-05-01,2024-10-15,2024-09-25,2024-02-24,On Hold,12,75.73,9,No,2024-04-23,2024-12-14,Delivered,19,Order ORD00000148 - Quality issues detected
ORD00000149,2024-02-09,09:29,2024,2,February,Q1,Wednesday,CUST000150,Customer 150,Individual,Chennai,India,customer150@company.com,9270355744,PROD000150,Product 150,PC633504,Industrial Equipment,Motors,High-quality Product 150,819,2780.26,2277032.94,2024-07-16,"Chennai, 915328",FAC06,Factory 6,Plant 6,Chennai,India,432693,LINE030,Assembly Line 30,Testing,22960,14178,2024-12-07,2024-05-24,2024-10-22,2024-11-16,Cancelled,61,84.46,8,No,2024-12-18,2024-12-02,Delayed,3,Order ORD00000149 - Quality issues detected
ORD00000150,2024-04-17,16:18,2024,5,May,Q2,Thursday,CUST000151,Customer 151,OEM,Kolkata,India,customer151@company.com,9385060462,PROD000001,Product 1,PC354290,Electronics,Controllers,High-quality Product 1,128,4683.6,599500.8,2024-10-28,"Kolkata, 622961",FAC07,Factory 7,Plant 7,Kolkata,India,897798,LINE001,Assembly Line 1,Assembly,19428,25522,2024-07-15,null,2024-07-19,2024-05-12,Planned,46,96.86,21,Yes,2024-08-27,null,Pending,16,Order ORD00000150 - Production running smoothly
ORD00000151,2024-05-15,13:36,2024,5,May,Q2,Friday,CUST000152,Customer 152,Distributor,Jaipur,India,customer152@company.com,9430789488,PROD000002,Product 2,PC307765,Automotive,Engines,High-quality Product 2,578,1556.83,899847.74,2024-01-11,"Jaipur, 872989",FAC08,Factory 8,Plant 8,Jaipur,India,134056,LINE002,Assembly Line 2,Welding,39532,3553,2024-12-08,2024-01-02,2024-09-14,2024-07-28,In Progress,80,85.66,40,Yes,2024-04-17,null,Shipped,-1,Order ORD00000151 - Production running smoothly
ORD00000152,2024-11-19,17:34,2024,2,February,Q1,Saturday,CUST000153,Customer 153,Retailer,Mumbai,India,customer153@company.com,9988329424,PROD000003,Product 3,PC442926,Machinery,Pumps,High-quality Product 3,801,830.67,665366.67,2024-01-04,"Mumbai, 440153",FAC01,Factory 1,Plant 1,Mumbai,India,648647,LINE003,Assembly Line 3,Painting,8126,2920,2024-06-06,2024-07-02,2024-11-18,2024-07-25,Completed,86,96.29,39,Yes,2024-12-05,null,In Transit,20,Order ORD00000152 - Production running smoothly
ORD00000153,2024-06-09,09:50,2024,11,November,Q4,Sunday,CUST000154,Customer 154,Corporate,Delhi,India,customer154@company.com,9742980100,PROD000004,Product 4,PC594325,Consumer Goods,Appliances,High-quality Product 4,27,2340.72,63199.44,2024-12-12,"Delhi, 651233",FAC02,Factory 2,Plant 2,Delhi,India,717924,LINE004,Assembly Line 4,Packaging,3231,6405,2024-01-20,2024-06-01,2024-06-06,2024-06-20,On Hold,47,72.89,5,No,2024-05-14,2024-09-02,Delivered,-5,Order ORD00000153 - Quality issues detected
ORD00000154,2024-08-13,14:29,2024,3,March,Q1,Monday,CUST000155,Customer 155,Individual,Bangalore,India,customer155@company.com,9778649898,PROD000005,Product 5,PC940901,Industrial Equipment,Motors,High-quality Product 5,52,4053.73,210793.96,2024-11-21,"Bangalore, 716357",FAC03,Factory 3,Plant 3,Bangalore,India,717081,LINE005,Assembly Line 5,Testing,17151,20686,2024-07-14,2024-10-27,2024-07-06,2024-09-08,Cancelled,36,74.87,35,Yes,2024-05-03,2024-12-14,Delayed,19,Order ORD00000154 - Quality issues detected
ORD00000155,2024-01-16,15:10,2024,7,July,Q3,Tuesday,CUST000156,Customer 156,OEM,Pune,India,customer156@company.com,9271932481,PROD000006,Product 6,PC141895,Electronics,Controllers,High-quality Product 6,538,3050.4,1641115.2,2024-10-17,"Pune, 344256",FAC04,Factory 4,Plant 4,Pune,India,796669,LINE006,Assembly Line 6,Assembly,46307,700,2024-07-04,null,2024-01-12,null,Planned,99,89.68,7,No,2024-05-05,2024-06-09,Pending,-4,Order ORD00000155 - Production running smoothly
ORD00000156,2024-03-26,11:36,2024,6,June,Q2,Wednesday,CUST000157,Customer 157,Distributor,Hyderabad,India,customer157@company.com,9246877055,PROD000007,Product 7,PC162337,Automotive,Engines,High-quality Product 7,71,3481.56,247190.76,2024-06-08,"Hyderabad, 714713",FAC05,Factory 5,Plant 5,Hyderabad,India,838886,LINE007,Assembly Line 7,Welding,31762,24123,2024-11-26,2024-06-08,2024-03-19,2024-02-04,In Progress,47,79.14,7,No,2024-11-11,null,Shipped,13,Order ORD00000156 - Quality issues detected
ORD00000157,2024-09-14,12:31,2024,9,September,Q3,Thursday,CUST000158,Customer 158,Retailer,Chennai,India,customer158@company.com,9964749750,PROD000008,Product 8,PC632857,Machinery,Pumps,High-quality Product 8,835,2920.68,2438767.8,2024-06-23,"Chennai, 802867",FAC06,Factory 6,Plant 6,Chennai,India,291306,LINE008,Assembly Line 8,Painting,12709,15171,2024-11-17,null,2024-05-11,2024-12-28,Completed,21,91.91,22,Yes,2024-05-13,2024-12-23,In Transit,18,Order ORD00000157 - Production running smoothly
ORD00000158,2024-04-05,09:04,2024,12,December,Q4,Friday,CUST000159,Customer 159,Corporate,Kolkata,India,customer159@company.com,9147742458,PROD000009,Product 9,PC400222,Consumer Goods,Appliances,High-quality Product 9,791,3938.81,3115598.71,2024-03-01,"Kolkata, 505617",FAC07,Factory 7,Plant 7,Kolkata,India,146795,LINE009,Assembly Line 9,Packaging,48687,31940,2024-04-20,null,2024-11-12,null,On Hold,49,89.84,50,Yes,2024-02-04,2024-10-05,Delivered,9,Order ORD00000158 - Production running smoothly
ORD00000159,2024-08-16,13:59,2024,12,December,Q4,Saturday,CUST000160,Customer 160,Individual,Jaipur,India,customer160@company.com,9447771444,PROD000010,Product 10,PC714858,Industrial Equipment,Motors,High-quality Product 10,995,3219.23,3203133.85,2024-01-27,"Jaipur, 547008",FAC08,Factory 8,Plant 8,Jaipur,India,955805,LINE010,Assembly Line 10,Testing,13804,26232,2024-11-22,2024-02-19,2024-07-19,2024-03-15,Cancelled,84,83.75,24,Yes,2024-11-16,2024-06-02,Delayed,13,Order ORD00000159 - Quality issues detected
ORD00000160,2024-01-24,09:47,2024,11,November,Q4,Sunday,CUST000161,Customer 161,OEM,Mumbai,India,customer161@company.com,9641029201,PROD000011,Product 11,PC469116,Electronics,Controllers,High-quality Product 11,112,3022.8,338553.6,2024-02-10,"Mumbai, 544128",FAC01,Factory 1,Plant 1,Mumbai,India,821933,LINE011,Assembly Line 11,Assembly,30445,6055,2024-04-04,2024-06-28,2024-05-28,null,Planned,45,97.53,28,Yes,2024-11-28,2024-09-05,Pending,4,Order ORD00000160 - Production running smoothly
ORD00000161,2024-04-11,17:22,2024,11,November,Q4,Monday,CUST000162,Customer 162,Distributor,Delhi,India,customer162@company.com,9629400551,PROD000012,Product 12,PC420380,Automotive,Engines,High-quality Product 12,965,2288.98,2208865.7,2024-03-10,"Delhi, 583010",FAC02,Factory 2,Plant 2,Delhi,India,779175,LINE012,Assembly Line 12,Welding,19255,28565,2024-01-15,2024-06-27,2024-11-28,2024-10-07,In Progress,5,93.17,23,Yes,2024-04-08,null,Shipped,-4,Order ORD00000161 - Production running smoothly
ORD00000162,2024-03-27,10:40,2024,7,July,Q3,Tuesday,CUST000163,Customer 163,Retailer,Bangalore,India,customer163@company.com,9354988804,PROD000013,Product 13,PC559177,Machinery,Pumps,High-quality Product 13,488,857.79,418601.52,2024-05-18,"Bangalore, 959222",FAC03,Factory 3,Plant 3,Bangalore,India,941952,LINE013,Assembly Line 13,Painting,25617,24160,2024-05-05,2024-08-07,2024-10-16,2024-09-24,Completed,29,74.9,7,No,2024-09-27,2024-11-22,In Transit,-5,Order ORD00000162 - Quality issues detected
ORD00000163,2024-12-12,13:33,2024,3,March,Q1,Wednesday,CUST000164,Customer 164,Corporate,Pune,India,customer164@company.com,9674955855,PROD000014,Product 14,PC330317,Consumer Goods,Appliances,High-quality Product 14,541,1279.24,692068.84,2024-04-20,"Pune, 860583",FAC04,Factory 4,Plant 4,Pune,India,262873,LINE014,Assembly Line 14,Packaging,35080,36049,2024-09-03,2024-07-20,2024-12-16,2024-02-07,On Hold,66,95.82,18,Yes,2024-07-27,2024-02-19,Delivered,17,Order ORD00000163 - Production running smoothly
ORD00000164,2024-05-25,16:09,2024,2,February,Q1,Thursday,CUST000165,Customer 165,Individual,Hyderabad,India,customer165@company.com,9642859272,PROD000015,Product 15,PC413104,Industrial Equipment,Motors,High-quality Product 15,390,2814,1097460,2024-12-16,"Hyderabad, 146845",FAC05,Factory 5,Plant 5,Hyderabad,India,843271,LINE015,Assembly Line 15,Testing,19518,26475,2024-10-09,2024-08-24,2024-06-03,2024-07-16,Cancelled,64,89.76,35,Yes,2024-11-14,2024-09-20,Delayed,-1,Order ORD00000164 - Production running smoothly
ORD00000165,2024-12-01,17:31,2024,5,May,Q2,Friday,CUST000166,Customer 166,OEM,Chennai,India,customer166@company.com,9322132186,PROD000016,Product 16,PC951133,Electronics,Controllers,High-quality Product 16,238,3959.95,942468.1,2024-04-11,"Chennai, 875542",FAC06,Factory 6,Plant 6,Chennai,India,892685,LINE016,Assembly Line 16,Assembly,15325,15650,2024-02-23,2024-07-08,2024-02-09,null,Planned,85,98.68,28,Yes,2024-11-07,2024-07-11,Pending,0,Order ORD00000165 - Production running smoothly
ORD00000166,2024-09-25,15:26,2024,10,October,Q4,Saturday,CUST000167,Customer 167,Distributor,Kolkata,India,customer167@company.com,9222453322,PROD000017,Product 17,PC962066,Automotive,Engines,High-quality Product 17,720,2671.61,1923559.2,2024-12-24,"Kolkata, 437576",FAC07,Factory 7,Plant 7,Kolkata,India,357436,LINE017,Assembly Line 17,Welding,28329,32350,2024-04-09,null,2024-02-26,2024-01-07,In Progress,52,73.84,1,No,2024-05-17,null,Shipped,11,Order ORD00000166 - Quality issues detected
ORD00000167,2024-03-24,17:11,2024,9,September,Q3,Sunday,CUST000168,Customer 168,Retailer,Jaipur,India,customer168@company.com,9266970898,PROD000018,Product 18,PC301151,Machinery,Pumps,High-quality Product 18,214,4711.87,1008340.18,2024-03-18,"Jaipur, 534569",FAC08,Factory 8,Plant 8,Jaipur,India,313609,LINE018,Assembly Line 18,Painting,28767,9832,2024-10-04,2024-12-26,2024-01-19,null,Completed,63,86.12,18,Yes,2024-02-06,2024-02-17,In Transit,7,Order ORD00000167 - Production running smoothly
ORD00000168,2024-01-22,17:01,2024,6,June,Q2,Monday,CUST000169,Customer 169,Corporate,Mumbai,India,customer169@company.com,9896390852,PROD000019,Product 19,PC364304,Consumer Goods,Appliances,High-quality Product 19,569,4342.24,2470734.56,2024-04-24,"Mumbai, 472103",FAC01,Factory 1,Plant 1,Mumbai,India,567870,LINE019,Assembly Line 19,Packaging,43513,12073,2024-01-15,2024-11-19,2024-07-25,2024-08-23,On Hold,78,93.11,50,Yes,2024-10-05,2024-10-27,Delivered,19,Order ORD00000168 - Production running smoothly
ORD00000169,2024-04-24,10:52,2024,8,August,Q3,Tuesday,CUST000170,Customer 170,Individual,Delhi,India,customer170@company.com,9545345482,PROD000020,Product 20,PC743249,Industrial Equipment,Motors,High-quality Product 20,763,2664.31,2032868.53,2024-02-12,"Delhi, 551885",FAC02,Factory 2,Plant 2,Delhi,India,536876,LINE020,Assembly Line 20,Testing,29041,39390,2024-03-13,2024-05-28,2024-06-12,2024-07-07,Cancelled,2,72.63,50,Yes,2024-01-02,2024-07-09,Delayed,-4,Order ORD00000169 - Quality issues detected
ORD00000170,2024-08-08,13:23,2024,4,April,Q2,Wednesday,CUST000171,Customer 171,OEM,Bangalore,India,customer171@company.com,9327555123,PROD000021,Product 21,PC343704,Electronics,Controllers,High-quality Product 21,390,3464.21,1351041.9,2024-08-06,"Bangalore, 782778",FAC03,Factory 3,Plant 3,Bangalore,India,340515,LINE021,Assembly Line 21,Assembly,26124,7215,2024-04-24,2024-04-25,2024-11-16,2024-07-07,Planned,95,85.51,37,Yes,2024-06-11,2024-09-09,Pending,6,Order ORD00000170 - Production running smoothly
ORD00000171,2024-11-03,12:17,2024,5,May,Q2,Thursday,CUST000172,Customer 172,Distributor,Pune,India,customer172@company.com,9254148413,PROD000022,Product 22,PC690250,Automotive,Engines,High-quality Product 22,308,4214.84,1298170.72,2024-10-07,"Pune, 528805",FAC04,Factory 4,Plant 4,Pune,India,355231,LINE022,Assembly Line 22,Welding,42308,17890,2024-09-12,null,2024-04-12,2024-06-13,In Progress,58,96.99,37,Yes,2024-09-04,2024-11-19,Shipped,13,Order ORD00000171 - Production running smoothly
ORD00000172,2024-07-13,11:22,2024,3,March,Q1,Friday,CUST000173,Customer 173,Retailer,Hyderabad,India,customer173@company.com,9326397071,PROD000023,Product 23,PC380164,Machinery,Pumps,High-quality Product 23,646,395.73,255641.58,2024-12-15,"Hyderabad, 525310",FAC05,Factory 5,Plant 5,Hyderabad,India,905099,LINE023,Assembly Line 23,Painting,23672,28640,2024-12-17,2024-02-17,2024-12-21,2024-03-24,Completed,22,78.66,25,Yes,2024-09-06,null,In Transit,20,Order ORD00000172 - Quality issues detected
ORD00000173,2024-07-09,11:13,2024,10,October,Q4,Saturday,CUST000174,Customer 174,Corporate,Chennai,India,customer174@company.com,9358916463,PROD000024,Product 24,PC395421,Consumer Goods,Appliances,High-quality Product 24,737,1939.06,1429087.22,2024-06-08,"Chennai, 933508",FAC06,Factory 6,Plant 6,Chennai,India,724314,LINE024,Assembly Line 24,Packaging,31116,2338,2024-10-04,2024-08-18,2024-06-12,2024-11-15,On Hold,60,85.7,8,No,2024-04-03,2024-06-13,Delivered,1,Order ORD00000173 - Production running smoothly
ORD00000174,2024-12-17,16:16,2024,10,October,Q4,Sunday,CUST000175,Customer 175,Individual,Kolkata,India,customer175@company.com,9879561935,PROD000025,Product 25,PC923483,Industrial Equipment,Motors,High-quality Product 25,799,3880.8,3100759.2,2024-07-10,"Kolkata, 869775",FAC07,Factory 7,Plant 7,Kolkata,India,558697,LINE025,Assembly Line 25,Testing,38367,25309,2024-02-02,2024-12-02,2024-01-10,2024-11-02,Cancelled,80,89.19,38,Yes,2024-09-01,2024-06-23,Delayed,0,Order ORD00000174 - Production running smoothly
ORD00000175,2024-09-03,11:48,2024,6,June,Q2,Monday,CUST000176,Customer 176,OEM,Jaipur,India,customer176@company.com,9993110912,PROD000026,Product 26,PC533539,Electronics,Controllers,High-quality Product 26,828,1160.08,960546.24,2024-03-11,"Jaipur, 692674",FAC08,Factory 8,Plant 8,Jaipur,India,395611,LINE026,Assembly Line 26,Assembly,45969,34806,2024-07-14,2024-05-27,2024-09-18,2024-07-24,Planned,60,95.62,11,Yes,2024-05-13,2024-01-05,Pending,18,Order ORD00000175 - Production running smoothly
ORD00000176,2024-02-22,08:29,2024,6,June,Q2,Tuesday,CUST000177,Customer 177,Distributor,Mumbai,India,customer177@company.com,9670337867,PROD000027,Product 27,PC824842,Automotive,Engines,High-quality Product 27,990,4360.44,4316835.6,2024-04-04,"Mumbai, 482337",FAC01,Factory 1,Plant 1,Mumbai,India,929685,LINE027,Assembly Line 27,Welding,44249,4908,2024-06-14,2024-02-02,2024-06-23,2024-04-13,In Progress,29,82.89,31,Yes,2024-01-08,2024-03-07,Shipped,0,Order ORD00000176 - Quality issues detected
ORD00000177,2024-05-04,08:56,2024,8,August,Q3,Wednesday,CUST000178,Customer 178,Retailer,Delhi,India,customer178@company.com,9612620250,PROD000028,Product 28,PC538001,Machinery,Pumps,High-quality Product 28,208,2277.1,473636.8,2024-06-17,"Delhi, 742690",FAC02,Factory 2,Plant 2,Delhi,India,302953,LINE028,Assembly Line 28,Painting,37480,36029,2024-06-01,2024-12-13,2024-07-02,null,Completed,100,89.95,48,Yes,2024-09-19,2024-12-26,In Transit,0,Order ORD00000177 - Production running smoothly
ORD00000178,2024-09-11,15:12,2024,8,August,Q3,Thursday,CUST000179,Customer 179,Corporate,Bangalore,India,customer179@company.com,9328634040,PROD000029,Product 29,PC631484,Consumer Goods,Appliances,High-quality Product 29,194,4127.8,800793.2,2024-06-06,"Bangalore, 527568",FAC03,Factory 3,Plant 3,Bangalore,India,546733,LINE029,Assembly Line 29,Packaging,10089,7531,2024-02-24,2024-02-28,2024-09-28,2024-07-27,On Hold,10,99.1,4,No,2024-08-17,2024-06-12,Delivered,19,Order ORD00000178 - Production running smoothly
ORD00000179,2024-06-15,17:50,2024,7,July,Q3,Friday,CUST000180,Customer 180,Individual,Pune,India,customer180@company.com,9864260310,PROD000030,Product 30,PC331731,Industrial Equipment,Motors,High-quality Product 30,850,4372.57,3716684.5,2024-10-08,"Pune, 537293",FAC04,Factory 4,Plant 4,Pune,India,576415,LINE030,Assembly Line 30,Testing,4775,4406,2024-08-25,2024-07-18,2024-12-14,2024-11-08,Cancelled,7,87.7,6,No,2024-02-12,null,Delayed,13,Order ORD00000179 - Production running smoothly
ORD00000180,2024-03-07,12:38,2024,11,November,Q4,Saturday,CUST000181,Customer 181,OEM,Hyderabad,India,customer181@company.com,9951865844,PROD000031,Product 31,PC365230,Electronics,Controllers,High-quality Product 31,917,2710.64,2485656.88,2024-03-19,"Hyderabad, 244162",FAC05,Factory 5,Plant 5,Hyderabad,India,282378,LINE001,Assembly Line 1,Assembly,36676,22319,2024-06-16,2024-09-02,2024-12-01,2024-04-11,Planned,14,79.09,48,Yes,2024-02-13,2024-01-19,Pending,19,Order ORD00000180 - Quality issues detected
ORD00000181,2024-05-28,10:45,2024,12,December,Q4,Sunday,CUST000182,Customer 182,Distributor,Chennai,India,customer182@company.com,9736361169,PROD000032,Product 32,PC935944,Automotive,Engines,High-quality Product 32,34,2874.9,97746.6,2024-06-16,"Chennai, 422083",FAC06,Factory 6,Plant 6,Chennai,India,496622,LINE002,Assembly Line 2,Welding,18494,24821,2024-03-26,2024-10-19,2024-04-14,2024-09-26,In Progress,9,98.16,5,No,2024-08-07,2024-09-04,Shipped,0,Order ORD00000181 - Production running smoothly
ORD00000182,2024-08-03,10:07,2024,9,September,Q3,Monday,CUST000183,Customer 183,Retailer,Kolkata,India,customer183@company.com,9297212090,PROD000033,Product 33,PC802071,Machinery,Pumps,High-quality Product 33,847,2951.06,2499547.82,2024-09-24,"Kolkata, 760469",FAC07,Factory 7,Plant 7,Kolkata,India,862218,LINE003,Assembly Line 3,Painting,37571,6063,2024-06-03,2024-07-24,2024-01-08,null,Completed,20,88.72,33,Yes,2024-02-21,null,In Transit,20,Order ORD00000182 - Production running smoothly
ORD00000183,2024-01-03,13:26,2024,7,July,QQ3,Tuessday,CUST000184,Customer 184,Corporate,Jaipur,India,customer184@company.com,9345287737,PROD000034,Product 34,PC287808,Consumer Goods,Appliances,High-quality Product 34,94,1782.6,167564.4,2024-11-23,"Jaipur, 737620",FAC08,Factory 8,Plant 8,Jaipur,India,815659,LINE004,Assembly Line 4,Packaging,29570,19387,2024-11-05,2024-06-02,2024-12-01,2024-04-16,On Hold,96,90.22,7,No,2024-10-12,2024-07-18,Delivered,15,Order ORD00000183 - Production running smoothly
ORD00000184,2024-09-25,14:52,2024,11,November,Q4,Wednesday,CUST000185,Customer 185,Individual,Mumbai,India,customer185@company.com,9702860511,PROD000035,Product 35,PC461457,Industrial Equipment,Motors,High-quality Product 35,956,3126.5,2988934,2024-09-21,"Mumbai, 226668",FAC01,Factory 1,Plant 1,Mumbai,India,843166,LINE005,Assembly Line 5,Testing,19947,12801,2024-01-18,2024-07-28,2024-05-13,2024-02-15,Cancelled,5,87.97,45,Yes,2024-09-08,2024-03-09,Delayed,15,Order ORD00000184 - Production running smoothly
ORD00000185,2024-06-22,12:49,2024,3,March,Q1,Thursday,CUST000186,Customer 186,OEM,Delhi,India,customer186@company.com,9411002577,PROD000036,Product 36,PC925018,Electronics,Controllers,High-quality Product 36,840,4898.46,4114706.4,2024-10-07,"Delhi, 687546",FAC02,Factory 2,Plant 2,Delhi,India,704269,LINE006,Assembly Line 6,Assembly,5467,2935,2024-03-04,2024-07-18,2024-06-12,2024-07-28,Planned,86,98.94,28,Yes,2024-03-11,null,Pending,4,Order ORD00000185 - Production running smoothly
ORD00000186,2024-03-18,12:22,2024,9,September,Q3,Friday,CUST000187,Customer 187,Distributor,Bangalore,India,customer187@company.com,9908659966,PROD000037,Product 37,PC147371,Automotive,Engines,High-quality Product 37,337,4403.15,1483861.55,2024-02-12,"Bangalore, 225948",FAC03,Factory 3,Plant 3,Bangalore,India,668729,LINE007,Assembly Line 7,Welding,11505,13082,2024-02-13,2024-06-02,2024-11-18,2024-06-04,In Progress,40,86.74,18,Yes,2024-01-27,2024-02-08,Shipped,11,Order ORD00000186 - Production running smoothly
ORD00000187,2024-01-11,14:33,2024,3,March,Q1,Saturday,CUST000188,Customer 188,Retailer,Pune,India,customer188@company.com,9831809253,PROD000038,Product 38,PC674961,Machinery,Pumps,High-quality Product 38,367,3795.11,1392805.37,2024-11-05,"Pune, 494211",FAC04,Factory 4,Plant 4,Pune,India,576149,LINE008,Assembly Line 8,Painting,42070,23354,2024-06-08,2024-10-04,2024-10-20,2024-03-28,Completed,16,73.06,48,Yes,2024-05-19,2024-12-19,In Transit,10,Order ORD00000187 - Quality issues detected
ORD00000188,2024-03-10,17:19,2024,9,September,Q3,Sunday,CUST000189,Customer 189,Corporate,Hyderabad,India,customer189@company.com,9576148421,PROD000039,Product 39,PC495904,Consumer Goods,Appliances,High-quality Product 39,184,152.84,28122.56,2024-04-16,"Hyderabad, 718850",FAC05,Factory 5,Plant 5,Hyderabad,India,439162,LINE009,Assembly Line 9,Packaging,26319,1707,2024-08-22,2024-11-23,2024-12-13,2024-04-27,On Hold,35,81.35,16,Yes,2024-10-10,2024-06-01,Delivered,10,Order ORD00000188 - Quality issues detected
ORD00000189,2024-02-12,08:08,2024,10,October,Q4,Monday,CUST000190,Customer 190,Individual,Chennai,India,customer190@company.com,9904746139,PROD000040,Product 40,PC771270,Industrial Equipment,Motors,High-quality Product 40,107,1276.63,136599.41,2024-03-01,"Chennai, 571446",FAC06,Factory 6,Plant 6,Chennai,India,256742,LINE010,Assembly Line 10,Testing,35757,28929,2024-11-12,2024-06-13,2024-02-26,2024-01-09,Cancelled,26,95.32,34,Yes,2024-04-03,2024-05-06,Delayed,20,Order ORD00000189 - Production running smoothly
ORD00000190,2024-11-16,09:00,2024,1,January,Q1,Tuesday,CUST000191,Customer 191,OEM,Kolkata,India,customer191@company.com,9883196423,PROD000041,Product 41,PC725987,Electronics,Controllers,High-quality Product 41,874,2586.63,2260714.62,2024-11-20,"Kolkata, 213518",FAC07,Factory 7,Plant 7,Kolkata,India,202274,LINE011,Assembly Line 11,Assembly,16676,9763,2024-07-22,2024-07-02,2024-07-20,null,Planned,41,97.51,39,Yes,2024-04-01,2024-09-21,Pending,-3,Order ORD00000190 - Production running smoothly
ORD00000191,2024-05-26,10:10,2024,1,January,Q1,Wednesday,CUST000192,Customer 192,Distributor,Jaipur,India,customer192@company.com,9854299610,PROD000042,Product 42,PC672434,Automotive,Engines,High-quality Product 42,921,2031.55,1871057.55,2024-04-16,"Jaipur, 988532",FAC08,Factory 8,Plant 8,Jaipur,India,760965,LINE012,Assembly Line 12,Welding,36003,6291,2024-10-28,2024-03-05,2024-11-23,2024-12-01,In Progress,60,74.58,14,Yes,2024-03-12,2024-01-16,Shipped,7,Order ORD00000191 - Quality issues detected
ORD00000192,2024-09-03,08:05,2024,3,March,Q1,Thursday,CUST000193,Customer 193,Retailer,Mumbai,India,customer193@company.com,9523516854,PROD000043,Product 43,PC347904,Machinery,Pumps,High-quality Product 43,240,4268.55,1024452,2024-09-13,"Mumbai, 282127",FAC01,Factory 1,Plant 1,Mumbai,India,536272,LINE013,Assembly Line 13,Painting,23369,28685,2024-05-09,2024-01-21,2024-03-20,null,Completed,18,79.5,46,Yes,2024-03-08,2024-03-16,In Transit,-2,Order ORD00000192 - Quality issues detected
ORD00000193,2024-01-20,15:28,2024,9,September,Q3,Friday,CUST000194,Customer 194,Corporate,Delhi,India,customer194@company.com,9785454431,PROD000044,Product 44,PC466123,Consumer Goods,Appliances,High-quality Product 44,243,4707.49,1143920.07,2024-05-09,"Delhi, 242059",FAC02,Factory 2,Plant 2,Delhi,India,758064,LINE014,Assembly Line 14,Packaging,37061,15425,2024-08-02,2024-03-28,2024-06-25,null,On Hold,89,71.82,16,Yes,2024-01-03,2024-02-18,Delivered,1,Order ORD00000193 - Quality issues detected
ORD00000194,2024-07-06,10:53,2024,12,December,Q4,Saturday,CUST000195,Customer 195,Individual,Bangalore,India,customer195@company.com,9681149230,PROD000045,Product 45,PC189291,Industrial Equipment,Motors,High-quality Product 45,150,152.54,22881,2024-12-09,"Bangalore, 232093",FAC03,Factory 3,Plant 3,Bangalore,India,864330,LINE015,Assembly Line 15,Testing,5676,22385,2024-02-09,2024-06-10,2024-03-28,null,Cancelled,58,97.21,1,No,2024-10-24,2024-11-10,Delayed,6,Order ORD00000194 - Production running smoothly
ORD00000195,2024-08-02,08:55,2024,9,September,Q3,Sunday,CUST000196,Customer 196,OEM,Pune,India,customer196@company.com,9259912702,PROD000046,Product 46,PC559759,Electronics,Controllers,High-quality Product 46,91,3205.27,291679.57,2024-01-24,"Pune, 530945",FAC04,Factory 4,Plant 4,Pune,India,106641,LINE016,Assembly Line 16,Assembly,31085,9187,2024-01-12,2024-08-26,2024-10-24,2024-11-25,Planned,61,85.25,41,Yes,2024-07-12,2024-10-10,Pending,12,Order ORD00000195 - Production running smoothly
ORD00000196,2024-06-11,15:19,2024,1,January,Q1,Monday,CUST000197,Customer 197,Distributor,Hyderabad,India,customer197@company.com,9160630886,PROD000047,Product 47,PC475112,Automotive,Engines,High-quality Product 47,846,2894.03,2448349.38,2024-11-15,"Hyderabad, 950113",FAC05,Factory 5,Plant 5,Hyderabad,India,863716,LINE017,Assembly Line 17,Welding,30134,23557,2024-12-17,2024-04-08,2024-03-24,2024-07-12,In Progress,86,86.77,18,Yes,2024-09-13,2024-02-09,Shipped,7,Order ORD00000196 - Production running smoothly
ORD00000197,2024-03-23,14:53,2024,4,April,Q2,Tuesday,CUST000198,Customer 198,Retailer,Chennai,India,customer198@company.com,9153203863,PROD000048,Product 48,PC361883,Machinery,Pumps,High-quality Product 48,608,1971.36,1198586.88,2024-09-12,"Chennai, 463469",FAC06,Factory 6,Plant 6,Chennai,India,149750,LINE018,Assembly Line 18,Painting,48745,34367,2024-07-02,2024-09-11,2024-06-06,null,Completed,27,95.61,39,Yes,2024-01-20,2024-12-09,In Transit,20,Order ORD00000197 - Production running smoothly
ORD00000198,2024-05-27,08:33,2024,9,September,Q3,Wednesday,CUST000199,Customer 199,Corporate,Kolkata,India,customer199@company.com,9182009525,PROD000049,Product 49,PC603913,Consumer Goods,Appliances,High-quality Product 49,775,4264.89,3305289.75,2024-01-08,"Kolkata, 669307",FAC07,Factory 7,Plant 7,Kolkata,India,286153,LINE019,Assembly Line 19,Packaging,47721,22975,2024-01-12,2024-03-23,2024-12-08,2024-04-22,On Hold,75,73.24,32,Yes,2024-11-22,2024-09-13,Delivered,-5,Order ORD00000198 - Quality issues detected
ORD00000199,2024-04-23,09:03,2024,12,December,Q4,Thursday,CUST000200,Customer 200,Individual,Jaipur,India,customer200@company.com,9751419237,PROD000050,Product 50,PC668625,Industrial Equipment,Motors,High-quality Product 50,999,2007.52,2005512.48,2024-07-19,"Jaipur, 714529",FAC08,Factory 8,Plant 8,Jaipur,India,766572,LINE020,Assembly Line 20,Testing,46876,26442,2024-11-11,2024-03-10,2024-03-04,2024-10-20,Cancelled,88,93.63,46,Yes,2024-09-25,2024-02-16,Delayed,-5,Order ORD00000199 - Production running smoothly
ORD00000200,2024-10-16,13:24,2024,10,October,Q4,Friday,CUST000001,Customer 1,OEM,Mumbai,India,customer1@company.com,9728990042,PROD000051,Product 51,PC817081,Electronics,Controllers,High-quality Product 51,884,1328.46,1174358.64,2024-02-11,"Mumbai, 387167",FAC01,Factory 1,Plant 1,Mumbai,India,444543,LINE021,Assembly Line 21,Assembly,34333,3778,2024-10-20,2024-01-26,2024-04-24,2024-07-12,Planned,42,80.38,38,Yes,2024-08-23,2024-09-24,Pending,-5,Order ORD00000200 - Quality issues detected
ORD00000201,2024-05-27,12:42,2024,12,December,Q4,Saturday,CUST000002,Customer 2,Distributor,Delhi,India,customer2@company.com,9879407564,PROD000052,Product 52,PC920948,Automotive,Engines,High-quality Product 52,59,894.51,52776.09,2024-11-06,"Delhi, 272544",FAC02,Factory 2,Plant 2,Delhi,India,514191,LINE022,Assembly Line 22,Welding,18956,25374,2024-06-15,2024-10-05,2024-03-15,2024-05-26,In Progress,18,87.87,3,No,2024-06-02,2024-02-05,Shipped,19,Order ORD00000201 - Production running smoothly
ORD00000202,2024-02-12,10:19,2024,1,January,Q1,Sunday,CUST000003,Customer 3,Retailer,Bangalore,India,customer3@company.com,9122398236,PROD000053,Product 53,PC580306,Machinery,Pumps,High-quality Product 53,505,1304.28,658661.4,2024-03-25,"Bangalore, 274170",FAC03,Factory 3,Plant 3,Bangalore,India,456574,LINE023,Assembly Line 23,Painting,38463,24736,2024-09-25,2024-08-06,2024-12-18,null,Completed,71,89.89,12,Yes,2024-01-05,2024-10-01,In Transit,8,Order ORD00000202 - Production running smoothly
ORD00000203,2024-11-20,16:29,2024,11,November,Q4,Monday,CUST000004,Customer 4,Corporate,Pune,India,customer4@company.com,9181042210,PROD000054,Product 54,PC282217,Consumer Goods,Appliances,High-quality Product 54,835,802.68,670237.8,2024-09-06,"Pune, 912179",FAC04,Factory 4,Plant 4,Pune,India,792178,LINE024,Assembly Line 24,Packaging,34089,10860,2024-09-26,2024-08-11,2024-06-07,null,On Hold,14,90.38,24,Yes,2024-09-17,null,Delivered,-3,Order ORD00000203 - Production running smoothly
ORD00000204,2024-04-22,16:37,2024,12,December,Q4,Tuessday,CUST000005,Customer 5,Individual,Hyderabad,India,customer5@company.com,9765550249,PROD000055,Product 55,PC228566,Industrial Equipment,Motors,High-quality Product 55,571,1496.3,854387.3,2024-04-27,"Hyderabad, 896724",FAC05,Factory 5,Plant 5,Hyderabad,India,683464,LINE025,Assembly Line 25,Testing,29830,18892,2024-12-27,2024-03-03,2024-04-06,2024-05-16,Cancelled,4,96.84,0,No,2024-06-01,null,Delayed,12,Order ORD00000204 - Production running smoothly
ORD00000205,2024-05-18,15:47,2024,7,July,Q3,Wednesday,CUST000006,Customer 6,OEM,Chennai,India,customer6@company.com,9247741126,PROD000056,Product 56,PC292235,Electronics,Controllers,High-quality Product 56,284,300.34,85296.56,2024-12-12,"Chennai, 266367",FAC06,Factory 6,Plant 6,Chennai,India,356974,LINE026,Assembly Line 26,Assembly,5083,34556,null,2024-06-25,2024-03-01,null,Planned,19,89.21,5,No,2024-12-25,2024-09-09,Pending,17,Order ORD00000205 - Production running smoothly
ORD00000206,2024-10-21,12:01,2024,9,September,Q3,Thursday,CUST000007,Customer 7,Distributor,Kolkata,India,customer7@company.com,9828847825,PROD000057,Product 57,PC415741,Automotive,Engines,High-quality Product 57,672,3162.7,2125334.4,2024-10-21,"Kolkata, 678143",FAC07,Factory 7,Plant 7,Kolkata,India,502559,LINE027,Assembly Line 27,Welding,27049,23749,2024-02-22,2024-02-09,2024-05-05,null,In Progress,61,80.85,5,No,2024-05-22,2024-08-28,Shipped,-3,Order ORD00000206 - Quality issues detected
ORD00000207,2024-07-18,11:07,2024,4,April,Q2,Friday,CUST000008,Customer 8,Retailer,Jaipur,India,customer8@company.com,9661350887,PROD000058,Product 58,PC950639,Machinery,Pumps,High-quality Product 58,15,1433.88,21508.2,2024-06-09,"Jaipur, 175019",FAC08,Factory 8,Plant 8,Jaipur,India,291476,LINE028,Assembly Line 28,Painting,5232,31639,2024-05-12,2024-06-23,2024-04-12,null,Completed,19,85.27,3,No,2024-09-26,2024-11-24,In Transit,1,Order ORD00000207 - Production running smoothly
ORD00000208,2024-08-05,15:19,2024,2,February,Q1,Saturday,CUST000009,Customer 9,Corporate,Mumbai,India,customer9@company.com,9313386676,PROD000059,Product 59,PC922494,Consumer Goods,Appliances,High-quality Product 59,593,4848.32,2875053.76,2024-09-09,"Mumbai, 517820",FAC01,Factory 1,Plant 1,Mumbai,India,933463,LINE029,Assembly Line 29,Packaging,37099,9862,2024-05-01,null,2024-02-02,2024-05-15,On Hold,44,87.29,6,No,2024-06-28,2024-05-11,Delivered,19,Order ORD00000208 - Production running smoothly
ORD00000209,2024-09-28,10:39,2024,7,July,Q3,Sunday,CUST000010,Customer 10,Individual,Delhi,India,customer10@company.com,9875887286,PROD000060,Product 60,PC620247,Industrial Equipment,Motors,High-quality Product 60,211,4448.74,938684.14,2024-11-15,"Delhi, 707474",FAC02,Factory 2,Plant 2,Delhi,India,912353,LINE030,Assembly Line 30,Testing,30946,26246,2024-06-25,2024-07-22,2024-03-21,null,Cancelled,39,95.57,24,Yes,2024-02-25,2024-02-07,Delayed,19,Order ORD00000209 - Production running smoothly
ORD00000210,2024-07-01,16:15,2024,2,February,Q1,Monday,CUST000011,Customer 11,OEM,Bangalore,India,customer11@company.com,9974684345,PROD000061,Product 61,PC383702,Electronics,Controllers,High-quality Product 61,285,2196.65,626045.25,2024-09-03,"Bangalore, 962370",FAC03,Factory 3,Plant 3,Bangalore,India,872521,LINE001,Assembly Line 1,Assembly,14954,31940,2024-06-15,2024-02-06,2024-04-14,2024-08-08,Planned,6,78.45,28,Yes,2024-11-04,2024-11-02,Pending,-1,Order ORD00000210 - Quality issues detected
ORD00000211,2024-05-13,15:17,2024,3,March,Q1,Tuesday,CUST000012,Customer 12,Distributor,Pune,India,customer12@company.com,9359832806,PROD000062,Product 62,PC152056,Automotive,Engines,High-quality Product 62,252,434.7,109544.4,2024-12-09,"Pune, 155575",FAC04,Factory 4,Plant 4,Pune,India,924177,LINE002,Assembly Line 2,Welding,31417,27586,2024-02-12,2024-10-25,2024-09-03,2024-05-02,In Progress,50,79.81,22,Yes,2024-12-20,null,Shipped,18,Order ORD00000211 - Quality issues detected
ORD00000212,2024-09-20,11:09,2024,10,October,Q4,Wednesday,CUST000013,Customer 13,Retailer,Hyderabad,India,customer13@company.com,9775037004,PROD000063,Product 63,PC514347,Machinery,Pumps,High-quality Product 63,869,865.83,752406.27,2024-12-21,"Hyderabad, 949533",FAC05,Factory 5,Plant 5,Hyderabad,India,560997,LINE003,Assembly Line 3,Painting,43184,10944,2024-09-28,2024-06-15,2024-07-02,null,Completed,47,96.43,6,No,2024-06-12,2024-10-22,In Transit,-2,Order ORD00000212 - Production running smoothly
ORD00000213,2024-06-15,10:59,2024,6,June,Q2,Thursday,CUST000014,Customer 14,Corporate,Chennai,India,customer14@company.com,9737103899,PROD000064,Product 64,PC559523,Consumer Goods,Appliances,High-quality Product 64,827,3085.63,2551816.01,2024-01-22,"Chennai, 869162",FAC06,Factory 6,Plant 6,Chennai,India,707404,LINE004,Assembly Line 4,Packaging,32687,32607,2024-09-03,2024-03-14,2024-12-13,null,On Hold,80,92.83,1,No,2024-01-28,null,Delivered,7,Order ORD00000213 - Production running smoothly
ORD00000214,2024-01-24,14:38,2024,9,September,Q3,Friday,CUST000015,Customer 15,Individual,Kolkata,India,customer15@company.com,9117749529,PROD000065,Product 65,PC468289,Industrial Equipment,Motors,High-quality Product 65,811,2722.37,2207842.07,2024-06-08,"Kolkata, 855487",FAC07,Factory 7,Plant 7,Kolkata,India,158196,LINE005,Assembly Line 5,Testing,40295,28646,2024-06-20,2024-12-16,2024-12-16,2024-06-25,Cancelled,17,87.49,49,Yes,2024-04-17,2024-02-17,Delayed,13,Order ORD00000214 - Production running smoothly
ORD00000215,2024-08-21,08:24,2024,8,August,Q3,Saturday,CUST000016,Customer 16,OEM,Jaipur,India,customer16@company.com,9648472644,PROD000066,Product 66,PC764043,Electronics,Controllers,High-quality Product 66,181,1435.91,259899.71,2024-12-09,"Jaipur, 962623",FAC08,Factory 8,Plant 8,Jaipur,India,147561,LINE006,Assembly Line 6,Assembly,42522,34602,2024-01-25,null,2024-06-12,null,Planned,47,76.05,50,Yes,2024-11-13,2024-11-21,Pending,20,Order ORD00000215 - Quality issues detected
ORD00000216,2024-04-23,11:53,2024,5,May,Q2,Sunday,CUST000017,Customer 17,Distributor,Mumbai,India,customer17@company.com,9315101685,PROD000067,Product 67,PC241041,Automotive,Engines,High-quality Product 67,53,4036.94,213957.82,2024-01-18,"Mumbai, 944057",FAC01,Factory 1,Plant 1,Mumbai,India,547807,LINE007,Assembly Line 7,Welding,19363,34738,2024-11-19,2024-07-17,2024-09-02,null,In Progress,93,86.8,24,Yes,2024-09-11,null,Shipped,6,Order ORD00000216 - Production running smoothly
ORD00000217,2024-05-28,11:33,2024,1,January,Q1,Monday,CUST000018,Customer 18,Retailer,Delhi,India,customer18@company.com,9196498445,PROD000068,Product 68,PC948503,Machinery,Pumps,High-quality Product 68,767,4722.4,3622080.8,2024-07-10,"Delhi, 806430",FAC02,Factory 2,Plant 2,Delhi,India,811557,LINE008,Assembly Line 8,Painting,21680,7602,2024-12-18,null,2024-12-11,2024-05-13,Completed,93,94.73,47,Yes,2024-05-26,2024-07-02,In Transit,6,Order ORD00000217 - Production running smoothly
ORD00000218,2024-07-20,09:41,2024,6,June,Q2,Tuesday,CUST000019,Customer 19,Corporate,Bangalore,India,customer19@company.com,9523076209,PROD000069,Product 69,PC664606,Consumer Goods,Appliances,High-quality Product 69,96,1246.69,119682.24,2024-12-04,"Bangalore, 173948",FAC03,Factory 3,Plant 3,Bangalore,India,514234,LINE009,Assembly Line 9,Packaging,1142,30673,2024-01-02,null,2024-11-24,2024-08-28,On Hold,54,88.88,48,Yes,2024-06-16,2024-03-09,Delivered,1,Order ORD00000218 - Production running smoothly
ORD00000219,2024-01-13,13:53,2024,9,September,Q3,Wednesday,CUST000020,Customer 20,Individual,Pune,India,customer20@company.com,9156830678,PROD000070,Product 70,PC468293,Industrial Equipment,Motors,High-quality Product 70,848,3372.17,2859600.16,2024-05-19,"Pune, 657390",FAC04,Factory 4,Plant 4,Pune,India,435177,LINE010,Assembly Line 10,Testing,4715,13331,2024-03-19,2024-08-23,2024-04-19,null,Cancelled,97,93.26,48,Yes,2024-06-08,2024-10-03,Delayed,2,Order ORD00000219 - Production running smoothly
ORD00000220,2024-10-21,14:00,2024,10,October,Q4,Thursday,CUST000021,Customer 21,OEM,Hyderabad,India,customer21@company.com,9326609693,PROD000071,Product 71,PC339891,Electronics,Controllers,High-quality Product 71,505,1743.49,880462.45,2024-06-19,"Hyderabad, 426143",FAC05,Factory 5,Plant 5,Hyderabad,India,885228,LINE011,Assembly Line 11,Assembly,8395,36476,2024-11-04,2024-10-14,2024-06-06,2024-01-18,Planned,33,71.16,3,No,2024-07-27,2024-07-10,Pending,2,Order ORD00000220 - Quality issues detected
ORD00000221,2024-10-27,11:50,2024,2,February,Q1,Friday,CUST000022,Customer 22,Distributor,Chennai,India,customer22@company.com,9645047685,PROD000072,Product 72,PC905300,Automotive,Engines,High-quality Product 72,368,2455.59,903657.12,2024-07-10,"Chennai, 636004",FAC06,Factory 6,Plant 6,Chennai,India,924317,LINE012,Assembly Line 12,Welding,14844,38909,2024-10-07,null,2024-06-05,2024-09-01,In Progress,56,75.06,39,Yes,2024-12-01,2024-08-21,Shipped,13,Order ORD00000221 - Quality issues detected
ORD00000222,2024-06-11,16:18,2024,3,March,Q1,Saturday,CUST000023,Customer 23,Retailer,Kolkata,India,customer23@company.com,9396062076,PROD000073,Product 73,PC431199,Machinery,Pumps,High-quality Product 73,988,357.41,353121.08,2024-10-20,"Kolkata, 481327",FAC07,Factory 7,Plant 7,Kolkata,India,235201,LINE013,Assembly Line 13,Painting,26797,14032,2024-08-13,null,2024-08-01,2024-11-09,Completed,50,92.36,1,No,2024-08-12,null,In Transit,13,Order ORD00000222 - Production running smoothly
ORD00000223,2024-09-02,10:54,2024,9,September,Q3,Sunday,CUST000024,Customer 24,Corporate,Jaipur,India,customer24@company.com,9926812719,PROD000074,Product 74,PC180692,Consumer Goods,Appliances,High-quality Product 74,711,4814.96,3423436.56,2024-04-03,"Jaipur, 574434",FAC08,Factory 8,Plant 8,Jaipur,India,532136,LINE014,Assembly Line 14,Packaging,42035,24660,2024-02-20,2024-06-01,2024-08-22,2024-04-23,On Hold,51,88.8,23,Yes,2024-04-02,2024-11-22,Delivered,11,Order ORD00000223 - Production running smoothly
ORD00000224,2024-02-25,17:22,2024,8,August,Q3,Monday,CUST000025,Customer 25,Individual,Mumbai,India,customer25@company.com,9134936048,PROD000075,Product 75,PC122193,Industrial Equipment,Motors,High-quality Product 75,43,308.45,13263.35,2024-01-02,"Mumbai, 559910",FAC01,Factory 1,Plant 1,Mumbai,India,856480,LINE015,Assembly Line 15,Testing,17481,22814,2024-10-09,2024-10-28,2024-05-03,null,Cancelled,42,77.25,40,Yes,2024-11-02,2024-12-07,Delayed,16,Order ORD00000224 - Quality issues detected
ORD00000225,2024-03-14,08:36,2024,5,May,Q2,Tuessday,CUST000026,Customer 26,OEM,Delhi,India,customer26@company.com,9860420210,PROD000076,Product 76,PC205627,Electronics,Controllers,High-quality Product 76,301,1555.99,468352.99,2024-08-17,"Delhi, 760479",FAC02,Factory 2,Plant 2,Delhi,India,255787,LINE016,Assembly Line 16,Assembly,45695,28897,2024-01-02,2024-12-24,2024-12-07,2024-04-07,Planned,19,98.23,32,Yes,2024-10-21,2024-01-21,Pending,14,Order ORD00000225 - Production running smoothly
ORD00000226,2024-12-16,17:48,2024,7,July,Q3,Wednesday,CUST000027,Customer 27,Distributor,Bangalore,India,customer27@company.com,9702396593,PROD000077,Product 77,PC327022,Automotive,Engines,High-quality Product 77,515,1915.91,986693.65,2024-08-07,"Bangalore, 539532",FAC03,Factory 3,Plant 3,Bangalore,India,263313,LINE017,Assembly Line 17,Welding,23133,19099,2024-11-11,null,2024-11-05,2024-06-28,In Progress,17,78.78,11,Yes,2024-09-21,2024-11-12,Shipped,5,Order ORD00000226 - Quality issues detected
ORD00000227,2024-12-12,11:48,2024,3,March,Q1,Thursday,CUST000028,Customer 28,Retailer,Pune,India,customer28@company.com,9128626514,PROD000078,Product 78,PC428646,Machinery,Pumps,High-quality Product 78,290,884.31,256449.9,2024-04-11,"Pune, 570677",FAC04,Factory 4,Plant 4,Pune,India,116687,LINE018,Assembly Line 18,Painting,39858,18506,2024-06-10,2024-02-18,2024-01-19,2024-12-02,Completed,2,94.72,26,Yes,2024-03-13,2024-01-04,In Transit,20,Order ORD00000227 - Production running smoothly
ORD00000228,2024-07-17,17:05,2024,5,May,Q2,Friday,CUST000029,Customer 29,Corporate,Hyderabad,India,customer29@company.com,9495713698,PROD000079,Product 79,PC594139,Consumer Goods,Appliances,High-quality Product 79,436,4848.69,2114028.84,2024-12-08,"Hyderabad, 303624",FAC05,Factory 5,Plant 5,Hyderabad,India,139599,LINE019,Assembly Line 19,Packaging,45561,23633,2024-07-17,2024-04-27,2024-10-17,2024-04-28,On Hold,21,95.46,21,Yes,2024-11-26,2024-04-19,Delivered,16,Order ORD00000228 - Production running smoothly
ORD00000229,2024-10-06,11:40,2024,3,March,Q1,Saturday,CUST000030,Customer 30,Individual,Chennai,India,customer30@company.com,9622329326,PROD000080,Product 80,PC989325,Industrial Equipment,Motors,High-quality Product 80,555,2595.46,1440480.3,2024-01-17,"Chennai, 878691",FAC06,Factory 6,Plant 6,Chennai,India,927579,LINE020,Assembly Line 20,Testing,4826,31001,2024-10-20,2024-08-09,2024-04-13,null,Cancelled,95,70.4,15,Yes,2024-06-25,2024-10-03,Delayed,13,Order ORD00000229 - Quality issues detected
ORD00000230,2024-07-23,13:07,2024,10,October,Q4,Sunday,CUST000031,Customer 31,OEM,Kolkata,India,customer31@company.com,9697766109,PROD000081,Product 81,PC731670,Electronics,Controllers,High-quality Product 81,204,2786.36,568417.44,2024-03-05,"Kolkata, 532627",FAC07,Factory 7,Plant 7,Kolkata,India,144559,LINE021,Assembly Line 21,Assembly,45665,13719,2024-05-10,2024-09-21,2024-04-10,2024-06-08,Planned,86,93.84,18,Yes,2024-03-02,2024-11-22,Pending,3,Order ORD00000230 - Production running smoothly
ORD00000231,2024-10-16,08:28,2024,9,September,Q3,Monday,CUST000032,Customer 32,Distributor,Jaipur,India,customer32@company.com,9462747782,PROD000082,Product 82,PC582747,Automotive,Engines,High-quality Product 82,268,4628,1240304,2024-04-25,"Jaipur, 576811",FAC08,Factory 8,Plant 8,Jaipur,India,481155,LINE022,Assembly Line 22,Welding,13598,17028,2024-04-06,2024-06-21,2024-05-07,2024-06-20,In Progress,47,73.57,35,Yes,2024-01-06,2024-12-23,Shipped,13,Order ORD00000231 - Quality issues detected
ORD00000232,2024-12-11,14:25,2024,4,April,Q2,Tuesday,CUST000033,Customer 33,Retailer,Mumbai,India,customer33@company.com,9939077123,PROD000083,Product 83,PC917028,Machinery,Pumps,High-quality Product 83,27,399.06,10774.62,2024-01-08,"Mumbai, 993542",FAC01,Factory 1,Plant 1,Mumbai,India,551039,LINE023,Assembly Line 23,Painting,45984,5194,2024-04-04,2024-08-13,2024-02-06,2024-09-22,Completed,74,84.53,19,Yes,2024-05-16,2024-01-02,In Transit,3,Order ORD00000232 - Quality issues detected
ORD00000233,2024-06-25,10:11,2024,9,September,Q3,Wednesday,CUST000034,Customer 34,Corporate,Delhi,India,customer34@company.com,9153070156,PROD000084,Product 84,PC390420,Consumer Goods,Appliances,High-quality Product 84,77,4755.99,366211.23,2024-05-09,"Delhi, 926933",FAC02,Factory 2,Plant 2,Delhi,India,274048,LINE024,Assembly Line 24,Packaging,29464,9409,2024-08-16,2024-09-06,2024-10-03,2024-07-03,On Hold,27,70.63,17,Yes,2024-01-14,null,Delivered,6,Order ORD00000233 - Quality issues detected
ORD00000234,2024-12-26,09:43,2024,8,August,Q3,Thursday,CUST000035,Customer 35,Individual,Bangalore,India,customer35@company.com,9381024183,PROD000085,Product 85,PC993810,Industrial Equipment,Motors,High-quality Product 85,892,2153.52,1920939.84,2024-11-10,"Bangalore, 799804",FAC03,Factory 3,Plant 3,Bangalore,India,856683,LINE025,Assembly Line 25,Testing,44151,25162,2024-01-11,2024-04-27,2024-08-23,2024-06-20,Cancelled,19,83.87,17,Yes,2024-07-17,2024-12-10,Delayed,12,Order ORD00000234 - Quality issues detected
ORD00000235,2024-06-21,09:24,2024,7,July,Q3,Friday,CUST000036,Customer 36,OEM,Pune,India,customer36@company.com,9451916818,PROD000086,Product 86,PC109385,Electronics,Controllers,High-quality Product 86,286,317.47,90796.42,2024-09-25,"Pune, 532562",FAC04,Factory 4,Plant 4,Pune,India,120290,LINE026,Assembly Line 26,Assembly,41128,31252,2024-08-14,2024-07-22,2024-05-25,null,Planned,38,78.7,16,Yes,2024-01-07,2024-08-16,Pending,14,Order ORD00000235 - Quality issues detected
ORD00000236,2024-10-16,08:50,2024,3,March,Q1,Saturday,CUST000037,Customer 37,Distributor,Hyderabad,India,customer37@company.com,9876044099,PROD000087,Product 87,PC739426,Automotive,Engines,High-quality Product 87,401,4853.23,1946145.23,2024-08-06,"Hyderabad, 887412",FAC05,Factory 5,Plant 5,Hyderabad,India,194813,LINE027,Assembly Line 27,Welding,29073,32216,2024-05-20,2024-12-09,2024-04-01,2024-08-16,In Progress,71,77.36,20,Yes,2024-11-11,null,Shipped,12,Order ORD00000236 - Quality issues detected
ORD00000237,2024-02-09,10:16,2024,2,February,Q1,Sunday,CUST000038,Customer 38,Retailer,Chennai,India,customer38@company.com,9333527671,PROD000088,Product 88,PC128140,Machinery,Pumps,High-quality Product 88,189,1394.05,263475.45,2024-01-24,"Chennai, 587004",FAC06,Factory 6,Plant 6,Chennai,India,407247,LINE028,Assembly Line 28,Painting,28778,14581,2024-04-10,2024-02-28,2024-02-25,2024-03-08,Completed,87,72.77,22,Yes,2024-10-21,null,In Transit,18,Order ORD00000237 - Quality issues detected
ORD00000238,2024-04-19,15:06,2024,2,February,Q1,Monday,CUST000039,Customer 39,Corporate,Kolkata,India,customer39@company.com,9703516637,PROD000089,Product 89,PC596346,Consumer Goods,Appliances,High-quality Product 89,304,1393.8,423715.2,2024-03-22,"Kolkata, 826938",FAC07,Factory 7,Plant 7,Kolkata,India,750272,LINE029,Assembly Line 29,Packaging,6228,17826,2024-04-01,2024-08-02,2024-06-12,null,On Hold,4,93.11,41,Yes,2024-03-03,2024-10-06,Delivered,5,Order ORD00000238 - Production running smoothly
ORD00000239,2024-02-17,13:37,2024,8,August,Q3,Tuesday,CUST000040,Customer 40,Individual,Jaipur,India,customer40@company.com,9228666363,PROD000090,Product 90,PC803252,Industrial Equipment,Motors,High-quality Product 90,678,345.98,234574.44,2024-04-24,"Jaipur, 238652",FAC08,Factory 8,Plant 8,Jaipur,India,982300,LINE030,Assembly Line 30,Testing,15141,37713,2024-03-26,2024-08-18,2024-02-16,2024-07-19,Cancelled,80,75.89,28,Yes,2024-02-21,2024-05-16,Delayed,19,Order ORD00000239 - Quality issues detected
ORD00000240,2024-10-25,09:01,2024,2,February,Q1,Wednesday,CUST000041,Customer 41,OEM,Mumbai,India,customer41@company.com,9981398176,PROD000091,Product 91,PC221707,Electronics,Controllers,High-quality Product 91,796,1217.43,969074.28,2024-11-21,"Mumbai, 851783",FAC01,Factory 1,Plant 1,Mumbai,India,402314,LINE001,Assembly Line 1,Assembly,6651,2138,2024-07-13,2024-11-19,2024-10-10,2024-06-09,Planned,0,99.21,43,Yes,2024-05-07,2024-10-28,Pending,12,Order ORD00000240 - Production running smoothly
ORD00000241,2024-05-19,16:02,2024,8,August,Q3,Thursday,CUST000042,Customer 42,Distributor,Delhi,India,customer42@company.com,9797561027,PROD000092,Product 92,PC676282,Automotive,Engines,High-quality Product 92,949,2734.78,2595306.22,2024-11-22,"Delhi, 666744",FAC02,Factory 2,Plant 2,Delhi,India,128605,LINE002,Assembly Line 2,Welding,27532,5091,2024-10-13,null,2024-06-13,null,In Progress,99,98.63,31,Yes,2024-02-05,null,Shipped,14,Order ORD00000241 - Production running smoothly
ORD00000242,2024-01-22,09:36,2024,2,February,Q1,Friday,CUST000043,Customer 43,Retailer,Bangalore,India,customer43@company.com,9803982926,PROD000093,Product 93,PC395941,Machinery,Pumps,High-quality Product 93,760,1515.21,1151559.6,2024-05-08,"Bangalore, 129275",FAC03,Factory 3,Plant 3,Bangalore,India,319881,LINE003,Assembly Line 3,Painting,8011,27806,2024-10-17,2024-10-24,2024-10-12,null,Completed,27,73.77,10,No,2024-07-03,2024-11-20,In Transit,13,Order ORD00000242 - Quality issues detected
ORD00000243,2024-01-19,17:27,2024,2,February,Q1,Saturday,CUST000044,Customer 44,Corporate,Pune,India,customer44@company.com,9522962586,PROD000094,Product 94,PC574705,Consumer Goods,Appliances,High-quality Product 94,29,2667.41,77354.89,2024-09-03,"Pune, 692761",FAC04,Factory 4,Plant 4,Pune,India,949853,LINE004,Assembly Line 4,Packaging,20079,3775,2024-04-19,2024-10-23,2024-09-12,null,On Hold,8,84.19,12,Yes,2024-01-27,2024-07-14,Delivered,17,Order ORD00000243 - Quality issues detected
ORD00000244,2024-06-27,09:03,2024,3,March,Q1,Sunday,CUST000045,Customer 45,Individual,Hyderabad,India,customer45@company.com,9830005011,PROD000095,Product 95,PC907886,Industrial Equipment,Motors,High-quality Product 95,637,2225.57,1417688.09,2024-04-06,"Hyderabad, 650648",FAC05,Factory 5,Plant 5,Hyderabad,India,352261,LINE005,Assembly Line 5,Testing,9501,13277,2024-12-27,2024-05-05,2024-09-14,2024-12-09,Cancelled,33,73.44,5,No,2024-02-14,null,Delayed,18,Order ORD00000244 - Quality issues detected
ORD00000245,2024-01-06,12:29,2024,4,April,Q2,Monday,CUST000046,Customer 46,OEM,Chennai,India,customer46@company.com,9609356658,PROD000096,Product 96,PC220339,Electronics,Controllers,High-quality Product 96,818,181.89,148786.02,2024-01-13,"Chennai, 243934",FAC06,Factory 6,Plant 6,Chennai,India,308052,LINE006,Assembly Line 6,Assembly,42805,20806,2024-05-13,2024-09-15,2024-11-10,2024-01-14,Planned,12,75.29,47,Yes,2024-09-26,null,Pending,15,Order ORD00000245 - Quality issues detected
ORD00000246,2024-10-03,14:07,2024,8,August,Q3,Tuesday,CUST000047,Customer 47,Distributor,Kolkata,India,customer47@company.com,9230043782,PROD000097,Product 97,PC522408,Automotive,Engines,High-quality Product 97,106,3289.75,348713.5,2024-12-28,"Kolkata, 481472",FAC07,Factory 7,Plant 7,Kolkata,India,419051,LINE007,Assembly Line 7,Welding,12070,9461,2024-05-09,2024-06-03,2024-01-02,2024-04-18,In Progress,88,91.92,49,Yes,2024-04-20,2024-05-09,Shipped,-2,Order ORD00000246 - Production running smoothly
ORD00000247,2024-04-26,16:07,2024,5,May,Q2,Wednesday,CUST000048,Customer 48,Retailer,Jaipur,India,customer48@company.com,9976514487,PROD000098,Product 98,PC761668,Machinery,Pumps,High-quality Product 98,178,241.15,42924.7,2024-04-23,"Jaipur, 730215",FAC08,Factory 8,Plant 8,Jaipur,India,681826,LINE008,Assembly Line 8,Painting,48656,36719,2024-10-27,2024-07-18,2024-03-01,null,Completed,64,98.05,45,Yes,2024-02-24,2024-12-01,In Transit,20,Order ORD00000247 - Production running smoothly
ORD00000248,2024-09-14,16:21,2024,2,February,Q1,Thursday,CUST000049,Customer 49,Corporate,Mumbai,India,customer49@company.com,9406422069,PROD000099,Product 99,PC859157,Consumer Goods,Appliances,High-quality Product 99,188,4912.91,923627.08,2024-01-23,"Mumbai, 107503",FAC01,Factory 1,Plant 1,Mumbai,India,401414,LINE009,Assembly Line 9,Packaging,16616,2197,2024-04-12,2024-11-10,2024-09-06,2024-04-14,On Hold,0,80.76,30,Yes,2024-08-23,null,Delivered,8,Order ORD00000248 - Quality issues detected
ORD00000249,2024-10-11,12:41,2024,2,February,Q1,Friday,CUST000050,Customer 50,Individual,Delhi,India,customer50@company.com,9536149291,PROD000100,Product 100,PC756864,Industrial Equipment,Motors,High-quality Product 100,651,2444.67,1591480.17,2024-12-27,"Delhi, 341846",FAC02,Factory 2,Plant 2,Delhi,India,863237,LINE010,Assembly Line 10,Testing,13711,9193,2024-09-18,2024-10-15,2024-11-19,2024-04-20,Cancelled,2,90.14,4,No,2024-08-25,null,Delayed,-4,Order ORD00000249 - Production running smoothly
ORD00000250,2024-04-02,12:27,2024,12,December,Q4,Saturday,CUST000051,Customer 51,OEM,Bangalore,India,customer51@company.com,9720915233,PROD000101,Product 101,PC833267,Electronics,Controllers,High-quality Product 101,167,3254.77,543546.59,2024-08-17,"Bangalore, 671846",FAC03,Factory 3,Plant 3,Bangalore,India,647069,LINE011,Assembly Line 11,Assembly,49397,36249,2024-10-06,2024-10-15,2024-01-28,2024-04-14,Planned,70,95.23,50,Yes,2024-04-07,2024-02-06,Pending,-1,Order ORD00000250 - Production running smoothly
ORD00000251,2024-11-05,11:19,2024,2,February,Q1,Sunday,CUST000052,Customer 52,Distributor,Pune,India,customer52@company.com,9780713711,PROD000102,Product 102,PC542789,Automotive,Engines,High-quality Product 102,902,4097.84,3696251.68,2024-06-15,"Pune, 337819",FAC04,Factory 4,Plant 4,Pune,India,466926,LINE012,Assembly Line 12,Welding,11502,6621,2024-06-27,null,2024-03-26,null,In Progress,3,81.23,46,Yes,2024-07-20,2024-09-23,Shipped,16,Order ORD00000251 - Quality issues detected
ORD00000252,2024-01-20,11:19,2024,9,September,Q3,Monday,CUST000053,Customer 53,Retailer,Hyderabad,India,customer53@company.com,9503804748,PROD000103,Product 103,PC869708,Machinery,Pumps,High-quality Product 103,834,4475.23,3732341.82,2024-11-02,"Hyderabad, 158474",FAC05,Factory 5,Plant 5,Hyderabad,India,138091,LINE013,Assembly Line 13,Painting,49295,20633,2024-12-13,2024-10-06,2024-02-24,2024-06-11,Completed,15,95.83,25,Yes,2024-11-20,null,In Transit,9,Order ORD00000252 - Production running smoothly
ORD00000253,2024-02-13,13:41,2024,6,June,Q2,Tuesday,CUST000054,Customer 54,Corporate,Chennai,India,customer54@company.com,9583296785,PROD000104,Product 104,PC709343,Consumer Goods,Appliances,High-quality Product 104,670,4475.77,2998765.9,2024-12-13,"Chennai, 527018",FAC06,Factory 6,Plant 6,Chennai,India,159714,LINE014,Assembly Line 14,Packaging,26080,26809,2024-07-26,2024-03-16,2024-12-07,2024-02-05,On Hold,1,99.21,10,No,2024-07-25,2024-09-21,Delivered,15,Order ORD00000253 - Production running smoothly
ORD00000254,2024-02-01,08:18,2024,6,June,Q2,Wednesday,CUST000055,Customer 55,Individual,Kolkata,India,customer55@company.com,9715410899,PROD000105,Product 105,PC985119,Industrial Equipment,Motors,High-quality Product 105,242,2573.38,622757.96,2024-04-14,"Kolkata, 754861",FAC07,Factory 7,Plant 7,Kolkata,India,489685,LINE015,Assembly Line 15,Testing,2698,17038,2024-11-17,2024-07-10,2024-05-19,2024-06-14,Cancelled,71,75.08,28,Yes,2024-10-26,2024-06-04,Delayed,14,Order ORD00000254 - Quality issues detected
ORD00000255,2024-12-21,09:43,2024,3,March,Q1,Thursday,CUST000056,Customer 56,OEM,Jaipur,India,customer56@company.com,9337590368,PROD000106,Product 106,PC358889,Electronics,Controllers,High-quality Product 106,364,3064.28,1115397.92,2024-08-22,"Jaipur, 865262",FAC08,Factory 8,Plant 8,Jaipur,India,417509,LINE016,Assembly Line 16,Assembly,27628,24757,2024-10-12,2024-08-17,2024-01-07,2024-09-25,Planned,44,78.26,21,Yes,2024-01-21,2024-10-08,Pending,-5,Order ORD00000255 - Quality issues detected
ORD00000256,2024-08-06,16:01,2024,11,November,Q4,Friday,CUST000057,Customer 57,Distributor,Mumbai,India,customer57@company.com,9100749354,PROD000107,Product 107,PC935388,Automotive,Engines,High-quality Product 107,151,3045.43,459859.93,2024-09-21,"Mumbai, 464498",FAC01,Factory 1,Plant 1,Mumbai,India,533277,LINE017,Assembly Line 17,Welding,44108,4226,2024-05-13,2024-05-21,2024-03-13,2024-04-09,In Progress,26,70.27,15,Yes,2024-08-08,2024-01-16,Shipped,16,Order ORD00000256 - Quality issues detected
ORD00000257,2024-06-23,16:53,2024,5,May,Q2,Saturday,CUST000058,Customer 58,Retailer,Delhi,India,customer58@company.com,9349977229,PROD000108,Product 108,PC757647,Machinery,Pumps,High-quality Product 108,480,4653.44,2233651.2,2024-05-24,"Delhi, 334701",FAC02,Factory 2,Plant 2,Delhi,India,444722,LINE018,Assembly Line 18,Painting,14299,976,2024-10-09,2024-06-28,2024-04-11,2024-09-10,Completed,54,82.48,18,Yes,2024-02-14,2024-04-13,In Transit,6,Order ORD00000257 - Quality issues detected
ORD00000258,2024-02-05,13:26,2024,11,November,Q4,Sunday,CUST000059,Customer 59,Corporate,Bangalore,India,customer59@company.com,9469797020,PROD000109,Product 109,PC274624,Consumer Goods,Appliances,High-quality Product 109,307,4096.25,1257548.75,2024-11-22,"Bangalore, 656342",FAC03,Factory 3,Plant 3,Bangalore,India,432137,LINE019,Assembly Line 19,Packaging,28714,35557,2024-02-08,2024-06-27,2024-01-18,2024-04-04,On Hold,74,84.74,0,No,2024-05-18,2024-03-26,Delivered,16,Order ORD00000258 - Quality issues detected
ORD00000259,2024-07-07,13:17,2024,7,July,Q3,Monday,CUST000060,Customer 60,Individual,Pune,India,customer60@company.com,9318809848,PROD000110,Product 110,PC470027,Industrial Equipment,Motors,High-quality Product 110,95,3189.07,302961.65,2024-03-02,"Pune, 458935",FAC04,Factory 4,Plant 4,Pune,India,956381,LINE020,Assembly Line 20,Testing,21652,39270,2024-12-04,2024-10-24,2024-01-12,2024-05-23,Cancelled,5,88.17,44,Yes,2024-02-10,2024-04-28,Delayed,-3,Order ORD00000259 - Production running smoothly
ORD00000260,2024-02-21,08:15,2024,11,November,Q4,Tuesday,CUST000061,Customer 61,OEM,Hyderabad,India,customer61@company.com,9561198410,PROD000111,Product 111,PC222346,Electronics,Controllers,High-quality Product 111,629,782.44,492154.76,2024-10-14,"Hyderabad, 684744",FAC05,Factory 5,Plant 5,Hyderabad,India,613576,LINE021,Assembly Line 21,Assembly,44930,27469,2024-07-27,2024-09-21,2024-12-16,null,Planned,42,77.03,15,Yes,2024-12-05,2024-01-02,Pending,11,Order ORD00000260 - Quality issues detected
ORD00000261,2024-01-20,12:04,2024,11,November,Q4,Wednesday,CUST000062,Customer 62,Distributor,Chennai,India,customer62@company.com,9492700263,PROD000112,Product 112,PC738738,Automotive,Engines,High-quality Product 112,670,2265.55,1517918.5,2024-07-17,"Chennai, 722048",FAC06,Factory 6,Plant 6,Chennai,India,889354,LINE022,Assembly Line 22,Welding,5045,39351,2024-10-27,2024-10-23,2024-01-04,null,In Progress,9,92.52,13,Yes,2024-07-15,2024-04-03,Shipped,6,Order ORD00000261 - Production running smoothly
ORD00000262,2024-09-22,08:10,2024,4,April,Q2,Thursday,CUST000063,Customer 63,Retailer,Kolkata,India,customer63@company.com,9546672563,PROD000113,Product 113,PC345179,Machinery,Pumps,High-quality Product 113,662,2788.25,1845821.5,2024-09-22,"Kolkata, 497406",FAC07,Factory 7,Plant 7,Kolkata,India,355561,LINE023,Assembly Line 23,Painting,29371,18180,2024-03-08,2024-02-22,2024-12-15,null,Completed,42,74.47,3,No,2024-11-11,2024-09-18,In Transit,12,Order ORD00000262 - Quality issues detected
ORD00000263,2024-09-21,10:13,2024,11,November,Q4,Friday,CUST000064,Customer 64,Corporate,Jaipur,India,customer64@company.com,9214410506,PROD000114,Product 114,PC722195,Consumer Goods,Appliances,High-quality Product 114,284,3875.49,1100639.16,2024-08-19,"Jaipur, 230155",FAC08,Factory 8,Plant 8,Jaipur,India,921882,LINE024,Assembly Line 24,Packaging,17182,7366,2024-12-17,2024-11-18,2024-07-21,null,On Hold,33,91.21,18,Yes,2024-12-23,2024-04-14,Delivered,-5,Order ORD00000263 - Production running smoothly
ORD00000264,2024-06-15,17:39,2024,3,March,Q1,Saturday,CUST000065,Customer 65,Individual,Mumbai,India,customer65@company.com,9538689473,PROD000115,Product 115,PC715436,Industrial Equipment,Motors,High-quality Product 115,957,3941.59,3772101.63,2024-03-23,"Mumbai, 195130",FAC01,Factory 1,Plant 1,Mumbai,India,443159,LINE025,Assembly Line 25,Testing,42270,38206,2024-06-12,2024-04-21,2024-07-11,2024-02-28,Cancelled,58,78.86,49,Yes,2024-01-27,2024-08-01,Delayed,8,Order ORD00000264 - Quality issues detected
ORD00000265,2024-09-09,15:00,2024,10,October,Q4,Sunday,CUST000066,Customer 66,OEM,Delhi,India,customer66@company.com,9473686176,PROD000116,Product 116,PC625632,Electronics,Controllers,High-quality Product 116,541,401.6,217265.6,2024-04-22,"Delhi, 822229",FAC02,Factory 2,Plant 2,Delhi,India,305163,LINE026,Assembly Line 26,Assembly,36654,7072,2024-10-01,2024-05-01,2024-03-20,2024-09-20,Planned,34,79.52,15,Yes,2024-04-04,2024-09-23,Pending,11,Order ORD00000265 - Quality issues detected
ORD00000266,2024-07-26,10:26,2024,10,October,Q4,Monday,CUST000067,Customer 67,Distributor,Bangalore,India,customer67@company.com,9341204801,PROD000117,Product 117,PC784753,Automotive,Engines,High-quality Product 117,270,3113.8,840726,2024-06-10,"Bangalore, 193364",FAC03,Factory 3,Plant 3,Bangalore,India,249078,LINE027,Assembly Line 27,Welding,21517,4006,2024-01-11,2024-07-16,2024-10-01,2024-04-04,In Progress,63,75.23,18,Yes,2024-12-17,2024-12-12,Shipped,-1,Order ORD00000266 - Quality issues detected
ORD00000267,2024-07-13,11:20,2024,8,August,Q3,Tuesday,CUST000068,Customer 68,Retailer,Pune,India,customer68@company.com,9236839690,PROD000118,Product 118,PC498021,Machinery,Pumps,High-quality Product 118,325,3008.63,977804.75,2024-07-11,"Pune, 217251",FAC04,Factory 4,Plant 4,Pune,India,491133,LINE028,Assembly Line 28,Painting,27303,4577,2024-07-14,2024-02-16,2024-03-13,2024-05-13,Completed,86,81.18,14,Yes,2024-08-04,null,In Transit,10,Order ORD00000267 - Quality issues detected
ORD00000268,2024-08-14,14:59,2024,8,August,Q3,Wednesday,CUST000069,Customer 69,Corporate,Hyderabad,India,customer69@company.com,9756714530,PROD000119,Product 119,PC199783,Consumer Goods,Appliances,High-quality Product 119,790,526.37,415832.3,2024-01-28,"Hyderabad, 156198",FAC05,Factory 5,Plant 5,Hyderabad,India,899062,LINE029,Assembly Line 29,Packaging,24572,20612,2024-10-28,2024-11-20,2024-04-03,2024-03-22,On Hold,70,87.92,5,No,2024-05-21,2024-11-08,Delivered,12,Order ORD00000268 - Production running smoothly
ORD00000269,2024-01-06,09:48,2024,7,July,Q3,Thursday,CUST000070,Customer 70,Individual,Chennai,India,customer70@company.com,9519507100,PROD000120,Product 120,PC625747,Industrial Equipment,Motors,High-quality Product 120,415,397.42,164929.3,2024-03-03,"Chennai, 657017",FAC06,Factory 6,Plant 6,Chennai,India,628931,LINE030,Assembly Line 30,Testing,47406,10589,2024-01-13,2024-07-27,2024-01-08,null,Cancelled,100,74.88,24,Yes,2024-08-09,2024-04-01,Delayed,20,Order ORD00000269 - Quality issues detected
ORD00000270,2024-03-19,09:36,2024,2,February,Q1,Friday,CUST000071,Customer 71,OEM,Kolkata,India,customer71@company.com,9816067779,PROD000121,Product 121,PC110648,Electronics,Controllers,High-quality Product 121,530,3568.22,1891156.6,2024-04-10,"Kolkata, 752410",FAC07,Factory 7,Plant 7,Kolkata,India,948163,LINE001,Assembly Line 1,Assembly,25793,12772,2024-07-14,2024-01-21,2024-07-14,2024-12-21,Planned,79,79.24,19,Yes,2024-03-24,2024-07-18,Pending,-1,Order ORD00000270 - Quality issues detected
ORD00000271,2024-11-22,09:15,2024,5,May,Q2,Saturday,CUST000072,Customer 72,Distributor,Jaipur,India,customer72@company.com,9851628256,PROD000122,Product 122,PC618019,Automotive,Engines,High-quality Product 122,711,4576.26,3253720.86,2024-06-05,"Jaipur, 967338",FAC08,Factory 8,Plant 8,Jaipur,India,866818,LINE002,Assembly Line 2,Welding,43472,25593,2024-02-10,2024-02-04,2024-07-21,2024-01-15,In Progress,4,86.35,1,No,2024-07-03,null,Shipped,12,Order ORD00000271 - Production running smoothly
ORD00000272,2024-03-21,10:17,2024,5,May,Q2,Sunday,CUST000073,Customer 73,Retailer,Mumbai,India,customer73@company.com,9651393652,PROD000123,Product 123,PC389191,Machinery,Pumps,High-quality Product 123,33,3385.06,111706.98,2024-02-15,"Mumbai, 342032",FAC01,Factory 1,Plant 1,Mumbai,India,114664,LINE003,Assembly Line 3,Painting,7940,24978,2024-08-10,2024-04-08,2024-05-18,2024-06-02,Completed,79,78.45,40,Yes,2024-08-19,2024-08-04,In Transit,5,Order ORD00000272 - Quality issues detected
ORD00000273,2024-02-04,12:00,2024,6,June,Q2,Monday,CUST000074,Customer 74,Corporate,Delhi,India,customer74@company.com,9699442114,PROD000124,Product 124,PC633025,Consumer Goods,Appliances,High-quality Product 124,401,3775.95,1514155.95,2024-09-05,"Delhi, 917783",FAC02,Factory 2,Plant 2,Delhi,India,930002,LINE004,Assembly Line 4,Packaging,38582,36511,2024-09-22,2024-08-22,2024-03-28,2024-08-10,On Hold,85,96.31,8,No,2024-08-26,2024-03-26,Delivered,13,Order ORD00000273 - Production running smoothly
ORD00000274,2024-12-02,15:01,2024,10,October,Q4,Tuesday,CUST000075,Customer 75,Individual,Bangalore,India,customer75@company.com,9598417656,PROD000125,Product 125,PC489048,Industrial Equipment,Motors,High-quality Product 125,342,1805.14,617357.88,2024-05-18,"Bangalore, 488863",FAC03,Factory 3,Plant 3,Bangalore,India,993253,LINE005,Assembly Line 5,Testing,44546,15517,2024-01-14,2024-05-06,2024-08-11,2024-01-15,Cancelled,51,92.51,18,Yes,2024-05-09,2024-08-04,Delayed,9,Order ORD00000274 - Production running smoothly
ORD00000275,2024-04-09,11:59,2024,2,February,Q1,Wednesday,CUST000076,Customer 76,OEM,Pune,India,customer76@company.com,9580502944,PROD000126,Product 126,PC908849,Electronics,Controllers,High-quality Product 126,905,4171.43,3775144.15,2024-11-22,"Pune, 276375",FAC04,Factory 4,Plant 4,Pune,India,343361,LINE006,Assembly Line 6,Assembly,33471,32524,2024-05-05,2024-08-01,2024-06-03,2024-05-05,Planned,46,80.69,6,No,2024-07-27,2024-05-12,Pending,5,Order ORD00000275 - Quality issues detected
ORD00000276,2024-07-11,17:37,2024,5,May,Q2,Thursday,CUST000077,Customer 77,Distributor,Hyderabad,India,customer77@company.com,9508976037,PROD000127,Product 127,PC778644,Automotive,Engines,High-quality Product 127,87,4611.16,401170.92,2024-06-06,"Hyderabad, 554827",FAC05,Factory 5,Plant 5,Hyderabad,India,936553,LINE007,Assembly Line 7,Welding,17832,29845,2024-08-05,null,2024-09-21,null,In Progress,71,77.05,29,Yes,2024-09-27,null,Shipped,-4,Order ORD00000276 - Quality issues detected
ORD00000277,2024-12-26,14:45,2024,10,October,Q4,Friday,CUST000078,Customer 78,Retailer,Chennai,India,customer78@company.com,9499870512,PROD000128,Product 128,PC130285,Machinery,Pumps,High-quality Product 128,111,3164.53,351262.83,2024-04-15,"Chennai, 294100",FAC06,Factory 6,Plant 6,Chennai,India,544543,LINE008,Assembly Line 8,Painting,22157,6043,2024-11-14,2024-07-09,2024-05-19,2024-02-05,Completed,33,85.03,42,Yes,2024-03-15,2024-04-09,In Transit,-1,Order ORD00000277 - Production running smoothly
ORD00000278,2024-02-07,08:10,2024,4,April,Q2,Saturday,CUST000079,Customer 79,Corporate,Kolkata,India,customer79@company.com,9556901174,PROD000129,Product 129,PC366424,Consumer Goods,Appliances,High-quality Product 129,287,4513.13,1295268.31,2024-02-17,"Kolkata, 461787",FAC07,Factory 7,Plant 7,Kolkata,India,216295,LINE009,Assembly Line 9,Packaging,19309,35504,2024-03-07,2024-08-26,2024-12-21,2024-08-01,On Hold,72,83.53,47,Yes,2024-10-09,2024-12-09,Delivered,-1,Order ORD00000278 - Quality issues detected
ORD00000279,2024-03-13,09:55,2024,4,April,Q2,Sunday,CUST000080,Customer 80,Individual,Jaipur,India,customer80@company.com,9718363688,PROD000130,Product 130,PC247653,Industrial Equipment,Motors,High-quality Product 130,636,395.33,251429.88,2024-10-19,"Jaipur, 128407",FAC08,Factory 8,Plant 8,Jaipur,India,570348,LINE010,Assembly Line 10,Testing,14142,5771,2024-06-15,2024-08-08,2024-02-16,2024-01-19,Cancelled,16,72.82,8,No,2024-11-13,2024-02-08,Delayed,1,Order ORD00000279 - Quality issues detected
ORD00000280,2024-08-06,11:19,2024,2,February,Q1,Monday,CUST000081,Customer 81,OEM,Mumbai,India,customer81@company.com,9668092677,PROD000131,Product 131,PC679175,Electronics,Controllers,High-quality Product 131,425,2692.36,1144253,2024-07-17,"Mumbai, 920567",FAC01,Factory 1,Plant 1,Mumbai,India,962670,LINE011,Assembly Line 11,Assembly,11929,28697,2024-01-08,2024-07-18,2024-11-24,2024-04-22,Planned,25,90.99,24,Yes,2024-02-16,null,Pending,5,Order ORD00000280 - Production running smoothly
ORD00000281,2024-08-16,09:16,2024,5,May,Q2,Tuesday,CUST000082,Customer 82,Distributor,Delhi,India,customer82@company.com,9501762223,PROD000132,Product 132,PC883398,Automotive,Engines,High-quality Product 132,401,1091.02,437499.02,2024-09-13,"Delhi, 666272",FAC02,Factory 2,Plant 2,Delhi,India,424379,LINE012,Assembly Line 12,Welding,46630,5260,2024-07-13,2024-05-23,2024-10-22,2024-08-27,In Progress,22,91.48,15,Yes,2024-11-26,2024-09-04,Shipped,15,Order ORD00000281 - Production running smoothly
ORD00000282,2024-04-19,09:17,2024,10,October,Q4,Wednesday,CUST000083,Customer 83,Retailer,Bangalore,India,customer83@company.com,9513035631,PROD000133,Product 133,PC535112,Machinery,Pumps,High-quality Product 133,587,1722.47,1011089.89,2024-11-20,"Bangalore, 542034",FAC03,Factory 3,Plant 3,Bangalore,India,125187,LINE013,Assembly Line 13,Painting,27771,39855,2024-04-06,null,2024-03-16,2024-04-11,Completed,5,72.6,10,No,2024-02-11,2024-11-08,In Transit,18,Order ORD00000282 - Quality issues detected
ORD00000283,2024-02-23,11:47,2024,3,March,Q1,Thursday,CUST000084,Customer 84,Corporate,Pune,India,customer84@company.com,9861598262,PROD000134,Product 134,PC791473,Consumer Goods,Appliances,High-quality Product 134,640,553.16,354022.4,2024-06-07,"Pune, 820227",FAC04,Factory 4,Plant 4,Pune,India,792102,LINE014,Assembly Line 14,Packaging,10270,22876,2024-09-11,2024-02-07,2024-03-16,null,On Hold,85,87.82,22,Yes,2024-03-19,2024-03-23,Delivered,19,Order ORD00000283 - Production running smoothly
ORD00000284,2024-05-22,12:57,2024,8,August,Q3,Friday,CUST000085,Customer 85,Individual,Hyderabad,India,customer85@company.com,9139093282,PROD000135,Product 135,PC458164,Industrial Equipment,Motors,High-quality Product 135,339,4361.71,1478619.69,2024-05-08,"Hyderabad, 789810",FAC05,Factory 5,Plant 5,Hyderabad,India,337128,LINE015,Assembly Line 15,Testing,23696,31453,2024-11-23,2024-05-17,2024-04-13,2024-06-06,Cancelled,90,93.31,36,Yes,2024-09-04,2024-02-08,Delayed,19,Order ORD00000284 - Production running smoothly
ORD00000285,2024-05-10,17:39,2024,1,January,Q1,Saturday,CUST000086,Customer 86,OEM,Chennai,India,customer86@company.com,9409936774,PROD000136,Product 136,PC598582,Electronics,Controllers,High-quality Product 136,82,267.17,21907.94,2024-09-08,"Chennai, 525406",FAC06,Factory 6,Plant 6,Chennai,India,968639,LINE016,Assembly Line 16,Assembly,47979,768,2024-10-05,null,2024-04-09,2024-10-15,Planned,85,96.05,18,Yes,2024-09-18,2024-09-15,Pending,13,Order ORD00000285 - Production running smoothly
ORD00000286,2024-07-06,16:16,2024,1,January,Q1,Sunday,CUST000087,Customer 87,Distributor,Kolkata,India,customer87@company.com,9314966930,PROD000137,Product 137,PC649105,Automotive,Engines,High-quality Product 137,666,4926.77,3281228.82,2024-04-17,"Kolkata, 493764",FAC07,Factory 7,Plant 7,Kolkata,India,217485,LINE017,Assembly Line 17,Welding,29506,34926,2024-10-14,2024-03-06,2024-08-15,null,In Progress,23,73.81,23,Yes,2024-09-12,2024-01-22,Shipped,-4,Order ORD00000286 - Quality issues detected
ORD00000287,2024-01-13,12:35,2024,9,September,Q3,Monday,CUST000088,Customer 88,Retailer,Jaipur,India,customer88@company.com,9581463711,PROD000138,Product 138,PC293677,Machinery,Pumps,High-quality Product 138,706,321.95,227296.7,2024-06-24,"Jaipur, 619299",FAC08,Factory 8,Plant 8,Jaipur,India,194872,LINE018,Assembly Line 18,Painting,45202,22510,2024-03-20,2024-08-02,2024-08-09,2024-07-16,Completed,52,86.72,14,Yes,2024-09-27,2024-09-15,In Transit,4,Order ORD00000287 - Production running smoothly
ORD00000288,2024-03-19,09:29,2024,12,December,Q4,Tuesday,CUST000089,Customer 89,Corporate,Mumbai,India,customer89@company.com,9919627297,PROD000139,Product 139,PC371114,Consumer Goods,Appliances,High-quality Product 139,225,4443.35,999753.75,2024-06-01,"Mumbai, 885850",FAC01,Factory 1,Plant 1,Mumbai,India,434871,LINE019,Assembly Line 19,Packaging,12912,21035,2024-02-26,null,2024-07-04,2024-09-10,On Hold,16,86.87,27,Yes,2024-08-14,2024-06-20,Delivered,11,Order ORD00000288 - Production running smoothly
ORD00000289,2024-08-14,17:59,2024,3,March,Q1,Wednesday,CUST000090,Customer 90,Individual,Delhi,India,customer90@company.com,9486475799,PROD000140,Product 140,PC761983,Industrial Equipment,Motors,High-quality Product 140,822,4633.91,3809074.02,2024-04-17,"Delhi, 253413",FAC02,Factory 2,Plant 2,Delhi,India,690582,LINE020,Assembly Line 20,Testing,18019,35011,2024-11-05,2024-02-09,2024-04-13,2024-03-07,Cancelled,78,90.24,11,Yes,2024-05-05,2024-03-21,Delayed,-4,Order ORD00000289 - Production running smoothly
ORD00000290,2024-12-23,13:45,2024,8,August,Q3,Thursday,CUST000091,Customer 91,OEM,Bangalore,India,customer91@company.com,9763297086,PROD000141,Product 141,PC676975,Electronics,Controllers,High-quality Product 141,562,1193.95,670999.9,2024-04-01,"Bangalore, 713616",FAC03,Factory 3,Plant 3,Bangalore,India,894418,LINE021,Assembly Line 21,Assembly,21815,21504,2024-08-17,null,2024-12-14,2024-03-08,Planned,49,99.71,7,No,2024-05-07,2024-10-03,Pending,-4,Order ORD00000290 - Production running smoothly
ORD00000291,2024-09-05,16:57,2024,2,February,Q1,Friday,CUST000092,Customer 92,Distributor,Pune,India,customer92@company.com,9869334700,PROD000142,Product 142,PC804359,Automotive,Engines,High-quality Product 142,308,2890.02,890126.16,2024-12-27,"Pune, 525804",FAC04,Factory 4,Plant 4,Pune,India,173490,LINE022,Assembly Line 22,Welding,24831,34123,2024-09-21,2024-07-24,2024-12-17,null,In Progress,28,83,11,Yes,2024-11-18,2024-09-24,Shipped,19,Order ORD00000291 - Quality issues detected
ORD00000292,2024-02-04,17:55,2024,6,June,Q2,Saturday,CUST000093,Customer 93,Retailer,Hyderabad,India,customer93@company.com,9540119579,PROD000143,Product 143,PC912374,Machinery,Pumps,High-quality Product 143,833,1646.42,1371467.86,2024-08-23,"Hyderabad, 678730",FAC05,Factory 5,Plant 5,Hyderabad,India,706832,LINE023,Assembly Line 23,Painting,44020,27608,2024-08-11,2024-06-12,2024-09-10,null,Completed,64,71.8,48,Yes,2024-06-28,null,In Transit,16,Order ORD00000292 - Quality issues detected
ORD00000293,2024-11-05,14:12,2024,6,June,Q2,Sunday,CUST000094,Customer 94,Corporate,Chennai,India,customer94@company.com,9203344579,PROD000144,Product 144,PC395258,Consumer Goods,Appliances,High-quality Product 144,984,3801.59,3740764.56,2024-06-26,"Chennai, 158457",FAC06,Factory 6,Plant 6,Chennai,India,872018,LINE024,Assembly Line 24,Packaging,49950,28555,2024-04-04,2024-02-05,2024-07-03,2024-07-20,On Hold,16,70.83,26,Yes,2024-11-11,2024-08-28,Delivered,1,Order ORD00000293 - Quality issues detected
ORD00000294,2024-07-26,08:23,2024,7,July,Q3,Monday,CUST000095,Customer 95,Individual,Kolkata,India,customer95@company.com,9577068529,PROD000145,Product 145,PC240784,Industrial Equipment,Motors,High-quality Product 145,566,2933.77,1660513.82,2024-12-05,"Kolkata, 458910",FAC07,Factory 7,Plant 7,Kolkata,India,691227,LINE025,Assembly Line 25,Testing,35607,1644,2024-06-28,2024-04-24,2024-11-18,2024-09-21,Cancelled,86,72.68,36,Yes,2024-06-12,null,Delayed,-4,Order ORD00000294 - Quality issues detected
ORD00000295,2024-07-05,15:23,2024,5,May,Q2,Tuesday,CUST000096,Customer 96,OEM,Jaipur,India,customer96@company.com,9615420748,PROD000146,Product 146,PC412667,Electronics,Controllers,High-quality Product 146,604,1330.67,803724.68,2024-10-05,"Jaipur, 908348",FAC08,Factory 8,Plant 8,Jaipur,India,245652,LINE026,Assembly Line 26,Assembly,11261,23377,2024-10-15,2024-09-03,2024-04-25,2024-07-25,Planned,66,86.64,49,Yes,2024-11-28,2024-08-04,Pending,1,Order ORD00000295 - Production running smoothly
ORD00000296,2024-08-26,08:05,2024,12,December,Q4,Wednesday,CUST000097,Customer 97,Distributor,Mumbai,India,customer97@company.com,9349531208,PROD000147,Product 147,PC683561,Automotive,Engines,High-quality Product 147,876,857.77,751406.52,2024-02-10,"Mumbai, 935009",FAC01,Factory 1,Plant 1,Mumbai,India,986009,LINE027,Assembly Line 27,Welding,35792,7846,2024-07-07,2024-11-27,2024-04-28,2024-11-21,In Progress,31,89.79,37,Yes,2024-08-05,2024-05-10,Shipped,6,Order ORD00000296 - Production running smoothly
ORD00000297,2024-02-26,10:22,2024,12,December,Q4,Thursday,CUST000098,Customer 98,Retailer,Delhi,India,customer98@company.com,9199732818,PROD000148,Product 148,PC394055,Machinery,Pumps,High-quality Product 148,928,2171.59,2015235.52,2024-08-05,"Delhi, 653790",FAC02,Factory 2,Plant 2,Delhi,India,616268,LINE028,Assembly Line 28,Painting,19511,28573,2024-11-25,null,2024-07-28,2024-08-13,Completed,68,75.89,19,Yes,2024-08-24,2024-04-24,In Transit,18,Order ORD00000297 - Quality issues detected
ORD00000298,2024-08-26,14:46,2024,2,February,Q1,Friday,CUST000099,Customer 99,Corporate,Bangalore,India,customer99@company.com,9162171677,PROD000149,Product 149,PC859139,Consumer Goods,Appliances,High-quality Product 149,972,3152.26,3063996.72,2024-05-07,"Bangalore, 851046",FAC03,Factory 3,Plant 3,Bangalore,India,690334,LINE029,Assembly Line 29,Packaging,21998,10357,2024-08-26,2024-02-16,2024-08-13,2024-03-03,On Hold,59,96.32,10,No,2024-04-23,2024-04-16,Delivered,7,Order ORD00000298 - Production running smoothly
ORD00000299,2024-07-09,15:43,2024,1,January,Q1,Saturday,CUST000100,Customer 100,Individual,Pune,India,customer100@company.com,9217551385,PROD000150,Product 150,PC454105,Industrial Equipment,Motors,High-quality Product 150,886,2651.76,2349459.36,2024-01-13,"Pune, 189006",FAC04,Factory 4,Plant 4,Pune,India,300024,LINE030,Assembly Line 30,Testing,11902,28656,2024-09-19,2024-11-03,2024-09-05,2024-11-25,Cancelled,72,94.93,28,Yes,2024-07-01,2024-04-21,Delayed,14,Order ORD00000299 - Production running smoothly
ORD00000300,2024-09-16,08:34,2024,11,November,Q4,Sunday,CUST000101,Customer 101,OEM,Hyderabad,India,customer101@company.com,9200429406,PROD000001,Product 1,PC620942,Electronics,Controllers,High-quality Product 1,366,3086.77,1129757.82,2024-10-22,"Hyderabad, 930453",FAC05,Factory 5,Plant 5,Hyderabad,India,216798,LINE001,Assembly Line 1,Assembly,47593,34021,2024-08-11,2024-04-24,2024-09-02,null,Planned,37,76.93,35,Yes,2024-03-23,2024-11-06,Pending,8,Order ORD00000300 - Quality issues detected
ORD00000301,2024-01-28,12:58,2024,3,March,Q1,Monday,CUST000102,Customer 102,Distributor,Chennai,India,customer102@company.com,9550578763,PROD000002,Product 2,PC701483,Automotive,Engines,High-quality Product 2,887,3044.01,2700036.87,2024-03-21,"Chennai, 952907",FAC06,Factory 6,Plant 6,Chennai,India,333671,LINE002,Assembly Line 2,Welding,22410,14750,2024-09-11,2024-02-25,2024-10-23,2024-07-12,In Progress,14,84.91,35,Yes,2024-08-21,2024-03-24,Shipped,11,Order ORD00000301 - Quality issues detected
ORD00000302,2024-08-09,08:38,2024,6,June,Q2,Tuesday,CUST000103,Customer 103,Retailer,Kolkata,India,customer103@company.com,9403413572,PROD000003,Product 3,PC699670,Machinery,Pumps,High-quality Product 3,342,2185.65,747492.3,2024-11-19,"Kolkata, 478168",FAC07,Factory 7,Plant 7,Kolkata,India,771999,LINE003,Assembly Line 3,Painting,37566,23969,2024-10-12,2024-04-17,2024-12-01,2024-09-10,Completed,85,94.17,33,Yes,2024-10-25,2024-03-01,In Transit,11,Order ORD00000302 - Production running smoothly
ORD00000303,2024-11-09,16:35,2024,7,July,Q3,Wednesday,CUST000104,Customer 104,Corporate,Jaipur,India,customer104@company.com,9400741940,PROD000004,Product 4,PC373220,Consumer Goods,Appliances,High-quality Product 4,692,3040.27,2103866.84,2024-10-09,"Jaipur, 975693",FAC08,Factory 8,Plant 8,Jaipur,India,154179,LINE004,Assembly Line 4,Packaging,30956,31845,2024-10-16,2024-03-09,2024-11-12,null,On Hold,97,87.92,33,Yes,2024-08-18,2024-06-09,Delivered,-5,Order ORD00000303 - Production running smoothly
ORD00000304,2024-06-28,15:16,2024,5,May,Q2,Thursday,CUST000105,Customer 105,Individual,Mumbai,India,customer105@company.com,9712056259,PROD000005,Product 5,PC678318,Industrial Equipment,Motors,High-quality Product 5,831,4172.26,3467148.06,2024-03-15,"Mumbai, 189926",FAC01,Factory 1,Plant 1,Mumbai,India,415170,LINE005,Assembly Line 5,Testing,46942,1784,2024-09-15,2024-07-19,2024-02-18,null,Cancelled,40,80.76,49,Yes,2024-11-11,2024-01-20,Delayed,7,Order ORD00000304 - Quality issues detected
ORD00000305,2024-04-25,08:26,2024,11,November,Q4,Friday,CUST000106,Customer 106,OEM,Delhi,India,customer106@company.com,9956739791,PROD000006,Product 6,PC246453,Electronics,Controllers,High-quality Product 6,695,3136.28,2179714.6,2024-09-19,"Delhi, 647740",FAC02,Factory 2,Plant 2,Delhi,India,999887,LINE006,Assembly Line 6,Assembly,31129,14716,2024-07-23,2024-07-08,2024-05-18,2024-06-04,Planned,42,79.02,33,Yes,2024-04-04,null,Pending,11,Order ORD00000305 - Quality issues detected
ORD00000306,2024-10-16,12:18,2024,6,June,Q2,Saturday,CUST000107,Customer 107,Distributor,Bangalore,India,customer107@company.com,9646522949,PROD000007,Product 7,PC617196,Automotive,Engines,High-quality Product 7,885,2347.75,2077758.75,2024-03-08,"Bangalore, 128029",FAC03,Factory 3,Plant 3,Bangalore,India,937483,LINE007,Assembly Line 7,Welding,22146,14356,2024-01-25,null,2024-08-14,2024-09-04,In Progress,81,96.32,12,Yes,2024-03-26,2024-08-01,Shipped,-5,Order ORD00000306 - Production running smoothly
ORD00000307,2024-01-12,15:39,2024,6,June,Q2,Sunday,CUST000108,Customer 108,Retailer,Pune,India,customer108@company.com,9954024308,PROD000008,Product 8,PC552581,Machinery,Pumps,High-quality Product 8,251,2410.01,604912.51,2024-05-08,"Pune, 245085",FAC04,Factory 4,Plant 4,Pune,India,862605,LINE008,Assembly Line 8,Painting,49989,23344,2024-01-23,2024-07-12,2024-07-13,2024-12-16,Completed,93,83.35,18,Yes,2024-06-09,2024-10-15,In Transit,2,Order ORD00000307 - Quality issues detected
ORD00000308,2024-01-24,16:06,2024,2,February,Q1,Monday,CUST000109,Customer 109,Corporate,Hyderabad,India,customer109@company.com,9303843942,PROD000009,Product 9,PC649256,Consumer Goods,Appliances,High-quality Product 9,958,326.45,312739.1,2024-05-14,"Hyderabad, 342381",FAC05,Factory 5,Plant 5,Hyderabad,India,369721,LINE009,Assembly Line 9,Packaging,15418,24247,2024-04-21,2024-04-10,2024-11-16,null,On Hold,25,86.24,43,Yes,2024-11-18,2024-01-20,Delivered,13,Order ORD00000308 - Production running smoothly
ORD00000309,2024-01-12,11:53,2024,7,July,Q3,Tuesday,CUST000110,Customer 110,Individual,Chennai,India,customer110@company.com,9448066234,PROD000010,Product 10,PC117112,Industrial Equipment,Motors,High-quality Product 10,265,3192.15,845919.75,2024-09-05,"Chennai, 533429",FAC06,Factory 6,Plant 6,Chennai,India,134717,LINE010,Assembly Line 10,Testing,32893,21580,2024-03-06,2024-05-13,2024-05-12,null,Cancelled,20,76.96,14,Yes,2024-04-19,2024-04-23,Delayed,16,Order ORD00000309 - Quality issues detected
ORD00000310,2024-01-17,16:59,2024,1,January,Q1,Wednesday,CUST000111,Customer 111,OEM,Kolkata,India,customer111@company.com,9771205638,PROD000011,Product 11,PC271007,Electronics,Controllers,High-quality Product 11,110,3710.77,408184.7,2024-06-16,"Kolkata, 373981",FAC07,Factory 7,Plant 7,Kolkata,India,580302,LINE011,Assembly Line 11,Assembly,45102,29134,2024-11-25,null,2024-12-25,null,Planned,8,74.05,35,Yes,2024-07-23,2024-02-14,Pending,-1,Order ORD00000310 - Quality issues detected
ORD00000311,2024-02-01,08:49,2024,1,January,Q1,Thursday,CUST000112,Customer 112,Distributor,Jaipur,India,customer112@company.com,9703251083,PROD000012,Product 12,PC908710,Automotive,Engines,High-quality Product 12,940,225.33,211810.2,2024-12-04,"Jaipur, 249776",FAC08,Factory 8,Plant 8,Jaipur,India,747178,LINE012,Assembly Line 12,Welding,19376,23564,2024-05-22,null,2024-03-24,2024-10-24,In Progress,39,70.43,28,Yes,2024-10-07,2024-09-08,Shipped,20,Order ORD00000311 - Quality issues detected
ORD00000312,2024-10-09,15:49,2024,11,November,Q4,Friday,CUST000113,Customer 113,Retailer,Mumbai,India,customer113@company.com,9787885197,PROD000013,Product 13,PC955689,Machinery,Pumps,High-quality Product 13,905,3556.35,3218496.75,2024-01-21,"Mumbai, 550976",FAC01,Factory 1,Plant 1,Mumbai,India,117433,LINE013,Assembly Line 13,Painting,15580,30377,2024-02-18,2024-06-14,2024-09-14,2024-08-22,Completed,79,73.77,2,No,2024-07-24,2024-05-13,In Transit,9,Order ORD00000312 - Quality issues detected
ORD00000313,2024-09-17,10:03,2024,2,February,Q1,Saturday,CUST000114,Customer 114,Corporate,Delhi,India,customer114@company.com,9986481321,PROD000014,Product 14,PC245949,Consumer Goods,Appliances,High-quality Product 14,850,2783.96,2366366,2024-01-28,"Delhi, 378191",FAC02,Factory 2,Plant 2,Delhi,India,470048,LINE014,Assembly Line 14,Packaging,8312,31962,2024-12-09,2024-03-04,2024-11-25,2024-09-27,On Hold,43,76.75,39,Yes,2024-06-05,2024-10-27,Delivered,18,Order ORD00000313 - Quality issues detected
ORD00000314,2024-01-18,15:26,2024,2,February,Q1,Sunday,CUST000115,Customer 115,Individual,Bangalore,India,customer115@company.com,9481302388,PROD000015,Product 15,PC269040,Industrial Equipment,Motors,High-quality Product 15,346,1232.36,426396.56,2024-09-16,"Bangalore, 864860",FAC03,Factory 3,Plant 3,Bangalore,India,670552,LINE015,Assembly Line 15,Testing,39459,21836,2024-02-13,2024-09-10,2024-11-10,2024-10-18,Cancelled,63,75.2,30,Yes,2024-12-23,null,Delayed,18,Order ORD00000314 - Quality issues detected
ORD00000315,2024-12-11,16:10,2024,5,May,Q2,Monday,CUST000116,Customer 116,OEM,Pune,India,customer116@company.com,9883117844,PROD000016,Product 16,PC935081,Electronics,Controllers,High-quality Product 16,722,1289.95,931343.9,2024-05-10,"Pune, 892563",FAC04,Factory 4,Plant 4,Pune,India,824918,LINE016,Assembly Line 16,Assembly,25648,31210,2024-11-26,2024-11-18,2024-10-24,2024-08-04,Planned,93,92.56,35,Yes,2024-05-01,2024-11-11,Pending,8,Order ORD00000315 - Production running smoothly
ORD00000316,2024-09-17,12:32,2024,8,August,Q3,Tuesday,CUST000117,Customer 117,Distributor,Hyderabad,India,customer117@company.com,9144412324,PROD000017,Product 17,PC617003,Automotive,Engines,High-quality Product 17,633,251.1,158946.3,2024-10-06,"Hyderabad, 229882",FAC05,Factory 5,Plant 5,Hyderabad,India,373158,LINE017,Assembly Line 17,Welding,4771,22703,2024-02-18,2024-12-17,2024-06-27,2024-06-05,In Progress,20,95.97,23,Yes,2024-06-17,2024-04-01,Shipped,-3,Order ORD00000316 - Production running smoothly
ORD00000317,2024-09-09,10:22,2024,2,February,Q1,Wednesday,CUST000118,Customer 118,Retailer,Chennai,India,customer118@company.com,9762605069,PROD000018,Product 18,PC985896,Machinery,Pumps,High-quality Product 18,33,4658.85,153742.05,2024-05-26,"Chennai, 290607",FAC06,Factory 6,Plant 6,Chennai,India,571324,LINE018,Assembly Line 18,Painting,20301,18719,2024-08-22,null,2024-09-11,2024-10-13,Completed,69,79.89,31,Yes,2024-11-06,null,In Transit,-4,Order ORD00000317 - Quality issues detected
ORD00000318,2024-09-15,17:08,2024,5,May,Q2,Thursday,CUST000119,Customer 119,Corporate,Kolkata,India,customer119@company.com,9820723228,PROD000019,Product 19,PC470184,Consumer Goods,Appliances,High-quality Product 19,440,984.45,433158,2024-08-07,"Kolkata, 359838",FAC07,Factory 7,Plant 7,Kolkata,India,682664,LINE019,Assembly Line 19,Packaging,10464,18159,2024-02-08,2024-06-11,2024-02-05,2024-05-10,On Hold,63,76.81,36,Yes,2024-06-12,2024-01-22,Delivered,1,Order ORD00000318 - Quality issues detected
ORD00000319,2024-12-10,10:58,2024,1,January,Q1,Friday,CUST000120,Customer 120,Individual,Jaipur,India,customer120@company.com,9984847676,PROD000020,Product 20,PC912159,Industrial Equipment,Motors,High-quality Product 20,43,3442.75,148038.25,2024-02-23,"Jaipur, 707740",FAC08,Factory 8,Plant 8,Jaipur,India,874781,LINE020,Assembly Line 20,Testing,46932,38984,2024-01-13,2024-11-08,2024-01-10,null,Cancelled,84,73.17,50,Yes,2024-09-02,2024-10-17,Delayed,11,Order ORD00000319 - Quality issues detected
ORD00000320,2024-03-10,09:38,2024,1,January,Q1,Saturday,CUST000121,Customer 121,OEM,Mumbai,India,customer121@company.com,9506512868,PROD000021,Product 21,PC467343,Electronics,Controllers,High-quality Product 21,76,1202.39,91381.64,2024-04-03,"Mumbai, 400624",FAC01,Factory 1,Plant 1,Mumbai,India,432480,LINE021,Assembly Line 21,Assembly,33406,35598,2024-04-07,2024-09-16,2024-06-25,2024-05-27,Planned,14,79.75,7,No,2024-08-22,2024-01-07,Pending,15,Order ORD00000320 - Quality issues detected
ORD00000321,2024-10-24,12:08,2024,6,June,Q2,Sunday,CUST000122,Customer 122,Distributor,Delhi,India,customer122@company.com,9453788097,PROD000022,Product 22,PC561548,Automotive,Engines,High-quality Product 22,612,736.89,450976.68,2024-09-21,"Delhi, 391807",FAC02,Factory 2,Plant 2,Delhi,India,253539,LINE022,Assembly Line 22,Welding,48300,9824,2024-02-14,2024-10-17,2024-05-20,2024-10-11,In Progress,34,99.97,29,Yes,2024-12-26,2024-05-07,Shipped,9,Order ORD00000321 - Production running smoothly
ORD00000322,2024-12-16,11:29,2024,3,March,Q1,Monday,CUST000123,Customer 123,Retailer,Bangalore,India,customer123@company.com,9267915885,PROD000023,Product 23,PC371885,Machinery,Pumps,High-quality Product 23,758,571.95,433538.1,2024-02-02,"Bangalore, 827771",FAC03,Factory 3,Plant 3,Bangalore,India,594439,LINE023,Assembly Line 23,Painting,29682,38641,2024-09-27,2024-02-04,2024-05-18,null,Completed,51,99.98,0,No,2024-12-27,2024-04-14,In Transit,-2,Order ORD00000322 - Production running smoothly
ORD00000323,2024-08-17,08:18,2024,7,July,Q3,Tuesday,CUST000124,Customer 124,Corporate,Pune,India,customer124@company.com,9268073549,PROD000024,Product 24,PC922887,Consumer Goods,Appliances,High-quality Product 24,965,1035.32,999083.8,2024-05-10,"Pune, 898367",FAC04,Factory 4,Plant 4,Pune,India,669651,LINE024,Assembly Line 24,Packaging,46615,31520,2024-02-02,2024-07-25,2024-07-05,2024-06-02,On Hold,2,90.1,48,Yes,2024-05-07,2024-04-18,Delivered,-4,Order ORD00000323 - Production running smoothly
ORD00000324,2024-12-26,13:51,2024,1,January,Q1,Wednesday,CUST000125,Customer 125,Individual,Hyderabad,India,customer125@company.com,9720270874,PROD000025,Product 25,PC744422,Industrial Equipment,Motors,High-quality Product 25,382,1754.56,670241.92,2024-02-03,"Hyderabad, 731033",FAC05,Factory 5,Plant 5,Hyderabad,India,205412,LINE025,Assembly Line 25,Testing,42403,2568,2024-09-13,2024-10-22,2024-06-19,2024-01-09,Cancelled,92,97.07,0,No,2024-06-21,2024-02-09,Delayed,-5,Order ORD00000324 - Production running smoothly
ORD00000325,2024-02-26,15:22,2024,1,January,Q1,Thursday,CUST000126,Customer 126,OEM,Chennai,India,customer126@company.com,9810159846,PROD000026,Product 26,PC116175,Electronics,Controllers,High-quality Product 26,226,490.99,110963.74,2024-01-07,"Chennai, 905188",FAC06,Factory 6,Plant 6,Chennai,India,180821,LINE026,Assembly Line 26,Assembly,37799,1367,2024-04-27,2024-01-09,2024-06-14,null,Planned,4,83.44,30,Yes,2024-01-12,2024-04-01,Pending,3,Order ORD00000325 - Quality issues detected
ORD00000326,2024-02-25,14:56,2024,8,August,Q3,Friday,CUST000127,Customer 127,Distributor,Kolkata,India,customer127@company.com,9200522915,PROD000027,Product 27,PC519527,Automotive,Engines,High-quality Product 27,972,4736.89,4604257.08,2024-04-24,"Kolkata, 244240",FAC07,Factory 7,Plant 7,Kolkata,India,330565,LINE027,Assembly Line 27,Welding,36612,26167,2024-07-17,2024-06-27,2024-10-18,2024-01-19,In Progress,17,81.24,24,Yes,2024-10-28,2024-08-23,Shipped,4,Order ORD00000326 - Quality issues detected
ORD00000327,2024-12-20,14:48,2024,5,May,Q2,Saturday,CUST000128,Customer 128,Retailer,Jaipur,India,customer128@company.com,9202143234,PROD000028,Product 28,PC525153,Machinery,Pumps,High-quality Product 28,217,3009.96,653161.32,2024-03-01,"Jaipur, 797953",FAC08,Factory 8,Plant 8,Jaipur,India,926181,LINE028,Assembly Line 28,Painting,25251,38511,2024-12-12,2024-04-08,2024-07-09,null,Completed,86,82.85,19,Yes,2024-10-02,2024-12-11,In Transit,14,Order ORD00000327 - Quality issues detected
ORD00000328,2024-11-15,15:44,2024,8,August,Q3,Sunday,CUST000129,Customer 129,Corporate,Mumbai,India,customer129@company.com,9862563361,PROD000029,Product 29,PC960869,Consumer Goods,Appliances,High-quality Product 29,485,1334.38,647174.3,2024-06-14,"Mumbai, 935629",FAC01,Factory 1,Plant 1,Mumbai,India,898133,LINE029,Assembly Line 29,Packaging,16429,4683,2024-07-28,2024-05-04,2024-12-06,2024-04-27,On Hold,68,91.53,49,Yes,2024-03-23,2024-04-02,Delivered,18,Order ORD00000328 - Production running smoothly
ORD00000329,2024-06-03,16:43,2024,12,December,Q4,Monday,CUST000130,Customer 130,Individual,Delhi,India,customer130@company.com,9288277363,PROD000030,Product 30,PC990530,Industrial Equipment,Motors,High-quality Product 30,484,1173.28,567867.52,2024-02-15,"Delhi, 265466",FAC02,Factory 2,Plant 2,Delhi,India,449103,LINE030,Assembly Line 30,Testing,26565,27326,2024-12-15,2024-10-23,2024-01-17,null,Cancelled,74,85.53,9,No,2024-12-08,2024-03-15,Delayed,4,Order ORD00000329 - Production running smoothly
ORD00000330,2024-08-05,12:03,2024,1,January,Q1,Tuesday,CUST000131,Customer 131,OEM,Bangalore,India,customer131@company.com,9182523928,PROD000031,Product 31,PC474058,Electronics,Controllers,High-quality Product 31,734,3933.36,2887086.24,2024-06-06,"Bangalore, 887737",FAC03,Factory 3,Plant 3,Bangalore,India,641060,LINE001,Assembly Line 1,Assembly,22889,15235,2024-02-07,2024-06-07,2024-06-02,null,Planned,15,86.87,9,No,2024-09-19,null,Pending,10,Order ORD00000330 - Production running smoothly
ORD00000331,2024-01-26,09:46,2024,8,August,Q3,Wednesday,CUST000132,Customer 132,Distributor,Pune,India,customer132@company.com,9322687987,PROD000032,Product 32,PC309143,Automotive,Engines,High-quality Product 32,742,3818.17,2833082.14,2024-05-24,"Pune, 556211",FAC04,Factory 4,Plant 4,Pune,India,840320,LINE002,Assembly Line 2,Welding,45345,1219,2024-02-03,2024-09-28,2024-10-28,null,In Progress,7,72.47,29,Yes,2024-12-16,null,Shipped,3,Order ORD00000331 - Quality issues detected
ORD00000332,2024-03-13,13:50,2024,10,October,Q4,Thursday,CUST000133,Customer 133,Retailer,Hyderabad,India,customer133@company.com,9599417967,PROD000033,Product 33,PC744057,Machinery,Pumps,High-quality Product 33,979,4816.59,4715441.61,2024-06-26,"Hyderabad, 276829",FAC05,Factory 5,Plant 5,Hyderabad,India,688106,LINE003,Assembly Line 3,Painting,35811,28039,2024-08-12,2024-06-08,2024-10-20,2024-01-05,Completed,6,78.52,8,No,2024-07-14,2024-02-11,In Transit,-3,Order ORD00000332 - Quality issues detected
ORD00000333,2024-02-02,16:42,2024,9,September,Q3,Friday,CUST000134,Customer 134,Corporate,Chennai,India,customer134@company.com,9413747535,PROD000034,Product 34,PC106371,Consumer Goods,Appliances,High-quality Product 34,520,1957.13,1017707.6,2024-06-28,"Chennai, 446595",FAC06,Factory 6,Plant 6,Chennai,India,181388,LINE004,Assembly Line 4,Packaging,40109,1001,2024-02-02,2024-01-16,2024-03-14,2024-12-28,On Hold,7,90.5,4,No,2024-11-07,2024-05-14,Delivered,-3,Order ORD00000333 - Production running smoothly
ORD00000334,2024-06-17,16:54,2024,8,August,Q3,Saturday,CUST000135,Customer 135,Individual,Kolkata,India,customer135@company.com,9468195678,PROD000035,Product 35,PC151440,Industrial Equipment,Motors,High-quality Product 35,677,1733.26,1173417.02,2024-03-16,"Kolkata, 790084",FAC07,Factory 7,Plant 7,Kolkata,India,940369,LINE005,Assembly Line 5,Testing,27690,8012,2024-11-21,2024-04-16,2024-10-25,2024-11-19,Cancelled,35,95.85,18,Yes,2024-02-01,2024-03-12,Delayed,20,Order ORD00000334 - Production running smoothly
ORD00000335,2024-09-09,16:00,2024,6,June,Q2,Sunday,CUST000136,Customer 136,OEM,Jaipur,India,customer136@company.com,9704413066,PROD000036,Product 36,PC596057,Electronics,Controllers,High-quality Product 36,45,3430.31,154363.95,2024-09-16,"Jaipur, 434007",FAC08,Factory 8,Plant 8,Jaipur,India,377299,LINE006,Assembly Line 6,Assembly,30872,37695,2024-08-02,2024-02-05,2024-11-27,2024-12-25,Planned,91,70.67,12,Yes,2024-02-03,2024-07-14,Pending,5,Order ORD00000335 - Quality issues detected
ORD00000336,2024-12-04,14:27,2024,7,July,Q3,Monday,CUST000137,Customer 137,Distributor,Mumbai,India,customer137@company.com,9653470062,PROD000037,Product 37,PC763082,Automotive,Engines,High-quality Product 37,181,3300.34,597361.54,2024-01-04,"Mumbai, 607195",FAC01,Factory 1,Plant 1,Mumbai,India,656970,LINE007,Assembly Line 7,Welding,28724,10006,2024-05-09,2024-06-06,2024-03-13,null,In Progress,92,82.34,37,Yes,2024-01-10,2024-06-01,Shipped,8,Order ORD00000336 - Quality issues detected
ORD00000337,2024-08-14,13:43,2024,2,February,Q1,Tuesday,CUST000138,Customer 138,Retailer,Delhi,India,customer138@company.com,9207206034,PROD000038,Product 38,PC525937,Machinery,Pumps,High-quality Product 38,125,1607.68,200960,2024-07-19,"Delhi, 171020",FAC02,Factory 2,Plant 2,Delhi,India,365439,LINE008,Assembly Line 8,Painting,49393,21828,2024-12-13,2024-08-16,2024-09-17,2024-06-17,Completed,41,88.2,0,No,2024-03-10,null,In Transit,-4,Order ORD00000337 - Production running smoothly
ORD00000338,2024-09-11,09:50,2024,2,February,Q1,Wednesday,CUST000139,Customer 139,Corporate,Bangalore,India,customer139@company.com,9536798233,PROD000039,Product 39,PC800058,Consumer Goods,Appliances,High-quality Product 39,119,4615.51,549245.69,2024-06-07,"Bangalore, 735640",FAC03,Factory 3,Plant 3,Bangalore,India,909987,LINE009,Assembly Line 9,Packaging,7426,14621,2024-07-09,null,2024-10-10,2024-04-01,On Hold,99,94.52,13,Yes,2024-03-23,null,Delivered,-4,Order ORD00000338 - Production running smoothly
ORD00000339,2024-05-27,13:16,2024,4,April,Q2,Thursday,CUST000140,Customer 140,Individual,Pune,India,customer140@company.com,9136581756,PROD000040,Product 40,PC730295,Industrial Equipment,Motors,High-quality Product 40,320,3994.67,1278294.4,2024-02-10,"Pune, 844033",FAC04,Factory 4,Plant 4,Pune,India,214868,LINE010,Assembly Line 10,Testing,18080,778,2024-09-28,2024-12-16,2024-03-06,2024-07-26,Cancelled,16,81.71,48,Yes,2024-11-22,2024-03-15,Delayed,-2,Order ORD00000339 - Quality issues detected
ORD00000340,2024-12-23,11:23,2024,10,October,Q4,Friday,CUST000141,Customer 141,OEM,Hyderabad,India,customer141@company.com,9493130414,PROD000041,Product 41,PC765121,Electronics,Controllers,High-quality Product 41,461,4821.55,2222734.55,2024-12-22,"Hyderabad, 693904",FAC05,Factory 5,Plant 5,Hyderabad,India,464906,LINE011,Assembly Line 11,Assembly,17104,12336,2024-12-20,2024-07-28,2024-09-24,2024-04-09,Planned,91,90.28,25,Yes,2024-04-08,2024-07-24,Pending,17,Order ORD00000340 - Production running smoothly
ORD00000341,2024-05-05,12:45,2024,7,July,Q3,Saturday,CUST000142,Customer 142,Distributor,Chennai,India,customer142@company.com,9949735543,PROD000042,Product 42,PC628244,Automotive,Engines,High-quality Product 42,465,4295.81,1997551.65,2024-02-01,"Chennai, 680887",FAC06,Factory 6,Plant 6,Chennai,India,520721,LINE012,Assembly Line 12,Welding,47943,24888,2024-02-03,2024-10-04,2024-12-21,2024-04-06,In Progress,53,86.39,28,Yes,2024-09-09,2024-04-24,Shipped,15,Order ORD00000341 - Production running smoothly
ORD00000342,2024-11-20,08:25,2024,12,December,Q4,Sunday,CUST000143,Customer 143,Retailer,Kolkata,India,customer143@company.com,9950099180,PROD000043,Product 43,PC837970,Machinery,Pumps,High-quality Product 43,803,2898.51,2327503.53,2024-05-04,"Kolkata, 200095",FAC07,Factory 7,Plant 7,Kolkata,India,274872,LINE013,Assembly Line 13,Painting,20024,25575,2024-11-06,2024-06-27,2024-01-21,2024-02-08,Completed,23,93.5,4,No,2024-10-25,null,In Transit,16,Order ORD00000342 - Production running smoothly
ORD00000343,2024-01-28,12:12,2024,6,June,Q2,Monday,CUST000144,Customer 144,Corporate,Jaipur,India,customer144@company.com,9369202978,PROD000044,Product 44,PC525817,Consumer Goods,Appliances,High-quality Product 44,345,3343.13,1153379.85,2024-06-09,"Jaipur, 660517",FAC08,Factory 8,Plant 8,Jaipur,India,840520,LINE014,Assembly Line 14,Packaging,42742,28184,2024-10-27,2024-07-04,2024-01-12,null,On Hold,18,72.34,3,No,2024-01-22,2024-12-12,Delivered,-3,Order ORD00000343 - Quality issues detected
ORD00000344,2024-08-27,14:14,2024,6,June,Q2,Tuesday,CUST000145,Customer 145,Individual,Mumbai,India,customer145@company.com,9231775677,PROD000045,Product 45,PC975759,Industrial Equipment,Motors,High-quality Product 45,934,3325.89,3106381.26,2024-01-08,"Mumbai, 795863",FAC01,Factory 1,Plant 1,Mumbai,India,750307,LINE015,Assembly Line 15,Testing,34171,21697,2024-08-16,2024-08-10,2024-01-08,null,Cancelled,24,73.58,13,Yes,2024-02-20,2024-08-18,Delayed,13,Order ORD00000344 - Quality issues detected
ORD00000345,2024-01-10,15:52,2024,6,June,Q2,Wednesday,CUST000146,Customer 146,OEM,Delhi,India,customer146@company.com,9229908729,PROD000046,Product 46,PC819789,Electronics,Controllers,High-quality Product 46,747,3526.58,2634355.26,2024-07-21,"Delhi, 543143",FAC02,Factory 2,Plant 2,Delhi,India,122360,LINE016,Assembly Line 16,Assembly,31310,24799,2024-03-05,2024-03-26,2024-01-08,2024-12-22,Planned,44,73.15,13,Yes,2024-08-27,null,Pending,10,Order ORD00000345 - Quality issues detected
ORD00000346,2024-07-03,08:13,2024,2,February,Q1,Thursday,CUST000147,Customer 147,Distributor,Bangalore,India,customer147@company.com,9620363579,PROD000047,Product 47,PC885800,Automotive,Engines,High-quality Product 47,351,4638.42,1628085.42,2024-09-11,"Bangalore, 310373",FAC03,Factory 3,Plant 3,Bangalore,India,219048,LINE017,Assembly Line 17,Welding,25529,27190,2024-02-03,2024-09-25,2024-01-16,2024-10-11,In Progress,48,84.58,23,Yes,2024-08-23,2024-02-10,Shipped,13,Order ORD00000346 - Quality issues detected
ORD00000347,2024-09-14,17:02,2024,6,June,Q2,Friday,CUST000148,Customer 148,Retailer,Pune,India,customer148@company.com,9313450358,PROD000048,Product 48,PC875665,Machinery,Pumps,High-quality Product 48,884,3609.75,3191019,2024-10-25,"Pune, 215124",FAC04,Factory 4,Plant 4,Pune,India,685482,LINE018,Assembly Line 18,Painting,30707,13791,2024-10-11,2024-04-14,2024-12-16,null,Completed,59,93.95,10,No,2024-02-02,2024-10-03,In Transit,8,Order ORD00000347 - Production running smoothly
ORD00000348,2024-07-20,11:27,2024,9,September,Q3,Saturday,CUST000149,Customer 149,Corporate,Hyderabad,India,customer149@company.com,9867213340,PROD000049,Product 49,PC386425,Consumer Goods,Appliances,High-quality Product 49,137,3633.87,497840.19,2024-10-08,"Hyderabad, 202089",FAC05,Factory 5,Plant 5,Hyderabad,India,177146,LINE019,Assembly Line 19,Packaging,45950,8399,2024-10-18,2024-07-04,2024-09-27,2024-07-20,On Hold,26,93.01,43,Yes,2024-08-09,2024-03-13,Delivered,18,Order ORD00000348 - Production running smoothly
ORD00000349,2024-05-28,15:18,2024,4,April,Q2,Sunday,CUST000150,Customer 150,Individual,Chennai,India,customer150@company.com,9311287075,PROD000050,Product 50,PC464799,Industrial Equipment,Motors,High-quality Product 50,703,1087.08,764217.24,2024-02-19,"Chennai, 178629",FAC06,Factory 6,Plant 6,Chennai,India,468709,LINE020,Assembly Line 20,Testing,7376,11698,2024-01-11,null,2024-03-17,null,Cancelled,74,81.7,1,No,2024-04-25,2024-04-08,Delayed,15,Order ORD00000349 - Quality issues detected
ORD00000350,2024-03-17,11:20,2024,7,July,Q3,Monday,CUST000151,Customer 151,OEM,Kolkata,India,customer151@company.com,9510259616,PROD000051,Product 51,PC240155,Electronics,Controllers,High-quality Product 51,274,3827.01,1048600.74,2024-09-09,"Kolkata, 844734",FAC07,Factory 7,Plant 7,Kolkata,India,589767,LINE021,Assembly Line 21,Assembly,25247,9647,2024-05-03,2024-03-26,2024-07-15,null,Planned,59,89.23,38,Yes,2024-06-23,2024-09-25,Pending,2,Order ORD00000350 - Production running smoothly
ORD00000351,2024-11-24,09:56,2024,2,February,Q1,Tuesday,CUST000152,Customer 152,Distributor,Jaipur,India,customer152@company.com,9834999377,PROD000052,Product 52,PC555514,Automotive,Engines,High-quality Product 52,67,873.98,58556.66,2024-02-25,"Jaipur, 594425",FAC08,Factory 8,Plant 8,Jaipur,India,239670,LINE022,Assembly Line 22,Welding,38505,23263,2024-12-24,null,2024-06-19,null,In Progress,86,95.93,22,Yes,2024-12-22,null,Shipped,0,Order ORD00000351 - Production running smoothly
ORD00000352,2024-04-06,12:24,2024,10,October,Q4,Wednesday,CUST000153,Customer 153,Retailer,Mumbai,India,customer153@company.com,9255755913,PROD000053,Product 53,PC297498,Machinery,Pumps,High-quality Product 53,252,4067.23,1024941.96,2024-02-03,"Mumbai, 318694",FAC01,Factory 1,Plant 1,Mumbai,India,287001,LINE023,Assembly Line 23,Painting,4621,27292,2024-05-10,2024-10-04,2024-01-18,2024-07-24,Completed,41,78.26,16,Yes,2024-06-02,2024-07-21,In Transit,10,Order ORD00000352 - Quality issues detected
ORD00000353,2024-08-10,08:08,2024,7,July,Q3,Thursday,CUST000154,Customer 154,Corporate,Delhi,India,customer154@company.com,9140203212,PROD000054,Product 54,PC831262,Consumer Goods,Appliances,High-quality Product 54,371,3279.15,1216564.65,2024-01-14,"Delhi, 632019",FAC02,Factory 2,Plant 2,Delhi,India,327691,LINE024,Assembly Line 24,Packaging,38488,15249,2024-02-26,2024-01-21,2024-03-08,null,On Hold,94,87.11,0,No,2024-04-06,2024-09-03,Delivered,20,Order ORD00000353 - Production running smoothly
ORD00000354,2024-05-18,12:03,2024,2,February,Q1,Friday,CUST000155,Customer 155,Individual,Bangalore,India,customer155@company.com,9247911082,PROD000055,Product 55,PC107363,Industrial Equipment,Motors,High-quality Product 55,703,2423.7,1703861.1,2024-02-14,"Bangalore, 244936",FAC03,Factory 3,Plant 3,Bangalore,India,739642,LINE025,Assembly Line 25,Testing,22092,17448,2024-05-11,2024-12-11,2024-10-14,2024-06-08,Cancelled,87,73.65,29,Yes,2024-05-21,2024-09-20,Delayed,-3,Order ORD00000354 - Quality issues detected
ORD00000355,2024-10-02,12:39,2024,4,April,Q2,Saturday,CUST000156,Customer 156,OEM,Pune,India,customer156@company.com,9384037236,PROD000056,Product 56,PC396365,Electronics,Controllers,High-quality Product 56,619,2005.75,1241559.25,2024-06-04,"Pune, 970886",FAC04,Factory 4,Plant 4,Pune,India,990954,LINE026,Assembly Line 26,Assembly,44639,2141,2024-10-22,null,2024-12-24,null,Planned,33,93.86,41,Yes,2024-11-14,2024-08-24,Pending,-3,Order ORD00000355 - Production running smoothly
ORD00000356,2024-07-13,17:43,2024,9,September,Q3,Sunday,CUST000157,Customer 157,Distributor,Hyderabad,India,customer157@company.com,9444155417,PROD000057,Product 57,PC742664,Automotive,Engines,High-quality Product 57,288,2753,792864,2024-01-12,"Hyderabad, 892389",FAC05,Factory 5,Plant 5,Hyderabad,India,395100,LINE027,Assembly Line 27,Welding,30071,13479,2024-09-05,2024-03-23,2024-10-02,2024-10-10,In Progress,79,99.3,3,No,2024-09-06,2024-08-27,Shipped,-4,Order ORD00000356 - Production running smoothly
ORD00000357,2024-02-20,12:56,2024,5,May,Q2,Monday,CUST000158,Customer 158,Retailer,Chennai,India,customer158@company.com,9233308447,PROD000058,Product 58,PC809662,Machinery,Pumps,High-quality Product 58,145,1349.21,195635.45,2024-07-11,"Chennai, 463240",FAC06,Factory 6,Plant 6,Chennai,India,812139,LINE028,Assembly Line 28,Painting,5161,26938,2024-11-28,2024-12-20,2024-06-27,null,Completed,39,98.72,0,No,2024-06-10,2024-06-19,In Transit,4,Order ORD00000357 - Production running smoothly
ORD00000358,2024-07-07,13:09,2024,12,December,Q4,Tuesday,CUST000159,Customer 159,Corporate,Kolkata,India,customer159@company.com,9772860907,PROD000059,Product 59,PC494482,Consumer Goods,Appliances,High-quality Product 59,824,454.76,374722.24,2024-06-27,"Kolkata, 726628",FAC07,Factory 7,Plant 7,Kolkata,India,174212,LINE029,Assembly Line 29,Packaging,19406,34387,2024-09-20,2024-08-28,2024-05-28,2024-06-17,On Hold,87,80.19,1,No,2024-09-17,2024-11-09,Delivered,13,Order ORD00000358 - Quality issues detected
ORD00000359,2024-01-01,17:59,2024,1,January,Q1,Wednesday,CUST000160,Customer 160,Individual,Jaipur,India,customer160@company.com,9970696720,PROD000060,Product 60,PC423319,Industrial Equipment,Motors,High-quality Product 60,904,3683.14,3329558.56,2024-05-27,"Jaipur, 497690",FAC08,Factory 8,Plant 8,Jaipur,India,755434,LINE030,Assembly Line 30,Testing,21078,15281,2024-09-18,2024-11-26,2024-04-26,2024-04-26,Cancelled,92,84.95,35,Yes,2024-12-19,2024-02-20,Delayed,-2,Order ORD00000359 - Quality issues detected
ORD00000360,2024-08-14,13:38,2024,7,July,Q3,Thursday,CUST000161,Customer 161,OEM,Mumbai,India,customer161@company.com,9520738436,PROD000061,Product 61,PC904807,Electronics,Controllers,High-quality Product 61,100,1687.6,168760,2024-09-09,"Mumbai, 693614",FAC01,Factory 1,Plant 1,Mumbai,India,251702,LINE001,Assembly Line 1,Assembly,34306,30507,2024-11-01,2024-10-19,2024-01-22,null,Planned,13,71.36,34,Yes,2024-03-04,2024-05-02,Pending,6,Order ORD00000360 - Quality issues detected
ORD00000361,2024-04-28,17:00,2024,12,December,Q4,Friday,CUST000162,Customer 162,Distributor,Delhi,India,customer162@company.com,9318976049,PROD000062,Product 62,PC781697,Automotive,Engines,High-quality Product 62,156,733.04,114354.24,2024-10-17,"Delhi, 301340",FAC02,Factory 2,Plant 2,Delhi,India,142686,LINE002,Assembly Line 2,Welding,20490,38552,2024-01-20,2024-02-15,2024-02-05,2024-07-01,In Progress,78,90.36,7,No,2024-10-23,null,Shipped,2,Order ORD00000361 - Production running smoothly
ORD00000362,2024-10-05,09:11,2024,5,May,Q2,Saturday,CUST000163,Customer 163,Retailer,Bangalore,India,customer163@company.com,9126226713,PROD000063,Product 63,PC978127,Machinery,Pumps,High-quality Product 63,540,2651.12,1431604.8,2024-04-27,"Bangalore, 650229",FAC03,Factory 3,Plant 3,Bangalore,India,173105,LINE003,Assembly Line 3,Painting,8824,9473,2024-06-19,null,2024-03-22,2024-07-01,Completed,29,95.14,9,No,2024-10-27,2024-06-23,In Transit,20,Order ORD00000362 - Production running smoothly
ORD00000363,2024-11-28,10:08,2024,10,October,Q4,Sunday,CUST000164,Customer 164,Corporate,Pune,India,customer164@company.com,9228565858,PROD000064,Product 64,PC647019,Consumer Goods,Appliances,High-quality Product 64,213,4257.5,906847.5,2024-01-10,"Pune, 457186",FAC04,Factory 4,Plant 4,Pune,India,194888,LINE004,Assembly Line 4,Packaging,7682,34048,2024-06-12,2024-10-21,2024-01-20,null,On Hold,67,81.5,14,Yes,2024-08-23,2024-08-26,Delivered,16,Order ORD00000363 - Quality issues detected
ORD00000364,2024-12-01,14:40,2024,12,December,Q4,Monday,CUST000165,Customer 165,Individual,Hyderabad,India,customer165@company.com,9308047536,PROD000065,Product 65,PC294329,Industrial Equipment,Motors,High-quality Product 65,295,2714.12,800665.4,2024-10-24,"Hyderabad, 993272",FAC05,Factory 5,Plant 5,Hyderabad,India,690673,LINE005,Assembly Line 5,Testing,25836,32836,2024-08-20,2024-09-09,2024-11-13,2024-04-05,Cancelled,99,78.41,48,Yes,2024-05-01,2024-11-10,Delayed,9,Order ORD00000364 - Quality issues detected
ORD00000365,2024-05-23,11:50,2024,10,October,Q4,Tuesday,CUST000166,Customer 166,OEM,Chennai,India,customer166@company.com,9141099873,PROD000066,Product 66,PC165939,Electronics,Controllers,High-quality Product 66,689,2285.26,1574544.14,2024-08-14,"Chennai, 968747",FAC06,Factory 6,Plant 6,Chennai,India,164188,LINE006,Assembly Line 6,Assembly,6389,4578,2024-09-28,2024-08-14,2024-01-11,null,Planned,46,71.9,17,Yes,2024-08-22,null,Pending,17,Order ORD00000365 - Quality issues detected
ORD00000366,2024-05-24,16:47,2024,8,August,Q3,Wednesday,CUST000167,Customer 167,Distributor,Kolkata,India,customer167@company.com,9548890491,PROD000067,Product 67,PC601627,Automotive,Engines,High-quality Product 67,750,185.3,138975,2024-03-14,"Kolkata, 907099",FAC07,Factory 7,Plant 7,Kolkata,India,990277,LINE007,Assembly Line 7,Welding,1211,15408,2024-06-26,2024-10-13,2024-08-26,2024-02-03,In Progress,67,99.41,42,Yes,2024-07-26,null,Shipped,3,Order ORD00000366 - Production running smoothly
ORD00000367,2024-03-14,10:57,2024,8,August,Q3,Thursday,CUST000168,Customer 168,Retailer,Jaipur,India,customer168@company.com,9947240624,PROD000068,Product 68,PC416372,Machinery,Pumps,High-quality Product 68,567,127.09,72060.03,2024-02-04,"Jaipur, 560879",FAC08,Factory 8,Plant 8,Jaipur,India,187147,LINE008,Assembly Line 8,Painting,12068,33538,2024-10-25,null,2024-09-22,2024-07-16,Completed,39,80.25,36,Yes,2024-10-18,null,In Transit,1,Order ORD00000367 - Quality issues detected
ORD00000368,2024-07-20,14:58,2024,6,June,Q2,Friday,CUST000169,Customer 169,Corporate,Mumbai,India,customer169@company.com,9972122716,PROD000069,Product 69,PC385757,Consumer Goods,Appliances,High-quality Product 69,427,677.85,289441.95,2024-05-01,"Mumbai, 627399",FAC01,Factory 1,Plant 1,Mumbai,India,980880,LINE009,Assembly Line 9,Packaging,5742,31445,2024-03-24,2024-07-11,2024-12-28,2024-01-21,On Hold,10,85.52,29,Yes,2024-11-16,2024-07-06,Delivered,19,Order ORD00000368 - Production running smoothly
ORD00000369,2024-12-13,15:23,2024,9,September,Q3,Saturday,CUST000170,Customer 170,Individual,Delhi,India,customer170@company.com,9442452547,PROD000070,Product 70,PC445424,Industrial Equipment,Motors,High-quality Product 70,934,1041.54,972798.36,2024-01-11,"Delhi, 538019",FAC02,Factory 2,Plant 2,Delhi,India,573004,LINE010,Assembly Line 10,Testing,28388,33830,2024-12-26,2024-12-05,2024-04-26,2024-08-06,Cancelled,7,95.62,2,No,2024-10-17,2024-08-26,Delayed,6,Order ORD00000369 - Production running smoothly
ORD00000370,2024-05-01,14:03,2024,9,September,Q3,Sunday,CUST000171,Customer 171,OEM,Bangalore,India,customer171@company.com,9539033957,PROD000071,Product 71,PC584852,Electronics,Controllers,High-quality Product 71,809,2564.48,2074664.32,2024-05-13,"Bangalore, 138068",FAC03,Factory 3,Plant 3,Bangalore,India,850354,LINE011,Assembly Line 11,Assembly,10066,32069,2024-09-17,null,2024-07-02,null,Planned,77,85.62,17,Yes,2024-04-26,2024-04-09,Pending,20,Order ORD00000370 - Production running smoothly
ORD00000371,2024-12-12,09:56,2024,2,February,Q1,Monday,CUST000172,Customer 172,Distributor,Pune,India,customer172@company.com,9937430227,PROD000072,Product 72,PC447363,Automotive,Engines,High-quality Product 72,931,2614.62,2434211.22,2024-08-14,"Pune, 148152",FAC04,Factory 4,Plant 4,Pune,India,313405,LINE012,Assembly Line 12,Welding,48697,6317,2024-12-27,2024-06-10,2024-07-18,null,In Progress,67,90.64,2,No,2024-01-28,2024-02-22,Shipped,1,Order ORD00000371 - Production running smoothly
ORD00000372,2024-10-25,15:16,2024,5,May,Q2,Tuesday,CUST000173,Customer 173,Retailer,Hyderabad,India,customer173@company.com,9456906416,PROD000073,Product 73,PC802920,Machinery,Pumps,High-quality Product 73,974,737.46,718286.04,2024-12-01,"Hyderabad, 776040",FAC05,Factory 5,Plant 5,Hyderabad,India,316760,LINE013,Assembly Line 13,Painting,45697,14081,2024-08-01,2024-02-22,2024-01-18,2024-11-06,Completed,70,81.39,15,Yes,2024-06-05,2024-09-25,In Transit,19,Order ORD00000372 - Quality issues detected
ORD00000373,2024-01-02,11:59,2024,10,October,Q4,Wednesday,CUST000174,Customer 174,Corporate,Chennai,India,customer174@company.com,9388958291,PROD000074,Product 74,PC199608,Consumer Goods,Appliances,High-quality Product 74,383,1466.52,561677.16,2024-06-13,"Chennai, 971999",FAC06,Factory 6,Plant 6,Chennai,India,939176,LINE014,Assembly Line 14,Packaging,17305,13570,2024-08-19,2024-08-02,2024-01-16,null,On Hold,37,87.11,24,Yes,2024-09-27,2024-09-08,Delivered,-4,Order ORD00000373 - Production running smoothly
ORD00000374,2024-08-23,14:09,2024,8,August,Q3,Thursday,CUST000175,Customer 175,Individual,Kolkata,India,customer175@company.com,9245108656,PROD000075,Product 75,PC828565,Industrial Equipment,Motors,High-quality Product 75,592,4724.15,2796696.8,2024-06-24,"Kolkata, 542068",FAC07,Factory 7,Plant 7,Kolkata,India,367994,LINE015,Assembly Line 15,Testing,38597,36830,2024-11-27,2024-01-05,2024-08-04,null,Cancelled,34,91.52,8,No,2024-10-24,2024-02-10,Delayed,0,Order ORD00000374 - Production running smoothly
ORD00000375,2024-06-22,08:03,2024,7,July,Q3,Friday,CUST000176,Customer 176,OEM,Jaipur,India,customer176@company.com,9815356247,PROD000076,Product 76,PC716751,Electronics,Controllers,High-quality Product 76,509,1227.19,624639.71,2024-09-05,"Jaipur, 284540",FAC08,Factory 8,Plant 8,Jaipur,India,727089,LINE016,Assembly Line 16,Assembly,32495,12671,2024-06-05,2024-03-24,2024-01-23,null,Planned,45,85.48,25,Yes,2024-02-25,2024-03-12,Pending,-4,Order ORD00000375 - Production running smoothly
ORD00000376,2024-04-04,14:37,2024,7,July,Q3,Saturday,CUST000177,Customer 177,Distributor,Mumbai,India,customer177@company.com,9141172263,PROD000077,Product 77,PC624246,Automotive,Engines,High-quality Product 77,154,2165.52,333490.08,2024-04-20,"Mumbai, 109255",FAC01,Factory 1,Plant 1,Mumbai,India,778837,LINE017,Assembly Line 17,Welding,42265,21504,2024-12-08,2024-02-01,2024-04-14,2024-12-24,In Progress,69,74.04,18,Yes,2024-01-07,2024-07-11,Shipped,7,Order ORD00000376 - Quality issues detected
ORD00000377,2024-11-24,17:29,2024,10,October,Q4,Sunday,CUST000178,Customer 178,Retailer,Delhi,India,customer178@company.com,9767264887,PROD000078,Product 78,PC687732,Machinery,Pumps,High-quality Product 78,600,3675.83,2205498,2024-11-24,"Delhi, 991366",FAC02,Factory 2,Plant 2,Delhi,India,693138,LINE018,Assembly Line 18,Painting,11593,27474,2024-04-23,2024-02-22,2024-12-16,null,Completed,91,80.87,6,No,2024-02-26,2024-02-27,In Transit,11,Order ORD00000377 - Quality issues detected
ORD00000378,2024-04-13,14:59,2024,1,January,Q1,Monday,CUST000179,Customer 179,Corporate,Bangalore,India,customer179@company.com,9121090492,PROD000079,Product 79,PC955127,Consumer Goods,Appliances,High-quality Product 79,372,2282.83,849212.76,2024-03-04,"Bangalore, 578744",FAC03,Factory 3,Plant 3,Bangalore,India,424033,LINE019,Assembly Line 19,Packaging,25012,30583,2024-05-19,2024-12-15,2024-05-11,2024-11-13,On Hold,96,91.39,43,Yes,2024-11-10,2024-10-16,Delivered,16,Order ORD00000378 - Production running smoothly
ORD00000379,2024-09-01,15:34,2024,9,September,Q3,Tuesday,CUST000180,Customer 180,Individual,Pune,India,customer180@company.com,9708789602,PROD000080,Product 80,PC610082,Industrial Equipment,Motors,High-quality Product 80,732,2523.93,1847516.76,2024-10-01,"Pune, 785667",FAC04,Factory 4,Plant 4,Pune,India,632199,LINE020,Assembly Line 20,Testing,9731,22539,2024-12-18,2024-05-15,2024-06-16,2024-03-15,Cancelled,93,90.76,29,Yes,2024-09-02,null,Delayed,20,Order ORD00000379 - Production running smoothly
ORD00000380,2024-12-09,16:23,2024,3,March,Q1,Wednesday,CUST000181,Customer 181,OEM,Hyderabad,India,customer181@company.com,9577839291,PROD000081,Product 81,PC530281,Electronics,Controllers,High-quality Product 81,473,4240.01,2005524.73,2024-01-23,"Hyderabad, 405223",FAC05,Factory 5,Plant 5,Hyderabad,India,343817,LINE021,Assembly Line 21,Assembly,23730,38721,2024-12-05,2024-08-16,2024-01-14,null,Planned,96,83.4,9,No,2024-04-26,2024-01-19,Pending,11,Order ORD00000380 - Quality issues detected
ORD00000381,2024-04-03,09:33,2024,8,August,Q3,Thursday,CUST000182,Customer 182,Distributor,Chennai,India,customer182@company.com,9850355673,PROD000082,Product 82,PC855758,Automotive,Engines,High-quality Product 82,463,792.97,367145.11,2024-04-22,"Chennai, 667233",FAC06,Factory 6,Plant 6,Chennai,India,267204,LINE022,Assembly Line 22,Welding,16941,33131,2024-10-20,2024-05-16,2024-07-11,2024-11-06,In Progress,25,92.56,39,Yes,2024-03-01,2024-02-08,Shipped,16,Order ORD00000381 - Production running smoothly
ORD00000382,2024-06-17,09:39,2024,3,March,Q1,Friday,CUST000183,Customer 183,Retailer,Kolkata,India,customer183@company.com,9582654168,PROD000083,Product 83,PC256783,Machinery,Pumps,High-quality Product 83,630,1345.69,847784.7,2024-05-07,"Kolkata, 759669",FAC07,Factory 7,Plant 7,Kolkata,India,579463,LINE023,Assembly Line 23,Painting,26654,13918,2024-03-16,2024-03-16,2024-07-25,2024-09-04,Completed,66,81.69,6,No,2024-01-25,2024-02-07,In Transit,18,Order ORD00000382 - Quality issues detected
ORD00000383,2024-06-09,11:58,2024,4,April,Q2,Saturday,CUST000184,Customer 184,Corporate,Jaipur,India,customer184@company.com,9716030501,PROD000084,Product 84,PC594241,Consumer Goods,Appliances,High-quality Product 84,760,1466.4,1114464,2024-02-19,"Jaipur, 848325",FAC08,Factory 8,Plant 8,Jaipur,India,961299,LINE024,Assembly Line 24,Packaging,9290,6940,2024-11-06,2024-06-21,2024-09-25,2024-11-18,On Hold,5,94.44,35,Yes,2024-01-18,2024-04-25,Delivered,16,Order ORD00000383 - Production running smoothly
ORD00000384,2024-03-10,12:45,2024,4,April,Q2,Sunday,CUST000185,Customer 185,Individual,Mumbai,India,customer185@company.com,9960246850,PROD000085,Product 85,PC387941,Industrial Equipment,Motors,High-quality Product 85,958,3130.29,2998817.82,2024-04-21,"Mumbai, 856391",FAC01,Factory 1,Plant 1,Mumbai,India,547083,LINE025,Assembly Line 25,Testing,48057,12145,2024-03-02,null,2024-08-07,2024-10-15,Cancelled,21,98.43,2,No,2024-02-25,2024-04-10,Delayed,14,Order ORD00000384 - Production running smoothly
ORD00000385,2024-12-11,13:50,2024,9,September,Q3,Monday,CUST000186,Customer 186,OEM,Delhi,India,customer186@company.com,9853584700,PROD000086,Product 86,PC231663,Electronics,Controllers,High-quality Product 86,71,1346.99,95636.29,2024-09-06,"Delhi, 116502",FAC02,Factory 2,Plant 2,Delhi,India,736647,LINE026,Assembly Line 26,Assembly,20439,31609,2024-02-04,2024-01-11,2024-08-23,null,Planned,70,72.22,5,No,2024-12-01,2024-02-13,Pending,6,Order ORD00000385 - Quality issues detected
ORD00000386,2024-06-25,15:09,2024,1,January,Q1,Tuesday,CUST000187,Customer 187,Distributor,Bangalore,India,customer187@company.com,9218092891,PROD000087,Product 87,PC463803,Automotive,Engines,High-quality Product 87,894,3586.05,3205928.7,2024-08-21,"Bangalore, 390109",FAC03,Factory 3,Plant 3,Bangalore,India,102173,LINE027,Assembly Line 27,Welding,32573,7435,2024-09-06,2024-09-06,2024-07-13,null,In Progress,15,97.47,12,Yes,2024-06-08,2024-10-08,Shipped,14,Order ORD00000386 - Production running smoothly
ORD00000387,2024-11-26,12:54,2024,12,December,Q4,Wednesday,CUST000188,Customer 188,Retailer,Pune,India,customer188@company.com,9292833801,PROD000088,Product 88,PC284357,Machinery,Pumps,High-quality Product 88,557,3998.01,2226891.57,2024-11-26,"Pune, 670013",FAC04,Factory 4,Plant 4,Pune,India,510698,LINE028,Assembly Line 28,Painting,16660,22010,2024-12-01,2024-07-01,2024-02-19,2024-07-07,Completed,5,87.97,9,No,2024-04-12,2024-04-23,In Transit,13,Order ORD00000387 - Production running smoothly
ORD00000388,2024-08-08,09:20,2024,6,June,Q2,Thursday,CUST000189,Customer 189,Corporate,Hyderabad,India,customer189@company.com,9691186984,PROD000089,Product 89,PC494306,Consumer Goods,Appliances,High-quality Product 89,149,308.02,45894.98,2024-06-08,"Hyderabad, 454518",FAC05,Factory 5,Plant 5,Hyderabad,India,906724,LINE029,Assembly Line 29,Packaging,12441,33655,2024-01-07,2024-03-25,2024-03-13,2024-02-10,On Hold,40,90.74,10,No,2024-08-10,2024-12-05,Delivered,-3,Order ORD00000388 - Production running smoothly
ORD00000389,2024-08-02,17:51,2024,12,December,Q4,Friday,CUST000190,Customer 190,Individual,Chennai,India,customer190@company.com,9637383479,PROD000090,Product 90,PC273188,Industrial Equipment,Motors,High-quality Product 90,917,308.85,283215.45,2024-08-16,"Chennai, 196763",FAC06,Factory 6,Plant 6,Chennai,India,342715,LINE030,Assembly Line 30,Testing,34581,39283,2024-07-09,2024-10-04,2024-02-09,2024-07-05,Cancelled,27,81.07,36,Yes,2024-09-15,2024-03-23,Delayed,7,Order ORD00000389 - Quality issues detected
ORD00000390,2024-07-05,12:21,2024,10,October,Q4,Saturday,CUST000191,Customer 191,OEM,Kolkata,India,customer191@company.com,9753550727,PROD000091,Product 91,PC759418,Electronics,Controllers,High-quality Product 91,998,758.54,757022.92,2024-05-07,"Kolkata, 921578",FAC07,Factory 7,Plant 7,Kolkata,India,326750,LINE001,Assembly Line 1,Assembly,2570,21617,2024-07-12,2024-01-25,2024-06-28,2024-11-25,Planned,98,94.94,31,Yes,2024-10-06,2024-11-23,Pending,4,Order ORD00000390 - Production running smoothly
ORD00000391,2024-07-13,12:43,2024,2,February,Q1,Sunday,CUST000192,Customer 192,Distributor,Jaipur,India,customer192@company.com,9549441010,PROD000092,Product 92,PC981443,Automotive,Engines,High-quality Product 92,336,846.01,284259.36,2024-01-08,"Jaipur, 645465",FAC08,Factory 8,Plant 8,Jaipur,India,139286,LINE002,Assembly Line 2,Welding,26881,3152,2024-02-26,2024-11-06,2024-01-09,2024-04-06,In Progress,64,80.94,25,Yes,2024-11-17,2024-04-12,Shipped,7,Order ORD00000391 - Quality issues detected
ORD00000392,2024-08-05,14:48,2024,2,February,Q1,Monday,CUST000193,Customer 193,Retailer,Mumbai,India,customer193@company.com,9846033334,PROD000093,Product 93,PC162626,Machinery,Pumps,High-quality Product 93,19,4156.92,78981.48,2024-10-04,"Mumbai, 892038",FAC01,Factory 1,Plant 1,Mumbai,India,992153,LINE003,Assembly Line 3,Painting,2262,36203,2024-10-19,2024-04-14,2024-12-21,2024-07-02,Completed,28,81.6,13,Yes,2024-11-23,2024-08-04,In Transit,14,Order ORD00000392 - Quality issues detected
ORD00000393,2024-06-07,15:56,2024,2,February,Q1,Tuesday,CUST000194,Customer 194,Corporate,Delhi,India,customer194@company.com,9412003167,PROD000094,Product 94,PC819209,Consumer Goods,Appliances,High-quality Product 94,905,2218.03,2007317.15,2024-12-06,"Delhi, 261675",FAC02,Factory 2,Plant 2,Delhi,India,804831,LINE004,Assembly Line 4,Packaging,24888,12327,2024-09-02,2024-10-23,2024-05-06,2024-10-01,On Hold,85,87.52,43,Yes,2024-12-14,null,Delivered,13,Order ORD00000393 - Production running smoothly
ORD00000394,2024-04-11,08:03,2024,8,August,Q3,Wednesday,CUST000195,Customer 195,Individual,Bangalore,India,customer195@company.com,9774846296,PROD000095,Product 95,PC995307,Industrial Equipment,Motors,High-quality Product 95,314,2617.87,822011.18,2024-10-14,"Bangalore, 321035",FAC03,Factory 3,Plant 3,Bangalore,India,937347,LINE005,Assembly Line 5,Testing,45994,32523,2024-06-14,2024-07-21,2024-11-05,2024-11-20,Cancelled,18,91.46,12,Yes,2024-06-06,null,Delayed,13,Order ORD00000394 - Production running smoothly
ORD00000395,2024-10-13,08:14,2024,2,February,Q1,Thursday,CUST000196,Customer 196,OEM,Pune,India,customer196@company.com,9175912895,PROD000096,Product 96,PC650066,Electronics,Controllers,High-quality Product 96,57,3325.02,189526.14,2024-01-20,"Pune, 634596",FAC04,Factory 4,Plant 4,Pune,India,710984,LINE006,Assembly Line 6,Assembly,48580,12922,2024-07-24,2024-05-03,2024-04-10,2024-10-25,Planned,72,98.44,17,Yes,2024-07-10,2024-02-19,Pending,9,Order ORD00000395 - Production running smoothly
ORD00000396,2024-10-22,12:54,2024,1,January,Q1,Friday,CUST000197,Customer 197,Distributor,Hyderabad,India,customer197@company.com,9737455428,PROD000097,Product 97,PC582060,Automotive,Engines,High-quality Product 97,43,4508.08,193847.44,2024-04-23,"Hyderabad, 963261",FAC05,Factory 5,Plant 5,Hyderabad,India,791969,LINE007,Assembly Line 7,Welding,10094,18646,2024-05-21,null,2024-04-08,null,In Progress,93,70.69,45,Yes,2024-10-06,2024-09-26,Shipped,-3,Order ORD00000396 - Quality issues detected
ORD00000397,2024-10-23,08:05,2024,4,April,Q2,Saturday,CUST000198,Customer 198,Retailer,Chennai,India,customer198@company.com,9101376570,PROD000098,Product 98,PC907854,Machinery,Pumps,High-quality Product 98,52,3925.18,204109.36,2024-08-08,"Chennai, 316228",FAC06,Factory 6,Plant 6,Chennai,India,228356,LINE008,Assembly Line 8,Painting,34168,11867,2024-01-15,2024-02-12,2024-10-25,null,Completed,78,96.48,32,Yes,2024-05-01,2024-03-14,In Transit,7,Order ORD00000397 - Production running smoothly
ORD00000398,2024-06-02,08:23,2024,9,September,Q3,Sunday,CUST000199,Customer 199,Corporate,Kolkata,India,customer199@company.com,9808328214,PROD000099,Product 99,PC929927,Consumer Goods,Appliances,High-quality Product 99,263,1504.18,395599.34,2024-02-18,"Kolkata, 806471",FAC07,Factory 7,Plant 7,Kolkata,India,787292,LINE009,Assembly Line 9,Packaging,27079,26523,2024-08-04,2024-02-13,2024-02-10,2024-05-16,On Hold,79,76.57,14,Yes,2024-06-18,2024-07-01,Delivered,13,Order ORD00000398 - Quality issues detected
ORD00000399,2024-10-16,17:17,2024,7,July,Q3,Monday,CUST000200,Customer 200,Individual,Jaipur,India,customer200@company.com,9777418602,PROD000100,Product 100,PC386495,Industrial Equipment,Motors,High-quality Product 100,398,4883.19,1943509.62,2024-06-17,"Jaipur, 474413",FAC08,Factory 8,Plant 8,Jaipur,India,964290,LINE010,Assembly Line 10,Testing,20698,30224,2024-04-14,2024-12-08,2024-05-18,null,Cancelled,17,76.86,39,Yes,2024-12-16,2024-01-20,Delayed,-2,Order ORD00000399 - Quality issues detected
ORD00000400,2024-09-06,08:15,2024,1,January,Q1,Tuesday,CUST000001,Customer 1,OEM,Mumbai,India,customer1@company.com,9559185747,PROD000101,Product 101,PC369816,Electronics,Controllers,High-quality Product 101,945,1479.58,1398203.1,2024-08-24,"Mumbai, 328063",FAC01,Factory 1,Plant 1,Mumbai,India,627431,LINE011,Assembly Line 11,Assembly,2250,29909,2024-12-07,2024-01-03,2024-03-04,2024-12-13,Planned,91,85.95,16,Yes,2024-10-03,2024-07-04,Pending,15,Order ORD00000400 - Production running smoothly
ORD00000401,2024-07-09,08:01,2024,8,August,Q3,Wednesday,CUST000002,Customer 2,Distributor,Delhi,India,customer2@company.com,9724005620,PROD000102,Product 102,PC862544,Automotive,Engines,High-quality Product 102,490,999.82,489911.8,2024-05-19,"Delhi, 325194",FAC02,Factory 2,Plant 2,Delhi,India,535361,LINE012,Assembly Line 12,Welding,48438,34748,2024-09-25,2024-01-26,2024-04-22,2024-03-03,In Progress,36,77.94,4,No,2024-11-05,2024-06-10,Shipped,5,Order ORD00000401 - Quality issues detected
ORD00000402,2024-06-12,14:04,2024,7,July,Q3,Thursday,CUST000003,Customer 3,Retailer,Bangalore,India,customer3@company.com,9261225194,PROD000103,Product 103,PC384672,Machinery,Pumps,High-quality Product 103,757,2087.56,1580282.92,2024-12-28,"Bangalore, 813527",FAC03,Factory 3,Plant 3,Bangalore,India,845424,LINE013,Assembly Line 13,Painting,20630,37809,2024-06-17,2024-08-12,2024-08-14,null,Completed,15,91.55,31,Yes,2024-11-19,null,In Transit,17,Order ORD00000402 - Production running smoothly
ORD00000403,2024-06-20,17:03,2024,5,May,Q2,Friday,CUST000004,Customer 4,Corporate,Pune,India,customer4@company.com,9306522582,PROD000104,Product 104,PC365875,Consumer Goods,Appliances,High-quality Product 104,880,2051.21,1805064.8,2024-06-02,"Pune, 884953",FAC04,Factory 4,Plant 4,Pune,India,307093,LINE014,Assembly Line 14,Packaging,43027,25533,2024-10-09,2024-09-25,2024-09-02,2024-05-06,On Hold,25,71.46,29,Yes,2024-12-21,2024-05-05,Delivered,14,Order ORD00000403 - Quality issues detected
ORD00000404,2024-05-28,11:36,2024,3,March,Q1,Saturday,CUST000005,Customer 5,Individual,Hyderabad,India,customer5@company.com,9515599139,PROD000105,Product 105,PC599201,Industrial Equipment,Motors,High-quality Product 105,838,3354.13,2810760.94,2024-05-23,"Hyderabad, 641207",FAC05,Factory 5,Plant 5,Hyderabad,India,103011,LINE015,Assembly Line 15,Testing,40246,5575,2024-10-04,2024-06-01,2024-02-21,null,Cancelled,90,81.92,42,Yes,2024-12-20,2024-06-08,Delayed,2,Order ORD00000404 - Quality issues detected
ORD00000405,2024-12-25,14:14,2024,12,December,Q4,Sunday,CUST000006,Customer 6,OEM,Chennai,India,customer6@company.com,9932036753,PROD000106,Product 106,PC770921,Electronics,Controllers,High-quality Product 106,921,2157.83,1987361.43,2024-11-22,"Chennai, 656169",FAC06,Factory 6,Plant 6,Chennai,India,951386,LINE016,Assembly Line 16,Assembly,5386,1164,2024-05-11,2024-07-12,2024-01-15,2024-02-07,Planned,74,88.48,44,Yes,2024-09-28,null,Pending,19,Order ORD00000405 - Production running smoothly
ORD00000406,2024-02-21,08:10,2024,2,February,Q1,Monday,CUST000007,Customer 7,Distributor,Kolkata,India,customer7@company.com,9125696407,PROD000107,Product 107,PC533093,Automotive,Engines,High-quality Product 107,747,458.58,342559.26,2024-04-13,"Kolkata, 104180",FAC07,Factory 7,Plant 7,Kolkata,India,798011,LINE017,Assembly Line 17,Welding,22427,20315,2024-02-13,2024-01-01,2024-09-26,2024-07-28,In Progress,41,86.59,2,No,2024-06-12,2024-09-12,Shipped,16,Order ORD00000406 - Production running smoothly
ORD00000407,2024-01-27,14:31,2024,3,March,Q1,Tuesday,CUST000008,Customer 8,Retailer,Jaipur,India,customer8@company.com,9167087801,PROD000108,Product 108,PC698772,Machinery,Pumps,High-quality Product 108,678,3593.89,2436657.42,2024-04-19,"Jaipur, 412359",FAC08,Factory 8,Plant 8,Jaipur,India,851805,LINE018,Assembly Line 18,Painting,37222,23568,2024-12-03,2024-01-15,2024-01-28,2024-02-06,Completed,28,74.03,23,Yes,2024-08-09,2024-05-05,In Transit,11,Order ORD00000407 - Quality issues detected
ORD00000408,2024-03-11,16:54,2024,5,May,Q2,Wednesday,CUST000009,Customer 9,Corporate,Mumbai,India,customer9@company.com,9789970067,PROD000109,Product 109,PC784548,Consumer Goods,Appliances,High-quality Product 109,370,2099.04,776644.8,2024-01-19,"Mumbai, 460059",FAC01,Factory 1,Plant 1,Mumbai,India,512255,LINE019,Assembly Line 19,Packaging,43354,24381,2024-08-15,2024-05-07,2024-11-15,2024-08-04,On Hold,44,83.06,27,Yes,2024-10-28,2024-04-11,Delivered,15,Order ORD00000408 - Quality issues detected
ORD00000409,2024-12-25,10:38,2024,4,April,Q2,Thursday,CUST000010,Customer 10,Individual,Delhi,India,customer10@company.com,9170849606,PROD000110,Product 110,PC228044,Industrial Equipment,Motors,High-quality Product 110,153,1161.31,177680.43,2024-04-11,"Delhi, 243139",FAC02,Factory 2,Plant 2,Delhi,India,766961,LINE020,Assembly Line 20,Testing,11095,1237,2024-06-25,2024-11-02,2024-03-04,2024-06-27,Cancelled,79,70.52,50,Yes,2024-09-25,null,Delayed,16,Order ORD00000409 - Quality issues detected
ORD00000410,2024-05-15,13:48,2024,8,August,Q3,Friday,CUST000011,Customer 11,OEM,Bangalore,India,customer11@company.com,9598905380,PROD000111,Product 111,PC803997,Electronics,Controllers,High-quality Product 111,550,977.07,537388.5,2024-01-01,"Bangalore, 226020",FAC03,Factory 3,Plant 3,Bangalore,India,888616,LINE021,Assembly Line 21,Assembly,23659,38483,2024-09-24,2024-02-07,2024-07-02,2024-09-01,Planned,83,79.71,26,Yes,2024-05-16,2024-10-15,Pending,-4,Order ORD00000410 - Quality issues detected
ORD00000411,2024-09-22,15:23,2024,2,February,Q1,Saturday,CUST000012,Customer 12,Distributor,Pune,India,customer12@company.com,9704662561,PROD000112,Product 112,PC618763,Automotive,Engines,High-quality Product 112,120,4953.86,594463.2,2024-09-07,"Pune, 811255",FAC04,Factory 4,Plant 4,Pune,India,808646,LINE022,Assembly Line 22,Welding,38172,38015,2024-09-12,2024-06-21,2024-04-20,null,In Progress,1,93.27,24,Yes,2024-07-20,2024-07-24,Shipped,9,Order ORD00000411 - Production running smoothly
ORD00000412,2024-04-26,08:47,2024,6,June,Q2,Sunday,CUST000013,Customer 13,Retailer,Hyderabad,India,customer13@company.com,9744095844,PROD000113,Product 113,PC286001,Machinery,Pumps,High-quality Product 113,630,4221.87,2659778.1,2024-04-11,"Hyderabad, 240918",FAC05,Factory 5,Plant 5,Hyderabad,India,935007,LINE023,Assembly Line 23,Painting,37386,7063,2024-09-07,null,2024-04-22,2024-12-06,Completed,22,79.48,23,Yes,2024-06-22,2024-11-02,In Transit,0,Order ORD00000412 - Quality issues detected
ORD00000413,2024-06-09,13:56,2024,11,November,Q4,Monday,CUST000014,Customer 14,Corporate,Chennai,India,customer14@company.com,9272307016,PROD000114,Product 114,PC104078,Consumer Goods,Appliances,High-quality Product 114,755,3122.73,2357661.15,2024-05-15,"Chennai, 759093",FAC06,Factory 6,Plant 6,Chennai,India,996833,LINE024,Assembly Line 24,Packaging,21333,15747,2024-11-05,2024-11-23,2024-07-02,null,On Hold,90,86.77,6,No,2024-02-17,2024-03-01,Delivered,14,Order ORD00000413 - Production running smoothly
ORD00000414,2024-08-02,13:43,2024,9,September,Q3,Tuesday,CUST000015,Customer 15,Individual,Kolkata,India,customer15@company.com,9997269953,PROD000115,Product 115,PC516390,Industrial Equipment,Motors,High-quality Product 115,420,836.01,351124.2,2024-11-07,"Kolkata, 519355",FAC07,Factory 7,Plant 7,Kolkata,India,647295,LINE025,Assembly Line 25,Testing,38183,32060,2024-04-22,2024-02-19,2024-05-10,2024-04-22,Cancelled,64,90.89,3,No,2024-01-25,2024-04-04,Delayed,14,Order ORD00000414 - Production running smoothly
ORD00000415,2024-07-13,10:56,2024,3,March,Q1,Wednesday,CUST000016,Customer 16,OEM,Jaipur,India,customer16@company.com,9535285737,PROD000116,Product 116,PC347697,Electronics,Controllers,High-quality Product 116,779,2720.76,2119472.04,2024-07-19,"Jaipur, 682215",FAC08,Factory 8,Plant 8,Jaipur,India,773637,LINE026,Assembly Line 26,Assembly,26216,7474,2024-01-16,2024-08-01,2024-10-18,null,Planned,0,96.37,0,No,2024-05-11,2024-11-01,Pending,15,Order ORD00000415 - Production running smoothly
ORD00000416,2024-03-25,16:27,2024,8,August,Q3,Thursday,CUST000017,Customer 17,Distributor,Mumbai,India,customer17@company.com,9177520592,PROD000117,Product 117,PC741269,Automotive,Engines,High-quality Product 117,253,4718.25,1193717.25,2024-05-27,"Mumbai, 535661",FAC01,Factory 1,Plant 1,Mumbai,India,149573,LINE027,Assembly Line 27,Welding,22084,33442,2024-10-26,2024-12-11,2024-03-27,2024-02-20,In Progress,21,90.64,41,Yes,2024-11-12,2024-12-12,Shipped,10,Order ORD00000416 - Production running smoothly
ORD00000417,2024-07-20,17:19,2024,8,August,Q3,Friday,CUST000018,Customer 18,Retailer,Delhi,India,customer18@company.com,9481414108,PROD000118,Product 118,PC443524,Machinery,Pumps,High-quality Product 118,29,1589.96,46108.84,2024-11-10,"Delhi, 534448",FAC02,Factory 2,Plant 2,Delhi,India,623441,LINE028,Assembly Line 28,Painting,22667,28318,2024-03-02,2024-11-07,2024-07-02,2024-04-02,Completed,96,91.38,7,No,2024-05-06,2024-11-14,In Transit,0,Order ORD00000417 - Production running smoothly
ORD00000418,2024-10-11,15:32,2024,5,May,Q2,Saturday,CUST000019,Customer 19,Corporate,Bangalore,India,customer19@company.com,9333061157,PROD000119,Product 119,PC451943,Consumer Goods,Appliances,High-quality Product 119,216,3977.16,859066.56,2024-05-06,"Bangalore, 590157",FAC03,Factory 3,Plant 3,Bangalore,India,434778,LINE029,Assembly Line 29,Packaging,46591,36687,2024-11-01,2024-02-13,2024-04-20,2024-05-07,On Hold,65,77.77,43,Yes,2024-12-03,2024-03-09,Delivered,9,Order ORD00000418 - Quality issues detected
ORD00000419,2024-07-06,15:58,2024,10,October,Q4,Sunday,CUST000020,Customer 20,Individual,Pune,India,customer20@company.com,9529169470,PROD000120,Product 120,PC953699,Industrial Equipment,Motors,High-quality Product 120,347,4294.29,1490118.63,2024-01-07,"Pune, 809112",FAC04,Factory 4,Plant 4,Pune,India,133984,LINE030,Assembly Line 30,Testing,29331,7073,2024-03-11,2024-11-08,2024-11-26,null,Cancelled,12,97.51,4,No,2024-11-09,2024-04-17,Delayed,14,Order ORD00000419 - Production running smoothly
ORD00000420,2024-12-27,12:44,2024,6,June,Q2,Monday,CUST000021,Customer 21,OEM,Hyderabad,India,customer21@company.com,9838387033,PROD000121,Product 121,PC668819,Electronics,Controllers,High-quality Product 121,852,2507.25,2136177,2024-08-25,"Hyderabad, 845618",FAC05,Factory 5,Plant 5,Hyderabad,India,974417,LINE001,Assembly Line 1,Assembly,42351,4261,2024-10-16,2024-05-16,2024-02-24,2024-08-25,Planned,20,96.08,15,Yes,2024-05-20,2024-11-15,Pending,-2,Order ORD00000420 - Production running smoothly
ORD00000421,2024-10-27,12:03,2024,2,February,Q1,Tuesday,CUST000022,Customer 22,Distributor,Chennai,India,customer22@company.com,9526094823,PROD000122,Product 122,PC841623,Automotive,Engines,High-quality Product 122,559,262.54,146759.86,2024-01-09,"Chennai, 863983",FAC06,Factory 6,Plant 6,Chennai,India,619566,LINE002,Assembly Line 2,Welding,35558,21591,2024-01-27,2024-04-21,2024-03-05,null,In Progress,4,96.94,0,No,2024-03-19,null,Shipped,-4,Order ORD00000421 - Production running smoothly
ORD00000422,2024-04-24,15:29,2024,5,May,Q2,Wednesday,CUST000023,Customer 23,Retailer,Kolkata,India,customer23@company.com,9873626261,PROD000123,Product 123,PC293465,Machinery,Pumps,High-quality Product 123,403,612.96,247022.88,2024-02-21,"Kolkata, 567482",FAC07,Factory 7,Plant 7,Kolkata,India,454420,LINE003,Assembly Line 3,Painting,34073,6447,2024-09-09,2024-10-11,2024-04-01,2024-03-15,Completed,74,72.34,20,Yes,2024-01-28,null,In Transit,16,Order ORD00000422 - Quality issues detected
ORD00000423,2024-05-01,16:16,2024,4,April,Q2,Thursday,CUST000024,Customer 24,Corporate,Jaipur,India,customer24@company.com,9260654156,PROD000124,Product 124,PC392060,Consumer Goods,Appliances,High-quality Product 124,298,4825.08,1437873.84,2024-09-05,"Jaipur, 937865",FAC08,Factory 8,Plant 8,Jaipur,India,367689,LINE004,Assembly Line 4,Packaging,5006,34148,2024-02-18,null,2024-05-27,null,On Hold,1,73.1,34,Yes,2024-03-01,2024-06-17,Delivered,8,Order ORD00000423 - Quality issues detected
ORD00000424,2024-11-25,14:28,2024,1,January,Q1,Friday,CUST000025,Customer 25,Individual,Mumbai,India,customer25@company.com,9366066735,PROD000125,Product 125,PC369535,Industrial Equipment,Motors,High-quality Product 125,186,1544.17,287215.62,2024-10-24,"Mumbai, 898242",FAC01,Factory 1,Plant 1,Mumbai,India,853049,LINE005,Assembly Line 5,Testing,37573,22034,2024-12-27,2024-02-27,2024-04-13,2024-02-28,Cancelled,3,76.92,9,No,2024-02-24,2024-12-14,Delayed,-3,Order ORD00000424 - Quality issues detected
ORD00000425,2024-10-12,16:55,2024,9,September,Q3,Saturday,CUST000026,Customer 26,OEM,Delhi,India,customer26@company.com,9505904912,PROD000126,Product 126,PC115417,Electronics,Controllers,High-quality Product 126,408,2712.98,1106895.84,2024-01-15,"Delhi, 193269",FAC02,Factory 2,Plant 2,Delhi,India,756719,LINE006,Assembly Line 6,Assembly,3973,21299,2024-01-22,2024-09-15,2024-02-23,2024-07-07,Planned,30,86.11,37,Yes,2024-11-27,2024-03-07,Pending,19,Order ORD00000425 - Production running smoothly
ORD00000426,2024-12-09,10:38,2024,10,October,Q4,Sunday,CUST000027,Customer 27,Distributor,Bangalore,India,customer27@company.com,9494085078,PROD000127,Product 127,PC804146,Automotive,Engines,High-quality Product 127,122,2596.42,316763.24,2024-10-05,"Bangalore, 612544",FAC03,Factory 3,Plant 3,Bangalore,India,595580,LINE007,Assembly Line 7,Welding,43212,29696,2024-08-02,2024-08-03,2024-07-20,2024-08-24,In Progress,49,87.17,8,No,2024-02-25,null,Shipped,-1,Order ORD00000426 - Production running smoothly
ORD00000427,2024-08-27,09:06,2024,4,April,Q2,Monday,CUST000028,Customer 28,Retailer,Pune,India,customer28@company.com,9760985698,PROD000128,Product 128,PC535939,Machinery,Pumps,High-quality Product 128,617,875.41,540127.97,2024-09-17,"Pune, 376775",FAC04,Factory 4,Plant 4,Pune,India,264089,LINE008,Assembly Line 8,Painting,47722,18941,2024-04-19,null,2024-01-12,2024-01-21,Completed,71,86.77,43,Yes,2024-01-15,2024-03-08,In Transit,3,Order ORD00000427 - Production running smoothly
ORD00000428,2024-09-17,10:41,2024,4,April,Q2,Tuesday,CUST000029,Customer 29,Corporate,Hyderabad,India,customer29@company.com,9292259222,PROD000129,Product 129,PC442573,Consumer Goods,Appliances,High-quality Product 129,892,658.55,587426.6,2024-06-05,"Hyderabad, 316080",FAC05,Factory 5,Plant 5,Hyderabad,India,618695,LINE009,Assembly Line 9,Packaging,12621,2485,2024-09-15,null,2024-10-20,2024-08-10,On Hold,6,95.89,7,No,2024-06-01,2024-04-14,Delivered,4,Order ORD00000428 - Production running smoothly
ORD00000429,2024-06-06,16:52,2024,11,November,Q4,Wednesday,CUST000030,Customer 30,Individual,Chennai,India,customer30@company.com,9588363860,PROD000130,Product 130,PC869057,Industrial Equipment,Motors,High-quality Product 130,762,4030.45,3071202.9,2024-08-03,"Chennai, 634918",FAC06,Factory 6,Plant 6,Chennai,India,544662,LINE010,Assembly Line 10,Testing,40631,19371,2024-03-07,2024-11-22,2024-04-13,2024-06-07,Cancelled,75,78.33,43,Yes,2024-02-01,2024-07-15,Delayed,4,Order ORD00000429 - Quality issues detected
ORD00000430,2024-05-15,14:47,2024,9,September,Q3,Thursday,CUST000031,Customer 31,OEM,Kolkata,India,customer31@company.com,9580533881,PROD000131,Product 131,PC467092,Electronics,Controllers,High-quality Product 131,190,2267.1,430749,2024-01-07,"Kolkata, 200143",FAC07,Factory 7,Plant 7,Kolkata,India,687335,LINE011,Assembly Line 11,Assembly,14662,13541,2024-03-17,2024-01-03,2024-11-23,2024-08-14,Planned,9,94.34,21,Yes,2024-02-22,2024-03-19,Pending,19,Order ORD00000430 - Production running smoothly
ORD00000431,2024-04-01,13:13,2024,6,June,Q2,Friday,CUST000032,Customer 32,Distributor,Jaipur,India,customer32@company.com,9428754511,PROD000132,Product 132,PC184887,Automotive,Engines,High-quality Product 132,801,2326.81,1863774.81,2024-09-25,"Jaipur, 923813",FAC08,Factory 8,Plant 8,Jaipur,India,817899,LINE012,Assembly Line 12,Welding,21494,11705,2024-11-14,2024-07-04,2024-01-05,2024-02-09,In Progress,92,82.27,18,Yes,2024-02-20,2024-02-18,Shipped,7,Order ORD00000431 - Quality issues detected
ORD00000432,2024-09-10,17:33,2024,10,October,Q4,Saturday,CUST000033,Customer 33,Retailer,Mumbai,India,customer33@company.com,9432462336,PROD000133,Product 133,PC859568,Machinery,Pumps,High-quality Product 133,876,1262.69,1106116.44,2024-08-03,"Mumbai, 225457",FAC01,Factory 1,Plant 1,Mumbai,India,315434,LINE013,Assembly Line 13,Painting,14341,15721,2024-04-07,2024-01-04,2024-07-27,2024-08-01,Completed,1,98.35,27,Yes,2024-12-10,2024-03-25,In Transit,20,Order ORD00000432 - Production running smoothly
ORD00000433,2024-01-10,13:29,2024,5,May,Q2,Sunday,CUST000034,Customer 34,Corporate,Delhi,India,customer34@company.com,9272298542,PROD000134,Product 134,PC111403,Consumer Goods,Appliances,High-quality Product 134,827,1921.51,1589088.77,2024-03-21,"Delhi, 349134",FAC02,Factory 2,Plant 2,Delhi,India,719916,LINE014,Assembly Line 14,Packaging,1079,1334,2024-10-28,2024-11-03,2024-04-02,2024-12-18,On Hold,8,79.01,18,Yes,2024-09-15,2024-02-08,Delivered,-1,Order ORD00000433 - Quality issues detected
ORD00000434,2024-04-21,09:50,2024,9,September,Q3,Monday,CUST000035,Customer 35,Individual,Bangalore,India,customer35@company.com,9659998871,PROD000135,Product 135,PC259131,Industrial Equipment,Motors,High-quality Product 135,304,3830.69,1164529.76,2024-04-06,"Bangalore, 905515",FAC03,Factory 3,Plant 3,Bangalore,India,717008,LINE015,Assembly Line 15,Testing,11811,21787,2024-06-16,2024-01-14,2024-06-09,2024-08-13,Cancelled,9,77.96,11,Yes,2024-03-20,null,Delayed,4,Order ORD00000434 - Quality issues detected
ORD00000435,2024-10-27,17:43,2024,9,September,Q3,Tuesday,CUST000036,Customer 36,OEM,Pune,India,customer36@company.com,9428894585,PROD000136,Product 136,PC853898,Electronics,Controllers,High-quality Product 136,42,2510.65,105447.3,2024-12-20,"Pune, 736224",FAC04,Factory 4,Plant 4,Pune,India,593684,LINE016,Assembly Line 16,Assembly,35508,12375,2024-12-06,2024-11-18,2024-10-11,null,Planned,80,74.19,26,Yes,2024-09-22,2024-09-03,Pending,16,Order ORD00000435 - Quality issues detected
ORD00000436,2024-08-27,15:39,2024,11,November,Q4,Wednesday,CUST000037,Customer 37,Distributor,Hyderabad,India,customer37@company.com,9880319599,PROD000137,Product 137,PC292510,Automotive,Engines,High-quality Product 137,823,3212.28,2643706.44,2024-11-11,"Hyderabad, 296238",FAC05,Factory 5,Plant 5,Hyderabad,India,439497,LINE017,Assembly Line 17,Welding,2282,26330,2024-03-23,2024-04-17,2024-03-01,null,In Progress,86,89.48,44,Yes,2024-01-27,2024-05-08,Shipped,15,Order ORD00000436 - Production running smoothly
ORD00000437,2024-07-05,11:16,2024,10,October,Q4,Thursday,CUST000038,Customer 38,Retailer,Chennai,India,customer38@company.com,9716690022,PROD000138,Product 138,PC860653,Machinery,Pumps,High-quality Product 138,296,4933.59,1460342.64,2024-11-24,"Chennai, 773322",FAC06,Factory 6,Plant 6,Chennai,India,549633,LINE018,Assembly Line 18,Painting,27604,4178,2024-03-19,2024-07-01,2024-10-04,2024-09-18,Completed,11,82.6,33,Yes,2024-05-25,2024-05-05,In Transit,-4,Order ORD00000437 - Quality issues detected
ORD00000438,2024-01-16,12:58,2024,12,December,Q4,Friday,CUST000039,Customer 39,Corporate,Kolkata,India,customer39@company.com,9411409925,PROD000139,Product 139,PC647614,Consumer Goods,Appliances,High-quality Product 139,557,273.07,152099.99,2024-12-01,"Kolkata, 547844",FAC07,Factory 7,Plant 7,Kolkata,India,442057,LINE019,Assembly Line 19,Packaging,35821,553,2024-03-26,2024-09-02,2024-06-03,2024-02-28,On Hold,99,90.2,20,Yes,2024-11-02,2024-05-21,Delivered,17,Order ORD00000438 - Production running smoothly
ORD00000439,2024-12-15,14:28,2024,10,October,Q4,Saturday,CUST000040,Customer 40,Individual,Jaipur,India,customer40@company.com,9726219151,PROD000140,Product 140,PC702448,Industrial Equipment,Motors,High-quality Product 140,501,4314.61,2161619.61,2024-04-06,"Jaipur, 604958",FAC08,Factory 8,Plant 8,Jaipur,India,684681,LINE020,Assembly Line 20,Testing,40944,26088,2024-11-23,2024-03-03,2024-02-13,null,Cancelled,83,71.93,17,Yes,2024-12-16,2024-08-14,Delayed,-5,Order ORD00000439 - Quality issues detected
ORD00000440,2024-12-19,09:40,2024,6,June,Q2,Sunday,CUST000041,Customer 41,OEM,Mumbai,India,customer41@company.com,9759321635,PROD000141,Product 141,PC454204,Electronics,Controllers,High-quality Product 141,411,3864.73,1588404.03,2024-12-17,"Mumbai, 256038",FAC01,Factory 1,Plant 1,Mumbai,India,446158,LINE021,Assembly Line 21,Assembly,1970,34971,2024-09-19,2024-09-07,2024-09-01,2024-07-19,Planned,61,91.86,39,Yes,2024-05-22,2024-02-25,Pending,10,Order ORD00000440 - Production running smoothly
ORD00000441,2024-10-14,15:17,2024,4,April,Q2,Monday,CUST000042,Customer 42,Distributor,Delhi,India,customer42@company.com,9279540554,PROD000142,Product 142,PC736760,Automotive,Engines,High-quality Product 142,847,3300.02,2795116.94,2024-03-01,"Delhi, 837571",FAC02,Factory 2,Plant 2,Delhi,India,576785,LINE022,Assembly Line 22,Welding,48745,32272,2024-05-16,2024-01-25,2024-09-16,2024-08-04,In Progress,42,91.3,8,No,2024-02-16,null,Shipped,10,Order ORD00000441 - Production running smoothly
ORD00000442,2024-08-06,11:17,2024,10,October,Q4,Tuesday,CUST000043,Customer 43,Retailer,Bangalore,India,customer43@company.com,9145830899,PROD000143,Product 143,PC510927,Machinery,Pumps,High-quality Product 143,709,1488.44,1055303.96,2024-01-12,"Bangalore, 244491",FAC03,Factory 3,Plant 3,Bangalore,India,356060,LINE023,Assembly Line 23,Painting,30388,18378,2024-05-09,2024-12-24,2024-07-17,2024-12-04,Completed,74,83.26,44,Yes,2024-05-16,2024-12-15,In Transit,-2,Order ORD00000442 - Quality issues detected
ORD00000443,2024-11-22,15:18,2024,8,August,Q3,Wednesday,CUST000044,Customer 44,Corporate,Pune,India,customer44@company.com,9701639005,PROD000144,Product 144,PC278562,Consumer Goods,Appliances,High-quality Product 144,445,186.89,83166.05,2024-04-27,"Pune, 606934",FAC04,Factory 4,Plant 4,Pune,India,901913,LINE024,Assembly Line 24,Packaging,47762,4284,2024-09-22,2024-08-15,2024-01-27,null,On Hold,12,89.4,43,Yes,2024-12-28,2024-03-06,Delivered,6,Order ORD00000443 - Production running smoothly
ORD00000444,2024-01-07,15:20,2024,10,October,Q4,Thursday,CUST000045,Customer 45,Individual,Hyderabad,India,customer45@company.com,9340755512,PROD000145,Product 145,PC211827,Industrial Equipment,Motors,High-quality Product 145,90,2867.27,258054.3,2024-05-25,"Hyderabad, 309243",FAC05,Factory 5,Plant 5,Hyderabad,India,837779,LINE025,Assembly Line 25,Testing,4219,7736,2024-05-06,null,2024-03-22,2024-06-25,Cancelled,26,96.64,9,No,2024-08-16,2024-02-11,Delayed,16,Order ORD00000444 - Production running smoothly
ORD00000445,2024-04-20,14:11,2024,8,August,Q3,Friday,CUST000046,Customer 46,OEM,Chennai,India,customer46@company.com,9971361635,PROD000146,Product 146,PC414582,Electronics,Controllers,High-quality Product 146,356,3795.7,1351269.2,2024-10-06,"Chennai, 457144",FAC06,Factory 6,Plant 6,Chennai,India,836879,LINE026,Assembly Line 26,Assembly,22872,36631,2024-01-07,2024-09-15,2024-06-19,2024-07-23,Planned,3,90.8,40,Yes,2024-02-04,2024-05-16,Pending,1,Order ORD00000445 - Production running smoothly
ORD00000446,2024-03-06,08:02,2024,2,February,Q1,Saturday,CUST000047,Customer 47,Distributor,Kolkata,India,customer47@company.com,9767926811,PROD000147,Product 147,PC717480,Automotive,Engines,High-quality Product 147,257,939.85,241541.45,2024-07-06,"Kolkata, 250707",FAC07,Factory 7,Plant 7,Kolkata,India,671379,LINE027,Assembly Line 27,Welding,5627,26903,2024-05-13,2024-10-18,2024-03-11,2024-06-24,In Progress,53,77.87,45,Yes,2024-06-05,2024-08-21,Shipped,4,Order ORD00000446 - Quality issues detected
ORD00000447,2024-12-13,15:37,2024,6,June,Q2,Sunday,CUST000048,Customer 48,Retailer,Jaipur,India,customer48@company.com,9641406480,PROD000148,Product 148,PC598558,Machinery,Pumps,High-quality Product 148,425,3930.51,1670466.75,2024-01-12,"Jaipur, 413001",FAC08,Factory 8,Plant 8,Jaipur,India,229305,LINE028,Assembly Line 28,Painting,42644,13104,2024-05-09,2024-05-19,2024-02-22,null,Completed,78,94.55,22,Yes,2024-06-07,2024-02-19,In Transit,17,Order ORD00000447 - Production running smoothly
ORD00000448,2024-10-26,13:11,2024,10,October,Q4,Monday,CUST000049,Customer 49,Corporate,Mumbai,India,customer49@company.com,9288275805,PROD000149,Product 149,PC371549,Consumer Goods,Appliances,High-quality Product 149,162,4255.56,689400.72,2024-11-08,"Mumbai, 401053",FAC01,Factory 1,Plant 1,Mumbai,India,768795,LINE029,Assembly Line 29,Packaging,48916,16470,2024-11-26,null,2024-12-15,null,On Hold,64,85.63,49,Yes,2024-07-05,2024-05-02,Delivered,12,Order ORD00000448 - Production running smoothly
ORD00000449,2024-01-02,16:53,2024,8,August,Q3,Tuesday,CUST000050,Customer 50,Individual,Delhi,India,customer50@company.com,9609145021,PROD000150,Product 150,PC400903,Industrial Equipment,Motors,High-quality Product 150,799,4866.93,3888677.07,2024-10-13,"Delhi, 613452",FAC02,Factory 2,Plant 2,Delhi,India,588497,LINE030,Assembly Line 30,Testing,12939,32212,2024-05-09,2024-06-27,2024-06-17,null,Cancelled,90,82.77,41,Yes,2024-05-17,2024-03-12,Delayed,1,Order ORD00000449 - Quality issues detected
ORD00000450,2024-12-03,17:46,2024,12,December,Q4,Wednesday,CUST000051,Customer 51,OEM,Bangalore,India,customer51@company.com,9807812055,PROD000001,Product 1,PC416154,Electronics,Controllers,High-quality Product 1,138,2825.81,389961.78,2024-01-08,"Bangalore, 918913",FAC03,Factory 3,Plant 3,Bangalore,India,301616,LINE001,Assembly Line 1,Assembly,4070,10108,2024-07-19,2024-01-09,2024-12-07,2024-12-16,Planned,51,95.26,0,No,2024-04-11,2024-03-16,Pending,-2,Order ORD00000450 - Production running smoothly
ORD00000451,2024-01-23,10:16,2024,5,May,Q2,Thursday,CUST000052,Customer 52,Distributor,Pune,India,customer52@company.com,9546984325,PROD000002,Product 2,PC251926,Automotive,Engines,High-quality Product 2,30,431.25,12937.5,2024-02-15,"Pune, 128756",FAC04,Factory 4,Plant 4,Pune,India,615559,LINE002,Assembly Line 2,Welding,40929,22436,2024-06-25,2024-03-20,2024-06-09,2024-11-01,In Progress,88,86.78,35,Yes,2024-08-03,2024-07-19,Shipped,15,Order ORD00000451 - Production running smoothly
ORD00000452,2024-06-11,13:49,2024,6,June,Q2,Friday,CUST000053,Customer 53,Retailer,Hyderabad,India,customer53@company.com,9190488990,PROD000003,Product 3,PC222358,Machinery,Pumps,High-quality Product 3,781,855.66,668270.46,2024-08-09,"Hyderabad, 671001",FAC05,Factory 5,Plant 5,Hyderabad,India,225880,LINE003,Assembly Line 3,Painting,26342,28487,2024-03-06,2024-01-01,2024-07-20,2024-04-28,Completed,2,93.86,18,Yes,2024-02-22,null,In Transit,-2,Order ORD00000452 - Production running smoothly
ORD00000453,2024-09-02,12:19,2024,7,July,Q3,Saturday,CUST000054,Customer 54,Corporate,Chennai,India,customer54@company.com,9567452993,PROD000004,Product 4,PC120013,Consumer Goods,Appliances,High-quality Product 4,57,4012.12,228690.84,2024-04-22,"Chennai, 893245",FAC06,Factory 6,Plant 6,Chennai,India,101757,LINE004,Assembly Line 4,Packaging,7425,1844,2024-05-13,null,2024-10-14,null,On Hold,37,89.92,20,Yes,2024-10-21,2024-09-15,Delivered,7,Order ORD00000453 - Production running smoothly
ORD00000454,2024-02-12,14:26,2024,1,January,Q1,Sunday,CUST000055,Customer 55,Individual,Kolkata,India,customer55@company.com,9837094409,PROD000005,Product 5,PC992426,Industrial Equipment,Motors,High-quality Product 5,253,4173.16,1055809.48,2024-09-03,"Kolkata, 919351",FAC07,Factory 7,Plant 7,Kolkata,India,977863,LINE005,Assembly Line 5,Testing,16916,18243,2024-01-07,2024-01-07,2024-05-03,2024-07-25,Cancelled,37,88.91,40,Yes,2024-10-27,2024-06-06,Delayed,11,Order ORD00000454 - Production running smoothly
ORD00000455,2024-05-06,11:44,2024,7,July,Q3,Monday,CUST000056,Customer 56,OEM,Jaipur,India,customer56@company.com,9594933275,PROD000006,Product 6,PC751443,Electronics,Controllers,High-quality Product 6,502,1536.41,771277.82,2024-11-07,"Jaipur, 930251",FAC08,Factory 8,Plant 8,Jaipur,India,859233,LINE006,Assembly Line 6,Assembly,24649,32543,2024-09-06,2024-10-16,2024-05-08,null,Planned,24,99.78,24,Yes,2024-11-17,2024-05-04,Pending,6,Order ORD00000455 - Production running smoothly
ORD00000456,2024-05-25,09:11,2024,7,July,Q3,Tuesday,CUST000057,Customer 57,Distributor,Mumbai,India,customer57@company.com,9814541565,PROD000007,Product 7,PC186174,Automotive,Engines,High-quality Product 7,791,4711.69,3726946.79,2024-02-28,"Mumbai, 528966",FAC01,Factory 1,Plant 1,Mumbai,India,414608,LINE007,Assembly Line 7,Welding,6324,35937,2024-12-20,null,2024-08-17,2024-07-05,In Progress,33,95.23,36,Yes,2024-01-26,null,Shipped,4,Order ORD00000456 - Production running smoothly
ORD00000457,2024-01-20,08:23,2024,10,October,Q4,Wednesday,CUST000058,Customer 58,Retailer,Delhi,India,customer58@company.com,9380140582,PROD000008,Product 8,PC915281,Machinery,Pumps,High-quality Product 8,932,1401.14,1305862.48,2024-08-26,"Delhi, 836431",FAC02,Factory 2,Plant 2,Delhi,India,477812,LINE008,Assembly Line 8,Painting,10104,35488,2024-05-19,2024-08-25,2024-06-13,2024-11-18,Completed,95,87.82,43,Yes,2024-12-09,2024-04-27,In Transit,-2,Order ORD00000457 - Production running smoothly
ORD00000458,2024-02-15,17:34,2024,8,August,Q3,Thursday,CUST000059,Customer 59,Corporate,Bangalore,India,customer59@company.com,9547408494,PROD000009,Product 9,PC744236,Consumer Goods,Appliances,High-quality Product 9,418,4361.8,1823232.4,2024-04-27,"Bangalore, 330566",FAC03,Factory 3,Plant 3,Bangalore,India,919826,LINE009,Assembly Line 9,Packaging,36644,18286,2024-02-14,2024-04-21,2024-10-16,2024-09-27,On Hold,96,84.12,9,No,2024-01-19,2024-06-23,Delivered,12,Order ORD00000458 - Quality issues detected
ORD00000459,2024-02-02,09:20,2024,5,May,Q2,Friday,CUST000060,Customer 60,Individual,Pune,India,customer60@company.com,9462650496,PROD000010,Product 10,PC708305,Industrial Equipment,Motors,High-quality Product 10,114,1227.23,139904.22,2024-06-07,"Pune, 710224",FAC04,Factory 4,Plant 4,Pune,India,278253,LINE010,Assembly Line 10,Testing,23935,13843,2024-06-02,2024-05-20,2024-11-06,2024-03-19,Cancelled,25,72.69,43,Yes,2024-10-27,null,Delayed,-4,Order ORD00000459 - Quality issues detected
ORD00000460,2024-10-09,12:58,2024,2,February,Q1,Saturday,CUST000061,Customer 61,OEM,Hyderabad,India,customer61@company.com,9809645974,PROD000011,Product 11,PC748866,Electronics,Controllers,High-quality Product 11,73,1541.31,112515.63,2024-03-28,"Hyderabad, 179170",FAC05,Factory 5,Plant 5,Hyderabad,India,385190,LINE011,Assembly Line 11,Assembly,35811,13220,2024-10-01,2024-05-28,2024-06-06,2024-11-09,Planned,1,96.25,36,Yes,2024-03-04,2024-02-17,Pending,2,Order ORD00000460 - Production running smoothly
ORD00000461,2024-08-20,09:20,2024,11,November,Q4,Sunday,CUST000062,Customer 62,Distributor,Chennai,India,customer62@company.com,9909381892,PROD000012,Product 12,PC665851,Automotive,Engines,High-quality Product 12,72,1191.77,85807.44,2024-06-01,"Chennai, 796640",FAC06,Factory 6,Plant 6,Chennai,India,361864,LINE012,Assembly Line 12,Welding,44127,34247,2024-02-21,2024-08-12,2024-02-22,2024-12-01,In Progress,18,76.28,46,Yes,2024-06-10,2024-08-28,Shipped,-3,Order ORD00000461 - Quality issues detected
ORD00000462,2024-06-20,14:52,2024,3,March,Q1,Monday,CUST000063,Customer 63,Retailer,Kolkata,India,customer63@company.com,9313685810,PROD000013,Product 13,PC860835,Machinery,Pumps,High-quality Product 13,907,648.85,588506.95,2024-02-05,"Kolkata, 329803",FAC07,Factory 7,Plant 7,Kolkata,India,752494,LINE013,Assembly Line 13,Painting,44226,35535,2024-06-27,null,2024-08-10,2024-02-14,Completed,13,96.24,25,Yes,2024-12-16,2024-03-09,In Transit,14,Order ORD00000462 - Production running smoothly
ORD00000463,2024-06-15,13:30,2024,12,December,Q4,Tuesday,CUST000064,Customer 64,Corporate,Jaipur,India,customer64@company.com,9496911742,PROD000014,Product 14,PC790846,Consumer Goods,Appliances,High-quality Product 14,754,1557.95,1174694.3,2024-04-17,"Jaipur, 918772",FAC08,Factory 8,Plant 8,Jaipur,India,181240,LINE014,Assembly Line 14,Packaging,19185,9849,2024-11-01,2024-02-13,2024-06-23,2024-03-10,On Hold,32,79.35,28,Yes,2024-03-03,2024-10-15,Delivered,17,Order ORD00000463 - Quality issues detected
ORD00000464,2024-04-06,17:50,2024,6,June,Q2,Wednesday,CUST000065,Customer 65,Individual,Mumbai,India,customer65@company.com,9966423320,PROD000015,Product 15,PC825341,Industrial Equipment,Motors,High-quality Product 15,361,2932.74,1058719.14,2024-06-13,"Mumbai, 843006",FAC01,Factory 1,Plant 1,Mumbai,India,565966,LINE015,Assembly Line 15,Testing,48099,5045,2024-08-17,2024-05-25,2024-05-08,null,Cancelled,45,92.21,48,Yes,2024-11-10,2024-10-21,Delayed,18,Order ORD00000464 - Production running smoothly
ORD00000465,2024-04-16,13:41,2024,12,December,Q4,Thursday,CUST000066,Customer 66,OEM,Delhi,India,customer66@company.com,9200118525,PROD000016,Product 16,PC489095,Electronics,Controllers,High-quality Product 16,395,1134,447930,2024-11-18,"Delhi, 259572",FAC02,Factory 2,Plant 2,Delhi,India,604323,LINE016,Assembly Line 16,Assembly,25354,15357,2024-07-27,2024-05-06,2024-05-15,2024-04-04,Planned,38,84.93,39,Yes,2024-12-17,null,Pending,5,Order ORD00000465 - Quality issues detected
ORD00000466,2024-04-19,16:33,2024,3,March,Q1,Friday,CUST000067,Customer 67,Distributor,Bangalore,India,customer67@company.com,9266224793,PROD000017,Product 17,PC968129,Automotive,Engines,High-quality Product 17,694,4365.93,3029955.42,2024-07-21,"Bangalore, 906546",FAC03,Factory 3,Plant 3,Bangalore,India,264878,LINE017,Assembly Line 17,Welding,18900,3319,2024-01-05,2024-04-14,2024-07-23,2024-09-17,In Progress,48,74.63,50,Yes,2024-02-15,2024-09-09,Shipped,-3,Order ORD00000466 - Quality issues detected
ORD00000467,2024-05-10,14:01,2024,5,May,Q2,Saturday,CUST000068,Customer 68,Retailer,Pune,India,customer68@company.com,9502654011,PROD000018,Product 18,PC162745,Machinery,Pumps,High-quality Product 18,462,2315.92,1069955.04,2024-12-20,"Pune, 169387",FAC04,Factory 4,Plant 4,Pune,India,380733,LINE018,Assembly Line 18,Painting,48873,1669,2024-07-25,2024-05-23,2024-03-12,2024-04-22,Completed,65,92.74,20,Yes,2024-07-04,null,In Transit,16,Order ORD00000467 - Production running smoothly
ORD00000468,2024-07-15,12:15,2024,1,January,Q1,Sunday,CUST000069,Customer 69,Corporate,Hyderabad,India,customer69@company.com,9303867045,PROD000019,Product 19,PC323182,Consumer Goods,Appliances,High-quality Product 19,117,1393.6,163051.2,2024-12-12,"Hyderabad, 340311",FAC05,Factory 5,Plant 5,Hyderabad,India,598085,LINE019,Assembly Line 19,Packaging,49056,18662,2024-05-26,2024-06-11,2024-01-13,2024-08-12,On Hold,70,81.24,43,Yes,2024-04-10,2024-09-06,Delivered,8,Order ORD00000468 - Quality issues detected
ORD00000469,2024-08-26,08:11,2024,4,April,Q2,Monday,CUST000070,Customer 70,Individual,Chennai,India,customer70@company.com,9718986489,PROD000020,Product 20,PC823330,Industrial Equipment,Motors,High-quality Product 20,239,3090.46,738619.94,2024-02-03,"Chennai, 777122",FAC06,Factory 6,Plant 6,Chennai,India,878090,LINE020,Assembly Line 20,Testing,48986,13358,2024-02-14,2024-04-06,2024-05-04,2024-07-18,Cancelled,4,94.27,39,Yes,2024-01-11,null,Delayed,0,Order ORD00000469 - Production running smoothly
ORD00000470,2024-08-08,16:30,2024,10,October,Q4,Tuesday,CUST000071,Customer 71,OEM,Kolkata,India,customer71@company.com,9284945244,PROD000021,Product 21,PC734266,Electronics,Controllers,High-quality Product 21,991,2827.11,2801666.01,2024-05-13,"Kolkata, 996008",FAC07,Factory 7,Plant 7,Kolkata,India,528636,LINE021,Assembly Line 21,Assembly,9817,22812,2024-12-24,2024-06-12,2024-07-01,2024-03-01,Planned,2,75.37,42,Yes,2024-06-04,2024-02-15,Pending,-3,Order ORD00000470 - Quality issues detected
ORD00000471,2024-10-04,16:17,2024,4,April,Q2,Wednesday,CUST000072,Customer 72,Distributor,Jaipur,India,customer72@company.com,9899438133,PROD000022,Product 22,PC201970,Automotive,Engines,High-quality Product 22,135,2134.71,288185.85,2024-01-14,"Jaipur, 763608",FAC08,Factory 8,Plant 8,Jaipur,India,295410,LINE022,Assembly Line 22,Welding,40295,6419,2024-10-23,2024-11-10,2024-08-24,2024-06-08,In Progress,11,96.23,50,Yes,2024-10-28,2024-03-03,Shipped,-4,Order ORD00000471 - Production running smoothly
ORD00000472,2024-01-15,11:20,2024,2,February,Q1,Thursday,CUST000073,Customer 73,Retailer,Mumbai,India,customer73@company.com,9608893155,PROD000023,Product 23,PC236317,Machinery,Pumps,High-quality Product 23,252,2695.64,679301.28,2024-03-17,"Mumbai, 425873",FAC01,Factory 1,Plant 1,Mumbai,India,771608,LINE023,Assembly Line 23,Painting,29790,25153,2024-09-12,2024-07-26,2024-09-14,null,Completed,25,84.17,46,Yes,2024-05-16,null,In Transit,19,Order ORD00000472 - Quality issues detected
ORD00000473,2024-06-10,13:23,2024,5,May,Q2,Friday,CUST000074,Customer 74,Corporate,Delhi,India,customer74@company.com,9958887204,PROD000024,Product 24,PC778585,Consumer Goods,Appliances,High-quality Product 24,575,3488.89,2006111.75,2024-04-09,"Delhi, 471504",FAC02,Factory 2,Plant 2,Delhi,India,927534,LINE024,Assembly Line 24,Packaging,33096,6525,2024-05-13,2024-03-14,2024-05-08,2024-07-26,On Hold,13,82.06,45,Yes,2024-03-12,null,Delivered,16,Order ORD00000473 - Quality issues detected
ORD00000474,2024-09-20,15:46,2024,3,March,Q1,Saturday,CUST000075,Customer 75,Individual,Bangalore,India,customer75@company.com,9219358221,PROD000025,Product 25,PC809155,Industrial Equipment,Motors,High-quality Product 25,53,112.89,5983.17,2024-03-27,"Bangalore, 605906",FAC03,Factory 3,Plant 3,Bangalore,India,956138,LINE025,Assembly Line 25,Testing,48868,24392,2024-09-20,2024-02-22,2024-12-05,2024-07-22,Cancelled,40,99.72,20,Yes,2024-11-06,2024-07-21,Delayed,18,Order ORD00000474 - Production running smoothly
ORD00000475,2024-07-22,13:36,2024,4,April,Q2,Sunday,CUST000076,Customer 76,OEM,Pune,India,customer76@company.com,9458331217,PROD000026,Product 26,PC453544,Electronics,Controllers,High-quality Product 26,845,3772.53,3187787.85,2024-05-20,"Pune, 230256",FAC04,Factory 4,Plant 4,Pune,India,779194,LINE026,Assembly Line 26,Assembly,25304,31892,2024-02-28,2024-10-25,2024-05-18,null,Planned,12,94.53,30,Yes,2024-08-12,2024-08-21,Pending,15,Order ORD00000475 - Production running smoothly
ORD00000476,2024-03-27,08:47,2024,9,September,Q3,Monday,CUST000077,Customer 77,Distributor,Hyderabad,India,customer77@company.com,9170224312,PROD000027,Product 27,PC231136,Automotive,Engines,High-quality Product 27,646,113.95,73611.7,2024-10-23,"Hyderabad, 697330",FAC05,Factory 5,Plant 5,Hyderabad,India,931107,LINE027,Assembly Line 27,Welding,12786,3738,2024-11-06,null,2024-11-16,null,In Progress,56,84.27,7,No,2024-05-05,2024-12-23,Shipped,15,Order ORD00000476 - Quality issues detected
ORD00000477,2024-04-26,17:57,2024,4,April,Q2,Tuesday,CUST000078,Customer 78,Retailer,Chennai,India,customer78@company.com,9466033222,PROD000028,Product 28,PC323098,Machinery,Pumps,High-quality Product 28,351,2349.06,824520.06,2024-07-02,"Chennai, 848998",FAC06,Factory 6,Plant 6,Chennai,India,704805,LINE028,Assembly Line 28,Painting,5467,11619,2024-06-09,2024-11-25,2024-01-14,null,Completed,1,81.83,8,No,2024-02-20,2024-12-07,In Transit,14,Order ORD00000477 - Quality issues detected
ORD00000478,2024-07-10,14:45,2024,12,December,Q4,Wednesday,CUST000079,Customer 79,Corporate,Kolkata,India,customer79@company.com,9906934186,PROD000029,Product 29,PC113461,Consumer Goods,Appliances,High-quality Product 29,522,2500.59,1305307.98,2024-11-06,"Kolkata, 436838",FAC07,Factory 7,Plant 7,Kolkata,India,951678,LINE029,Assembly Line 29,Packaging,28629,6157,2024-11-06,2024-08-01,2024-08-03,2024-03-23,On Hold,20,74.13,18,Yes,2024-02-20,2024-09-06,Delivered,19,Order ORD00000478 - Quality issues detected
ORD00000479,2024-05-11,17:20,2024,8,August,Q3,Thursday,CUST000080,Customer 80,Individual,Jaipur,India,customer80@company.com,9876118070,PROD000030,Product 30,PC888082,Industrial Equipment,Motors,High-quality Product 30,407,377.11,153483.77,2024-06-14,"Jaipur, 212779",FAC08,Factory 8,Plant 8,Jaipur,India,632558,LINE030,Assembly Line 30,Testing,17506,28301,2024-08-02,2024-03-04,2024-05-10,2024-04-15,Cancelled,52,93.43,4,No,2024-09-01,2024-10-18,Delayed,5,Order ORD00000479 - Production running smoothly
ORD00000480,2024-09-05,13:51,2024,5,May,Q2,Friday,CUST000081,Customer 81,OEM,Mumbai,India,customer81@company.com,9852405664,PROD000031,Product 31,PC635599,Electronics,Controllers,High-quality Product 31,168,4495.74,755284.32,2024-09-01,"Mumbai, 180945",FAC01,Factory 1,Plant 1,Mumbai,India,106667,LINE001,Assembly Line 1,Assembly,38851,18319,2024-06-11,2024-11-03,2024-06-17,null,Planned,45,93.5,8,No,2024-01-15,2024-12-27,Pending,12,Order ORD00000480 - Production running smoothly
ORD00000481,2024-03-09,13:15,2024,6,June,Q2,Saturday,CUST000082,Customer 82,Distributor,Delhi,India,customer82@company.com,9539222713,PROD000032,Product 32,PC373447,Automotive,Engines,High-quality Product 32,435,3237.29,1408221.15,2024-03-03,"Delhi, 547741",FAC02,Factory 2,Plant 2,Delhi,India,711111,LINE002,Assembly Line 2,Welding,6837,23897,2024-12-10,2024-05-24,2024-12-09,2024-05-04,In Progress,87,85.49,36,Yes,2024-12-20,2024-05-02,Shipped,-4,Order ORD00000481 - Production running smoothly
ORD00000482,2024-04-24,09:54,2024,8,August,Q3,Sunday,CUST000083,Customer 83,Retailer,Bangalore,India,customer83@company.com,9861444036,PROD000033,Product 33,PC321750,Machinery,Pumps,High-quality Product 33,823,3941.61,3243945.03,2024-11-02,"Bangalore, 809807",FAC03,Factory 3,Plant 3,Bangalore,India,439514,LINE003,Assembly Line 3,Painting,43564,31826,2024-10-04,2024-06-02,2024-09-16,2024-02-24,Completed,91,96.92,37,Yes,2024-12-21,2024-08-07,In Transit,15,Order ORD00000482 - Production running smoothly
ORD00000483,2024-06-10,14:34,2024,4,April,Q2,Monday,CUST000084,Customer 84,Corporate,Pune,India,customer84@company.com,9788660898,PROD000034,Product 34,PC667921,Consumer Goods,Appliances,High-quality Product 34,118,2854.65,336848.7,2024-08-24,"Pune, 627110",FAC04,Factory 4,Plant 4,Pune,India,435244,LINE004,Assembly Line 4,Packaging,38739,12417,2024-06-10,2024-05-18,2024-12-06,null,On Hold,89,77.37,12,Yes,2024-03-13,2024-01-12,Delivered,17,Order ORD00000483 - Quality issues detected
ORD00000484,2024-11-21,14:53,2024,12,December,Q4,Tuesday,CUST000085,Customer 85,Individual,Hyderabad,India,customer85@company.com,9243364241,PROD000035,Product 35,PC315685,Industrial Equipment,Motors,High-quality Product 35,880,3430.86,3019156.8,2024-03-02,"Hyderabad, 201948",FAC05,Factory 5,Plant 5,Hyderabad,India,761264,LINE005,Assembly Line 5,Testing,43732,22593,2024-11-02,2024-07-16,2024-06-14,2024-12-07,Cancelled,98,93.09,19,Yes,2024-08-06,2024-04-12,Delayed,14,Order ORD00000484 - Production running smoothly
ORD00000485,2024-06-12,09:36,2024,1,January,Q1,Wednesday,CUST000086,Customer 86,OEM,Chennai,India,customer86@company.com,9608068754,PROD000036,Product 36,PC135988,Electronics,Controllers,High-quality Product 36,317,2236.92,709103.64,2024-03-03,"Chennai, 811452",FAC06,Factory 6,Plant 6,Chennai,India,538237,LINE006,Assembly Line 6,Assembly,26024,11897,2024-03-01,2024-07-08,2024-11-06,2024-03-02,Planned,90,81.45,39,Yes,2024-04-27,null,Pending,9,Order ORD00000485 - Quality issues detected
ORD00000486,2024-05-19,13:39,2024,9,September,Q3,Thursday,CUST000087,Customer 87,Distributor,Kolkata,India,customer87@company.com,9774199837,PROD000037,Product 37,PC777321,Automotive,Engines,High-quality Product 37,660,2904.25,1916805,2024-08-03,"Kolkata, 109120",FAC07,Factory 7,Plant 7,Kolkata,India,453440,LINE007,Assembly Line 7,Welding,24061,36098,2024-12-16,2024-04-15,2024-02-21,2024-05-17,In Progress,35,94.07,47,Yes,2024-03-07,2024-02-05,Shipped,2,Order ORD00000486 - Production running smoothly
ORD00000487,2024-03-21,12:14,2024,2,February,Q1,Friday,CUST000088,Customer 88,Retailer,Jaipur,India,customer88@company.com,9666492950,PROD000038,Product 38,PC576949,Machinery,Pumps,High-quality Product 38,615,1396.49,858841.35,2024-08-24,"Jaipur, 516739",FAC08,Factory 8,Plant 8,Jaipur,India,619037,LINE008,Assembly Line 8,Painting,10690,3451,2024-05-27,null,2024-09-10,null,Completed,75,73.92,42,Yes,2024-10-26,2024-10-04,In Transit,14,Order ORD00000487 - Quality issues detected
ORD00000488,2024-07-24,15:33,2024,9,September,Q3,Saturday,CUST000089,Customer 89,Corporate,Mumbai,India,customer89@company.com,9793117317,PROD000039,Product 39,PC524578,Consumer Goods,Appliances,High-quality Product 39,620,421.91,261584.2,2024-02-17,"Mumbai, 514672",FAC01,Factory 1,Plant 1,Mumbai,India,148551,LINE009,Assembly Line 9,Packaging,3676,5087,2024-01-10,2024-12-12,2024-05-28,2024-03-17,On Hold,14,70.63,5,No,2024-01-18,2024-02-01,Delivered,20,Order ORD00000488 - Quality issues detected
ORD00000489,2024-05-13,11:24,2024,4,April,Q2,Sunday,CUST000090,Customer 90,Individual,Delhi,India,customer90@company.com,9352461327,PROD000040,Product 40,PC326540,Industrial Equipment,Motors,High-quality Product 40,908,2900,2633200,2024-10-01,"Delhi, 395051",FAC02,Factory 2,Plant 2,Delhi,India,320926,LINE010,Assembly Line 10,Testing,34714,19486,2024-11-08,2024-12-28,2024-07-15,2024-01-09,Cancelled,88,81.77,45,Yes,2024-10-08,2024-09-27,Delayed,10,Order ORD00000489 - Quality issues detected
ORD00000490,2024-01-12,12:57,2024,10,October,Q4,Monday,CUST000091,Customer 91,OEM,Bangalore,India,customer91@company.com,9742041818,PROD000041,Product 41,PC196180,Electronics,Controllers,High-quality Product 41,111,188.74,20950.14,2024-06-14,"Bangalore, 455173",FAC03,Factory 3,Plant 3,Bangalore,India,301114,LINE011,Assembly Line 11,Assembly,39656,33537,2024-01-05,2024-04-08,2024-10-21,null,Planned,52,79.18,35,Yes,2024-03-11,2024-12-12,Pending,20,Order ORD00000490 - Quality issues detected
ORD00000491,2024-07-26,16:31,2024,2,February,Q1,Tuesday,CUST000092,Customer 92,Distributor,Pune,India,customer92@company.com,9124913437,PROD000042,Product 42,PC925001,Automotive,Engines,High-quality Product 42,282,3205.04,903821.28,2024-08-28,"Pune, 437025",FAC04,Factory 4,Plant 4,Pune,India,689615,LINE012,Assembly Line 12,Welding,5974,33506,2024-02-10,2024-11-16,2024-07-24,2024-09-20,In Progress,37,97.77,42,Yes,2024-10-04,2024-07-27,Shipped,19,Order ORD00000491 - Production running smoothly
ORD00000492,2024-05-05,12:22,2024,12,December,Q4,Wednesday,CUST000093,Customer 93,Retailer,Hyderabad,India,customer93@company.com,9374589026,PROD000043,Product 43,PC477042,Machinery,Pumps,High-quality Product 43,247,1494.28,369087.16,2024-06-23,"Hyderabad, 266908",FAC05,Factory 5,Plant 5,Hyderabad,India,327470,LINE013,Assembly Line 13,Painting,23484,5275,2024-07-20,2024-11-19,2024-04-09,2024-02-09,Completed,35,79.55,33,Yes,2024-03-25,2024-09-19,In Transit,17,Order ORD00000492 - Quality issues detected
ORD00000493,2024-11-11,10:37,2024,9,September,Q3,Thursday,CUST000094,Customer 94,Corporate,Chennai,India,customer94@company.com,9422494479,PROD000044,Product 44,PC622957,Consumer Goods,Appliances,High-quality Product 44,182,2657.93,483743.26,2024-04-28,"Chennai, 627322",FAC06,Factory 6,Plant 6,Chennai,India,135517,LINE014,Assembly Line 14,Packaging,3372,17479,2024-12-19,2024-07-28,2024-03-01,2024-03-17,On Hold,41,82.63,4,No,2024-04-19,2024-07-04,Delivered,12,Order ORD00000493 - Quality issues detected
ORD00000494,2024-06-07,11:57,2024,8,August,Q3,Friday,CUST000095,Customer 95,Individual,Kolkata,India,customer95@company.com,9902950444,PROD000045,Product 45,PC793307,Industrial Equipment,Motors,High-quality Product 45,56,4090.9,229090.4,2024-11-21,"Kolkata, 712173",FAC07,Factory 7,Plant 7,Kolkata,India,495850,LINE015,Assembly Line 15,Testing,16141,32501,2024-03-22,null,2024-08-09,2024-08-20,Cancelled,33,72.25,37,Yes,2024-02-14,2024-01-15,Delayed,-1,Order ORD00000494 - Quality issues detected
ORD00000495,2024-02-11,16:41,2024,12,December,Q4,Saturday,CUST000096,Customer 96,OEM,Jaipur,India,customer96@company.com,9914130340,PROD000046,Product 46,PC827213,Electronics,Controllers,High-quality Product 46,712,1271.44,905265.28,2024-03-05,"Jaipur, 200608",FAC08,Factory 8,Plant 8,Jaipur,India,622869,LINE016,Assembly Line 16,Assembly,28162,14111,2024-09-25,2024-02-24,2024-09-07,2024-06-11,Planned,58,77.22,24,Yes,2024-08-18,null,Pending,17,Order ORD00000495 - Quality issues detected
ORD00000496,2024-04-26,12:10,2024,6,June,Q2,Sunday,CUST000097,Customer 97,Distributor,Mumbai,India,customer97@company.com,9526386010,PROD000047,Product 47,PC468059,Automotive,Engines,High-quality Product 47,469,3962.82,1858562.58,2024-03-14,"Mumbai, 466230",FAC01,Factory 1,Plant 1,Mumbai,India,504605,LINE017,Assembly Line 17,Welding,47358,22005,2024-06-13,2024-10-04,2024-12-28,2024-01-12,In Progress,76,86.42,14,Yes,2024-07-03,null,Shipped,-3,Order ORD00000496 - Production running smoothly
ORD00000497,2024-08-22,16:33,2024,8,August,Q3,Monday,CUST000098,Customer 98,Retailer,Delhi,India,customer98@company.com,9107549872,PROD000048,Product 48,PC131189,Machinery,Pumps,High-quality Product 48,410,793.71,325421.1,2024-10-04,"Delhi, 972518",FAC02,Factory 2,Plant 2,Delhi,India,676181,LINE018,Assembly Line 18,Painting,1187,21296,2024-02-18,2024-11-28,2024-07-24,2024-05-13,Completed,5,73.93,28,Yes,2024-04-25,2024-10-21,In Transit,17,Order ORD00000497 - Quality issues detected
ORD00000498,2024-12-07,11:53,2024,4,April,Q2,Tuesday,CUST000099,Customer 99,Corporate,Bangalore,India,customer99@company.com,9789801329,PROD000049,Product 49,PC797701,Consumer Goods,Appliances,High-quality Product 49,882,1038.97,916371.54,2024-09-10,"Bangalore, 961483",FAC03,Factory 3,Plant 3,Bangalore,India,197852,LINE019,Assembly Line 19,Packaging,5714,11011,2024-08-26,null,2024-02-18,2024-11-09,On Hold,25,87.62,43,Yes,2024-09-11,null,Delivered,10,Order ORD00000498 - Production running smoothly
ORD00000499,2024-02-16,16:33,2024,1,January,Q1,Wednesday,CUST000100,Customer 100,Individual,Pune,India,customer100@company.com,9981687560,PROD000050,Product 50,PC425262,Industrial Equipment,Motors,High-quality Product 50,270,321.27,86742.9,2024-04-07,"Pune, 176183",FAC04,Factory 4,Plant 4,Pune,India,879476,LINE020,Assembly Line 20,Testing,32868,19343,2024-12-16,2024-11-16,2024-02-19,2024-01-23,Cancelled,42,84.03,50,Yes,2024-07-27,2024-06-01,Delayed,13,Order ORD00000499 - Quality issues detected
ORD00000500,2024-07-22,13:35,2024,9,September,Q3,Thursday,CUST000101,Customer 101,OEM,Hyderabad,India,customer101@company.com,9910294584,PROD000051,Product 51,PC752851,Electronics,Controllers,High-quality Product 51,814,4604.73,3748250.22,2024-03-26,"Hyderabad, 453816",FAC05,Factory 5,Plant 5,Hyderabad,India,166250,LINE021,Assembly Line 21,Assembly,7955,34001,2024-12-21,2024-11-05,2024-02-21,2024-10-25,Planned,15,91.21,43,Yes,2024-06-25,null,Pending,10,Order ORD00000500 - Production running smoothly
ORD00000501,2024-08-06,14:44,2024,2,February,Q1,Friday,CUST000102,Customer 102,Distributor,Chennai,India,customer102@company.com,9319785324,PROD000052,Product 52,PC996355,Automotive,Engines,High-quality Product 52,876,1081.95,947788.2,2024-11-22,"Chennai, 758305",FAC06,Factory 6,Plant 6,Chennai,India,647292,LINE022,Assembly Line 22,Welding,31706,10461,2024-04-13,2024-01-04,2024-07-24,2024-10-05,In Progress,54,81.54,30,Yes,2024-08-27,2024-10-15,Shipped,15,Order ORD00000501 - Quality issues detected
ORD00000502,2024-07-25,12:39,2024,7,July,Q3,Saturday,CUST000103,Customer 103,Retailer,Kolkata,India,customer103@company.com,9436363783,PROD000053,Product 53,PC911320,Machinery,Pumps,High-quality Product 53,941,2265.55,2131882.55,2024-02-04,"Kolkata, 481441",FAC07,Factory 7,Plant 7,Kolkata,India,705248,LINE023,Assembly Line 23,Painting,13483,24411,2024-04-23,2024-09-01,2024-10-23,2024-01-03,Completed,65,74.95,28,Yes,2024-08-24,2024-10-21,In Transit,10,Order ORD00000502 - Quality issues detected
ORD00000503,2024-01-10,14:51,2024,2,February,Q1,Sunday,CUST000104,Customer 104,Corporate,Jaipur,India,customer104@company.com,9508237851,PROD000054,Product 54,PC774200,Consumer Goods,Appliances,High-quality Product 54,942,2245.99,2115722.58,2024-09-24,"Jaipur, 953467",FAC08,Factory 8,Plant 8,Jaipur,India,778143,LINE024,Assembly Line 24,Packaging,6584,35593,2024-09-17,2024-10-23,2024-08-26,2024-10-12,On Hold,73,94.28,33,Yes,2024-06-09,2024-12-07,Delivered,2,Order ORD00000503 - Production running smoothly
ORD00000504,2024-11-01,16:09,2024,7,July,Q3,Monday,CUST000105,Customer 105,Individual,Mumbai,India,customer105@company.com,9299612153,PROD000055,Product 55,PC560769,Industrial Equipment,Motors,High-quality Product 55,353,402.61,142121.33,2024-07-11,"Mumbai, 440172",FAC01,Factory 1,Plant 1,Mumbai,India,523858,LINE025,Assembly Line 25,Testing,17890,33409,2024-07-08,null,2024-04-15,2024-01-23,Cancelled,43,94.72,26,Yes,2024-07-03,2024-01-11,Delayed,0,Order ORD00000504 - Production running smoothly
ORD00000505,2024-03-26,16:12,2024,1,January,Q1,Tuesday,CUST000106,Customer 106,OEM,Delhi,India,customer106@company.com,9943648001,PROD000056,Product 56,PC144594,Electronics,Controllers,High-quality Product 56,985,430.65,424190.25,2024-02-20,"Delhi, 606160",FAC02,Factory 2,Plant 2,Delhi,India,692368,LINE026,Assembly Line 26,Assembly,26766,11259,2024-07-11,2024-11-12,2024-07-02,2024-02-22,Planned,55,70.16,13,Yes,2024-03-17,null,Pending,2,Order ORD00000505 - Quality issues detected
ORD00000506,2024-06-03,09:49,2024,4,April,Q2,Wednesday,CUST000107,Customer 107,Distributor,Bangalore,India,customer107@company.com,9311935077,PROD000057,Product 57,PC562938,Automotive,Engines,High-quality Product 57,924,1562.85,1444073.4,2024-08-26,"Bangalore, 867660",FAC03,Factory 3,Plant 3,Bangalore,India,433016,LINE027,Assembly Line 27,Welding,41250,24766,2024-01-05,2024-05-16,2024-09-11,null,In Progress,86,96.26,37,Yes,2024-01-18,2024-12-05,Shipped,4,Order ORD00000506 - Production running smoothly
ORD00000507,2024-04-05,16:56,2024,6,June,Q2,Thursday,CUST000108,Customer 108,Retailer,Pune,India,customer108@company.com,9652985326,PROD000058,Product 58,PC372907,Machinery,Pumps,High-quality Product 58,856,1655.91,1417458.96,2024-10-01,"Pune, 280442",FAC04,Factory 4,Plant 4,Pune,India,484854,LINE028,Assembly Line 28,Painting,49865,37292,2024-08-06,2024-11-18,2024-06-22,null,Completed,78,88.51,32,Yes,2024-01-20,2024-06-28,In Transit,13,Order ORD00000507 - Production running smoothly
ORD00000508,2024-04-07,08:42,2024,6,June,Q2,Friday,CUST000109,Customer 109,Corporate,Hyderabad,India,customer109@company.com,9772470293,PROD000059,Product 59,PC345923,Consumer Goods,Appliances,High-quality Product 59,250,1225.55,306387.5,2024-11-19,"Hyderabad, 336835",FAC05,Factory 5,Plant 5,Hyderabad,India,115041,LINE029,Assembly Line 29,Packaging,43159,32522,2024-05-13,2024-09-04,2024-05-03,2024-06-15,On Hold,36,71.31,37,Yes,2024-08-20,2024-10-14,Delivered,19,Order ORD00000508 - Quality issues detected
ORD00000509,2024-08-20,09:06,2024,2,February,Q1,Saturday,CUST000110,Customer 110,Individual,Chennai,India,customer110@company.com,9897814576,PROD000060,Product 60,PC505784,Industrial Equipment,Motors,High-quality Product 60,681,723.67,492819.27,2024-01-04,"Chennai, 782794",FAC06,Factory 6,Plant 6,Chennai,India,135948,LINE030,Assembly Line 30,Testing,2611,36583,2024-12-28,2024-05-17,2024-08-18,2024-07-23,Cancelled,21,74.16,13,Yes,2024-01-23,2024-11-20,Delayed,14,Order ORD00000509 - Quality issues detected
ORD00000510,2024-04-24,12:37,2024,9,September,Q3,Sunday,CUST000111,Customer 111,OEM,Kolkata,India,customer111@company.com,9692166818,PROD000061,Product 61,PC526732,Electronics,Controllers,High-quality Product 61,327,4088.85,1337053.95,2024-08-25,"Kolkata, 520266",FAC07,Factory 7,Plant 7,Kolkata,India,441553,LINE001,Assembly Line 1,Assembly,40418,24738,2024-04-19,2024-04-08,2024-04-12,2024-09-15,Planned,2,91.02,22,Yes,2024-11-26,2024-02-27,Pending,0,Order ORD00000510 - Production running smoothly
ORD00000511,2024-01-27,13:29,2024,4,April,Q2,Monday,CUST000112,Customer 112,Distributor,Jaipur,India,customer112@company.com,9632946182,PROD000062,Product 62,PC772274,Automotive,Engines,High-quality Product 62,861,3313.82,2853199.02,2024-05-22,"Jaipur, 903655",FAC08,Factory 8,Plant 8,Jaipur,India,490866,LINE002,Assembly Line 2,Welding,11439,20317,2024-10-25,2024-08-08,2024-06-11,2024-11-03,In Progress,83,85.27,20,Yes,2024-05-28,2024-01-20,Shipped,12,Order ORD00000511 - Production running smoothly
ORD00000512,2024-01-06,11:28,2024,3,March,Q1,Tuesday,CUST000113,Customer 113,Retailer,Mumbai,India,customer113@company.com,9703903445,PROD000063,Product 63,PC140698,Machinery,Pumps,High-quality Product 63,928,1604.13,1488632.64,2024-10-08,"Mumbai, 124011",FAC01,Factory 1,Plant 1,Mumbai,India,675651,LINE003,Assembly Line 3,Painting,30480,25258,2024-06-09,2024-09-22,2024-04-02,2024-10-16,Completed,44,82.55,16,Yes,2024-06-12,null,In Transit,-5,Order ORD00000512 - Quality issues detected
ORD00000513,2024-07-21,12:39,2024,2,February,Q1,Wednesday,CUST000114,Customer 114,Corporate,Delhi,India,customer114@company.com,9880145871,PROD000064,Product 64,PC348658,Consumer Goods,Appliances,High-quality Product 64,21,1247.46,26196.66,2024-05-23,"Delhi, 509388",FAC02,Factory 2,Plant 2,Delhi,India,669293,LINE004,Assembly Line 4,Packaging,35823,31819,2024-12-24,2024-04-05,2024-09-07,2024-01-04,On Hold,91,73.59,35,Yes,2024-04-27,2024-04-04,Delivered,10,Order ORD00000513 - Quality issues detected
ORD00000514,2024-10-11,11:56,2024,2,February,Q1,Thursday,CUST000115,Customer 115,Individual,Bangalore,India,customer115@company.com,9498408528,PROD000065,Product 65,PC632067,Industrial Equipment,Motors,High-quality Product 65,249,100.99,25146.51,2024-11-18,"Bangalore, 948603",FAC03,Factory 3,Plant 3,Bangalore,India,522069,LINE005,Assembly Line 5,Testing,14634,17321,2024-01-20,2024-09-03,2024-01-27,2024-09-06,Cancelled,42,92.31,50,Yes,2024-04-27,2024-04-24,Delayed,6,Order ORD00000514 - Production running smoothly
ORD00000515,2024-12-23,11:36,2024,3,March,Q1,Friday,CUST000116,Customer 116,OEM,Pune,India,customer116@company.com,9238108249,PROD000066,Product 66,PC521098,Electronics,Controllers,High-quality Product 66,202,2428.36,490528.72,2024-10-24,"Pune, 660628",FAC04,Factory 4,Plant 4,Pune,India,616533,LINE006,Assembly Line 6,Assembly,47327,9251,2024-02-05,2024-01-10,2024-03-21,2024-11-03,Planned,78,87.15,28,Yes,2024-11-12,2024-02-27,Pending,7,Order ORD00000515 - Production running smoothly
ORD00000516,2024-07-18,10:26,2024,9,September,Q3,Saturday,CUST000117,Customer 117,Distributor,Hyderabad,India,customer117@company.com,9761043050,PROD000067,Product 67,PC583407,Automotive,Engines,High-quality Product 67,908,395.75,359341,2024-06-25,"Hyderabad, 830863",FAC05,Factory 5,Plant 5,Hyderabad,India,937298,LINE007,Assembly Line 7,Welding,16516,19565,2024-08-18,2024-02-22,2024-11-11,2024-10-05,In Progress,15,90.52,4,No,2024-06-17,2024-05-03,Shipped,13,Order ORD00000516 - Production running smoothly
ORD00000517,2024-11-15,14:38,2024,9,September,Q3,Sunday,CUST000118,Customer 118,Retailer,Chennai,India,customer118@company.com,9348076508,PROD000068,Product 68,PC179573,Machinery,Pumps,High-quality Product 68,222,4071,903762,2024-12-18,"Chennai, 209334",FAC06,Factory 6,Plant 6,Chennai,India,725386,LINE008,Assembly Line 8,Painting,8498,22682,2024-04-06,2024-06-03,2024-10-05,2024-11-09,Completed,25,81.25,33,Yes,2024-06-16,2024-05-11,In Transit,2,Order ORD00000517 - Quality issues detected
ORD00000518,2024-08-26,09:26,2024,1,January,Q1,Monday,CUST000119,Customer 119,Corporate,Kolkata,India,customer119@company.com,9722936157,PROD000069,Product 69,PC684922,Consumer Goods,Appliances,High-quality Product 69,782,3050.85,2385764.7,2024-08-11,"Kolkata, 108389",FAC07,Factory 7,Plant 7,Kolkata,India,398089,LINE009,Assembly Line 9,Packaging,21604,9619,2024-07-24,2024-04-28,2024-11-17,2024-09-14,On Hold,49,76.99,32,Yes,2024-07-28,2024-07-15,Delivered,-4,Order ORD00000518 - Quality issues detected
ORD00000519,2024-10-27,09:30,2024,3,March,Q1,Tuesday,CUST000120,Customer 120,Individual,Jaipur,India,customer120@company.com,9275357312,PROD000070,Product 70,PC357506,Industrial Equipment,Motors,High-quality Product 70,914,3057.3,2794372.2,2024-12-14,"Jaipur, 807047",FAC08,Factory 8,Plant 8,Jaipur,India,894997,LINE010,Assembly Line 10,Testing,40140,36700,2024-11-26,2024-11-24,2024-04-08,2024-12-23,Cancelled,82,71.2,3,No,2024-05-25,2024-08-11,Delayed,6,Order ORD00000519 - Quality issues detected
ORD00000520,2024-08-06,11:05,2024,1,January,Q1,Wednesday,CUST000121,Customer 121,OEM,Mumbai,India,customer121@company.com,9832319518,PROD000071,Product 71,PC935378,Electronics,Controllers,High-quality Product 71,399,2462.81,982661.19,2024-05-26,"Mumbai, 660811",FAC01,Factory 1,Plant 1,Mumbai,India,356554,LINE011,Assembly Line 11,Assembly,9711,28761,2024-09-18,2024-07-27,2024-11-26,null,Planned,52,85.99,48,Yes,2024-06-14,2024-01-25,Pending,0,Order ORD00000520 - Production running smoothly
ORD00000521,2024-11-19,15:50,2024,10,October,Q4,Thursday,CUST000122,Customer 122,Distributor,Delhi,India,customer122@company.com,9520825231,PROD000072,Product 72,PC956932,Automotive,Engines,High-quality Product 72,83,645.58,53583.14,2024-05-02,"Delhi, 993849",FAC02,Factory 2,Plant 2,Delhi,India,746551,LINE012,Assembly Line 12,Welding,37030,34872,2024-06-10,2024-05-21,2024-10-22,2024-07-01,In Progress,43,96.42,17,Yes,2024-06-16,2024-10-19,Shipped,20,Order ORD00000521 - Production running smoothly
ORD00000522,2024-03-10,15:40,2024,10,October,Q4,Friday,CUST000123,Customer 123,Retailer,Bangalore,India,customer123@company.com,9734564974,PROD000073,Product 73,PC567087,Machinery,Pumps,High-quality Product 73,679,4200.95,2852445.05,2024-01-06,"Bangalore, 730276",FAC03,Factory 3,Plant 3,Bangalore,India,869953,LINE013,Assembly Line 13,Painting,44732,10975,2024-02-05,2024-08-24,2024-02-09,2024-02-08,Completed,63,71.75,11,Yes,2024-09-04,2024-01-01,In Transit,9,Order ORD00000522 - Quality issues detected
ORD00000523,2024-02-01,10:18,2024,7,July,Q3,Saturday,CUST000124,Customer 124,Corporate,Pune,India,customer124@company.com,9449464480,PROD000074,Product 74,PC424487,Consumer Goods,Appliances,High-quality Product 74,299,2963.88,886200.12,2024-07-08,"Pune, 486015",FAC04,Factory 4,Plant 4,Pune,India,205187,LINE014,Assembly Line 14,Packaging,38197,12118,2024-12-24,2024-05-15,2024-03-08,2024-11-17,On Hold,76,93.82,25,Yes,2024-07-18,2024-12-02,Delivered,0,Order ORD00000523 - Production running smoothly
ORD00000524,2024-10-14,13:35,2024,12,December,Q4,Sunday,CUST000125,Customer 125,Individual,Hyderabad,India,customer125@company.com,9779716004,PROD000075,Product 75,PC114982,Industrial Equipment,Motors,High-quality Product 75,709,2259.42,1601928.78,2024-06-01,"Hyderabad, 682184",FAC05,Factory 5,Plant 5,Hyderabad,India,828981,LINE015,Assembly Line 15,Testing,28645,27777,2024-12-02,2024-04-21,2024-10-21,null,Cancelled,95,94.81,1,No,2024-07-23,null,Delayed,8,Order ORD00000524 - Production running smoothly
ORD00000525,2024-10-22,11:48,2024,8,August,Q3,Monday,CUST000126,Customer 126,OEM,Chennai,India,customer126@company.com,9104406684,PROD000076,Product 76,PC710654,Electronics,Controllers,High-quality Product 76,739,2375.54,1755524.06,2024-10-04,"Chennai, 904230",FAC06,Factory 6,Plant 6,Chennai,India,852809,LINE016,Assembly Line 16,Assembly,8347,28530,2024-09-02,2024-04-11,2024-03-07,2024-03-14,Planned,70,79.4,43,Yes,2024-01-28,2024-04-11,Pending,13,Order ORD00000525 - Quality issues detected
ORD00000526,2024-12-26,17:18,2024,1,January,Q1,Tuesday,CUST000127,Customer 127,Distributor,Kolkata,India,customer127@company.com,9209995965,PROD000077,Product 77,PC579360,Automotive,Engines,High-quality Product 77,188,4903.96,921944.48,2024-12-24,"Kolkata, 162929",FAC07,Factory 7,Plant 7,Kolkata,India,846860,LINE017,Assembly Line 17,Welding,10047,28663,2024-08-07,2024-11-20,2024-10-21,null,In Progress,42,91.28,42,Yes,2024-04-04,2024-08-17,Shipped,18,Order ORD00000526 - Production running smoothly
ORD00000527,2024-12-05,15:39,2024,5,May,Q2,Wednesday,CUST000128,Customer 128,Retailer,Jaipur,India,customer128@company.com,9265430569,PROD000078,Product 78,PC659489,Machinery,Pumps,High-quality Product 78,418,2474.21,1034219.78,2024-11-28,"Jaipur, 421847",FAC08,Factory 8,Plant 8,Jaipur,India,985198,LINE018,Assembly Line 18,Painting,44554,19761,2024-09-17,2024-03-14,2024-04-16,null,Completed,66,98.35,39,Yes,2024-10-22,2024-01-27,In Transit,17,Order ORD00000527 - Production running smoothly
ORD00000528,2024-08-14,16:23,2024,9,September,Q3,Thursday,CUST000129,Customer 129,Corporate,Mumbai,India,customer129@company.com,9569799333,PROD000079,Product 79,PC201341,Consumer Goods,Appliances,High-quality Product 79,256,3347.19,856880.64,2024-02-06,"Mumbai, 774595",FAC01,Factory 1,Plant 1,Mumbai,India,331722,LINE019,Assembly Line 19,Packaging,6415,20456,2024-03-02,null,2024-11-24,null,On Hold,28,97.05,12,Yes,2024-07-26,null,Delivered,6,Order ORD00000528 - Production running smoothly
ORD00000529,2024-11-16,12:17,2024,4,April,Q2,Friday,CUST000130,Customer 130,Individual,Delhi,India,customer130@company.com,9446076384,PROD000080,Product 80,PC536011,Industrial Equipment,Motors,High-quality Product 80,641,1645.54,1054791.14,2024-10-15,"Delhi, 986775",FAC02,Factory 2,Plant 2,Delhi,India,178487,LINE020,Assembly Line 20,Testing,33374,36321,2024-10-13,2024-03-07,2024-01-13,null,Cancelled,45,82.47,47,Yes,2024-09-13,2024-11-21,Delayed,3,Order ORD00000529 - Quality issues detected
ORD00000530,2024-07-22,11:46,2024,7,July,Q3,Saturday,CUST000131,Customer 131,OEM,Bangalore,India,customer131@company.com,9191876789,PROD000081,Product 81,PC152484,Electronics,Controllers,High-quality Product 81,395,2019.65,797761.75,2024-02-27,"Bangalore, 715633",FAC03,Factory 3,Plant 3,Bangalore,India,509701,LINE021,Assembly Line 21,Assembly,32007,32234,2024-10-20,2024-05-03,2024-01-03,2024-08-06,Planned,24,94.53,1,No,2024-05-26,null,Pending,11,Order ORD00000530 - Production running smoothly
ORD00000531,2024-05-03,10:57,2024,10,October,Q4,Sunday,CUST000132,Customer 132,Distributor,Pune,India,customer132@company.com,9377950360,PROD000082,Product 82,PC921564,Automotive,Engines,High-quality Product 82,197,1437.55,283197.35,2024-02-26,"Pune, 178158",FAC04,Factory 4,Plant 4,Pune,India,458232,LINE022,Assembly Line 22,Welding,5862,31702,2024-07-18,2024-03-15,2024-12-27,2024-08-20,In Progress,84,75.03,44,Yes,2024-12-12,2024-07-23,Shipped,12,Order ORD00000531 - Quality issues detected
ORD00000532,2024-09-26,11:13,2024,1,January,Q1,Monday,CUST000133,Customer 133,Retailer,Hyderabad,India,customer133@company.com,9785115191,PROD000083,Product 83,PC554761,Machinery,Pumps,High-quality Product 83,173,4129.3,714368.9,2024-11-21,"Hyderabad, 427318",FAC05,Factory 5,Plant 5,Hyderabad,India,836993,LINE023,Assembly Line 23,Painting,10218,11599,2024-08-20,2024-04-16,2024-02-12,2024-09-24,Completed,46,84.28,32,Yes,2024-02-11,2024-11-20,In Transit,6,Order ORD00000532 - Quality issues detected
ORD00000533,2024-05-03,15:17,2024,10,October,Q4,Tuesday,CUST000134,Customer 134,Corporate,Chennai,India,customer134@company.com,9224187673,PROD000084,Product 84,PC987689,Consumer Goods,Appliances,High-quality Product 84,259,470.92,121968.28,2024-03-12,"Chennai, 290041",FAC06,Factory 6,Plant 6,Chennai,India,121729,LINE024,Assembly Line 24,Packaging,1298,8100,2024-09-02,2024-10-27,2024-06-11,null,On Hold,53,89.85,23,Yes,2024-03-26,2024-02-19,Delivered,-4,Order ORD00000533 - Production running smoothly
ORD00000534,2024-11-19,10:17,2024,3,March,Q1,Wednesday,CUST000135,Customer 135,Individual,Kolkata,India,customer135@company.com,9877518960,PROD000085,Product 85,PC348749,Industrial Equipment,Motors,High-quality Product 85,206,2927.83,603132.98,2024-06-12,"Kolkata, 253374",FAC07,Factory 7,Plant 7,Kolkata,India,224050,LINE025,Assembly Line 25,Testing,37513,1563,2024-09-04,2024-12-20,2024-06-23,2024-09-12,Cancelled,90,96.78,33,Yes,2024-03-20,2024-07-15,Delayed,17,Order ORD00000534 - Production running smoothly
ORD00000535,2024-10-01,17:50,2024,5,May,Q2,Thursday,CUST000136,Customer 136,OEM,Jaipur,India,customer136@company.com,9716219178,PROD000086,Product 86,PC232261,Electronics,Controllers,High-quality Product 86,540,3291.59,1777458.6,2024-01-15,"Jaipur, 392513",FAC08,Factory 8,Plant 8,Jaipur,India,611856,LINE026,Assembly Line 26,Assembly,12566,31307,2024-05-23,null,2024-05-07,null,Planned,91,99.12,0,No,2024-05-03,null,Pending,7,Order ORD00000535 - Production running smoothly
ORD00000536,2024-07-28,17:52,2024,7,July,Q3,Friday,CUST000137,Customer 137,Distributor,Mumbai,India,customer137@company.com,9210642387,PROD000087,Product 87,PC393550,Automotive,Engines,High-quality Product 87,617,3140.86,1937910.62,2024-03-20,"Mumbai, 384816",FAC01,Factory 1,Plant 1,Mumbai,India,862491,LINE027,Assembly Line 27,Welding,38537,29130,2024-04-14,2024-09-02,2024-05-25,null,In Progress,69,86.42,39,Yes,2024-06-22,2024-01-08,Shipped,15,Order ORD00000536 - Production running smoothly
ORD00000537,2024-09-25,12:55,2024,11,November,Q4,Saturday,CUST000138,Customer 138,Retailer,Delhi,India,customer138@company.com,9999054145,PROD000088,Product 88,PC137334,Machinery,Pumps,High-quality Product 88,461,827.06,381274.66,2024-08-14,"Delhi, 508044",FAC02,Factory 2,Plant 2,Delhi,India,916482,LINE028,Assembly Line 28,Painting,43319,3949,2024-03-24,2024-02-25,2024-08-09,2024-03-10,Completed,3,93.06,20,Yes,2024-06-27,2024-10-13,In Transit,-4,Order ORD00000537 - Production running smoothly
ORD00000538,2024-08-14,08:50,2024,12,December,Q4,Sunday,CUST000139,Customer 139,Corporate,Bangalore,India,customer139@company.com,9225884937,PROD000089,Product 89,PC604400,Consumer Goods,Appliances,High-quality Product 89,277,3670.55,1016742.35,2024-04-09,"Bangalore, 647780",FAC03,Factory 3,Plant 3,Bangalore,India,793565,LINE029,Assembly Line 29,Packaging,48118,23218,2024-04-03,2024-02-19,2024-05-07,2024-09-02,On Hold,94,87.92,10,No,2024-04-24,2024-10-12,Delivered,15,Order ORD00000538 - Production running smoothly
ORD00000539,2024-07-01,11:38,2024,5,May,Q2,Monday,CUST000140,Customer 140,Individual,Pune,India,customer140@company.com,9521980359,PROD000090,Product 90,PC236998,Industrial Equipment,Motors,High-quality Product 90,966,3661.57,3537076.62,2024-05-10,"Pune, 393369",FAC04,Factory 4,Plant 4,Pune,India,680949,LINE030,Assembly Line 30,Testing,39647,5180,2024-10-24,2024-08-09,2024-02-09,null,Cancelled,44,72.57,36,Yes,2024-07-17,2024-08-07,Delayed,12,Order ORD00000539 - Quality issues detected
ORD00000540,2024-01-06,13:15,2024,1,January,Q1,Tuesday,CUST000141,Customer 141,OEM,Hyderabad,India,customer141@company.com,9585052206,PROD000091,Product 91,PC673360,Electronics,Controllers,High-quality Product 91,283,3435.45,972232.35,2024-03-15,"Hyderabad, 759269",FAC05,Factory 5,Plant 5,Hyderabad,India,867468,LINE001,Assembly Line 1,Assembly,6335,3310,2024-03-27,2024-01-27,2024-12-27,2024-02-25,Planned,45,74.7,17,Yes,2024-10-04,null,Pending,2,Order ORD00000540 - Quality issues detected
ORD00000541,2024-06-19,08:12,2024,4,April,Q2,Wednesday,CUST000142,Customer 142,Distributor,Chennai,India,customer142@company.com,9313638339,PROD000092,Product 92,PC280578,Automotive,Engines,High-quality Product 92,648,2295.53,1487503.44,2024-10-05,"Chennai, 943086",FAC06,Factory 6,Plant 6,Chennai,India,352656,LINE002,Assembly Line 2,Welding,19046,5118,2024-10-25,2024-05-21,2024-05-19,2024-07-28,In Progress,60,97.42,48,Yes,2024-06-28,2024-03-26,Shipped,18,Order ORD00000541 - Production running smoothly
ORD00000542,2024-02-22,11:46,2024,9,September,Q3,Thursday,CUST000143,Customer 143,Retailer,Kolkata,India,customer143@company.com,9928761115,PROD000093,Product 93,PC360414,Machinery,Pumps,High-quality Product 93,38,130.62,4963.56,2024-02-18,"Kolkata, 182496",FAC07,Factory 7,Plant 7,Kolkata,India,979010,LINE003,Assembly Line 3,Painting,1109,29052,2024-05-05,2024-06-18,2024-08-11,null,Completed,86,95.64,36,Yes,2024-11-03,null,In Transit,9,Order ORD00000542 - Production running smoothly
ORD00000543,2024-12-23,14:08,2024,12,December,Q4,Friday,CUST000144,Customer 144,Corporate,Jaipur,India,customer144@company.com,9649203078,PROD000094,Product 94,PC896189,Consumer Goods,Appliances,High-quality Product 94,437,839.32,366782.84,2024-10-14,"Jaipur, 945815",FAC08,Factory 8,Plant 8,Jaipur,India,201237,LINE004,Assembly Line 4,Packaging,33613,22915,2024-06-18,2024-11-08,2024-08-09,2024-05-11,On Hold,21,77.17,18,Yes,2024-12-14,null,Delivered,17,Order ORD00000543 - Quality issues detected
ORD00000544,2024-10-21,08:17,2024,2,February,Q1,Saturday,CUST000145,Customer 145,Individual,Mumbai,India,customer145@company.com,9327979629,PROD000095,Product 95,PC998430,Industrial Equipment,Motors,High-quality Product 95,773,3497.77,2703776.21,2024-05-17,"Mumbai, 927186",FAC01,Factory 1,Plant 1,Mumbai,India,553287,LINE005,Assembly Line 5,Testing,1062,26298,2024-09-17,2024-12-25,2024-09-08,2024-12-17,Cancelled,36,78.22,8,No,2024-03-23,null,Delayed,3,Order ORD00000544 - Quality issues detected
ORD00000545,2024-10-12,14:30,2024,8,August,Q3,Sunday,CUST000146,Customer 146,OEM,Delhi,India,customer146@company.com,9602799127,PROD000096,Product 96,PC455675,Electronics,Controllers,High-quality Product 96,523,2006.62,1049462.26,2024-06-02,"Delhi, 154062",FAC02,Factory 2,Plant 2,Delhi,India,389909,LINE006,Assembly Line 6,Assembly,1567,5090,2024-11-06,2024-02-12,2024-09-15,null,Planned,21,78.58,22,Yes,2024-06-09,null,Pending,14,Order ORD00000545 - Quality issues detected
ORD00000546,2024-11-20,11:33,2024,2,February,Q1,Monday,CUST000147,Customer 147,Distributor,Bangalore,India,customer147@company.com,9728802834,PROD000097,Product 97,PC629762,Automotive,Engines,High-quality Product 97,49,1911.58,93667.42,2024-12-06,"Bangalore, 241474",FAC03,Factory 3,Plant 3,Bangalore,India,981275,LINE007,Assembly Line 7,Welding,7823,37350,2024-11-27,2024-09-16,2024-06-04,2024-10-28,In Progress,84,90.17,3,No,2024-01-27,null,Shipped,13,Order ORD00000546 - Production running smoothly
ORD00000547,2024-10-28,12:36,2024,8,August,Q3,Tuesday,CUST000148,Customer 148,Retailer,Pune,India,customer148@company.com,9537379173,PROD000098,Product 98,PC551894,Machinery,Pumps,High-quality Product 98,415,3581.09,1486152.35,2024-09-23,"Pune, 359073",FAC04,Factory 4,Plant 4,Pune,India,410901,LINE008,Assembly Line 8,Painting,42782,20048,2024-03-16,2024-01-09,2024-10-11,2024-09-13,Completed,40,94.7,0,No,2024-04-01,2024-01-23,In Transit,4,Order ORD00000547 - Production running smoothly
ORD00000548,2024-03-23,17:36,2024,10,October,Q4,Wednesday,CUST000149,Customer 149,Corporate,Hyderabad,India,customer149@company.com,9493766327,PROD000099,Product 99,PC457512,Consumer Goods,Appliances,High-quality Product 99,685,2010.98,1377521.3,2024-03-04,"Hyderabad, 204539",FAC05,Factory 5,Plant 5,Hyderabad,India,830226,LINE009,Assembly Line 9,Packaging,15829,30334,2024-05-19,2024-04-04,2024-04-24,2024-03-12,On Hold,47,86.77,6,No,2024-07-14,2024-09-08,Delivered,12,Order ORD00000548 - Production running smoothly
ORD00000549,2024-01-25,13:51,2024,9,September,Q3,Thursday,CUST000150,Customer 150,Individual,Chennai,India,customer150@company.com,9645500636,PROD000100,Product 100,PC490888,Industrial Equipment,Motors,High-quality Product 100,380,4451.4,1691532,2024-12-15,"Chennai, 537715",FAC06,Factory 6,Plant 6,Chennai,India,388768,LINE010,Assembly Line 10,Testing,21557,21644,2024-01-15,2024-01-22,2024-05-25,2024-01-13,Cancelled,28,80.71,43,Yes,2024-06-23,2024-08-18,Delayed,-4,Order ORD00000549 - Quality issues detected
ORD00000550,2024-09-23,08:48,2024,5,May,Q2,Friday,CUST000151,Customer 151,OEM,Kolkata,India,customer151@company.com,9575109917,PROD000101,Product 101,PC572118,Electronics,Controllers,High-quality Product 101,617,4668,2880156,2024-03-19,"Kolkata, 738823",FAC07,Factory 7,Plant 7,Kolkata,India,715773,LINE011,Assembly Line 11,Assembly,40989,14027,2024-05-24,2024-02-14,2024-02-08,2024-09-06,Planned,68,92,20,Yes,2024-09-18,2024-10-13,Pending,2,Order ORD00000550 - Production running smoothly
ORD00000551,2024-03-05,08:37,2024,4,April,Q2,Saturday,CUST000152,Customer 152,Distributor,Jaipur,India,customer152@company.com,9132198461,PROD000102,Product 102,PC831083,Automotive,Engines,High-quality Product 102,767,3985.97,3057238.99,2024-01-11,"Jaipur, 495958",FAC08,Factory 8,Plant 8,Jaipur,India,303759,LINE012,Assembly Line 12,Welding,43004,38914,2024-12-09,2024-06-15,2024-11-22,2024-06-13,In Progress,46,74.11,29,Yes,2024-11-28,2024-05-15,Shipped,5,Order ORD00000551 - Quality issues detected
ORD00000552,2024-03-08,17:11,2024,12,December,Q4,Sunday,CUST000153,Customer 153,Retailer,Mumbai,India,customer153@company.com,9673423211,PROD000103,Product 103,PC747989,Machinery,Pumps,High-quality Product 103,268,936.47,250973.96,2024-09-28,"Mumbai, 497994",FAC01,Factory 1,Plant 1,Mumbai,India,766989,LINE013,Assembly Line 13,Painting,16427,2280,2024-12-14,2024-11-11,2024-12-26,null,Completed,99,80.56,16,Yes,2024-06-17,null,In Transit,1,Order ORD00000552 - Quality issues detected
ORD00000553,2024-10-04,12:52,2024,6,June,Q2,Monday,CUST000154,Customer 154,Corporate,Delhi,India,customer154@company.com,9810695695,PROD000104,Product 104,PC570244,Consumer Goods,Appliances,High-quality Product 104,799,724.23,578659.77,2024-09-12,"Delhi, 314903",FAC02,Factory 2,Plant 2,Delhi,India,932434,LINE014,Assembly Line 14,Packaging,27873,5835,2024-01-16,2024-08-16,2024-09-12,2024-12-06,On Hold,81,83.97,37,Yes,2024-10-20,2024-10-22,Delivered,18,Order ORD00000553 - Quality issues detected
ORD00000554,2024-09-26,10:02,2024,12,December,Q4,Tuesday,CUST000155,Customer 155,Individual,Bangalore,India,customer155@company.com,9475732144,PROD000105,Product 105,PC164230,Industrial Equipment,Motors,High-quality Product 105,673,1686.56,1135054.88,2024-01-17,"Bangalore, 250940",FAC03,Factory 3,Plant 3,Bangalore,India,434331,LINE015,Assembly Line 15,Testing,12429,26263,2024-02-12,2024-08-01,2024-11-05,2024-02-26,Cancelled,63,73.88,10,No,2024-09-23,2024-10-03,Delayed,12,Order ORD00000554 - Quality issues detected
ORD00000555,2024-03-27,17:27,2024,3,March,Q1,Wednesday,CUST000156,Customer 156,OEM,Pune,India,customer156@company.com,9371995451,PROD000106,Product 106,PC528677,Electronics,Controllers,High-quality Product 106,294,4308.3,1266640.2,2024-05-16,"Pune, 985805",FAC04,Factory 4,Plant 4,Pune,India,638926,LINE016,Assembly Line 16,Assembly,22192,36925,2024-01-21,2024-12-01,2024-08-26,2024-11-28,Planned,78,83.32,26,Yes,2024-09-26,2024-08-16,Pending,-4,Order ORD00000555 - Quality issues detected
ORD00000556,2024-05-01,09:46,2024,1,January,Q1,Thursday,CUST000157,Customer 157,Distributor,Hyderabad,India,customer157@company.com,9302857339,PROD000107,Product 107,PC909742,Automotive,Engines,High-quality Product 107,215,3858.75,829631.25,2024-10-11,"Hyderabad, 846994",FAC05,Factory 5,Plant 5,Hyderabad,India,357214,LINE017,Assembly Line 17,Welding,8128,26857,2024-06-24,2024-04-15,2024-11-19,2024-07-13,In Progress,35,86.7,1,No,2024-09-11,2024-09-12,Shipped,-5,Order ORD00000556 - Production running smoothly
ORD00000557,2024-04-24,09:50,2024,8,August,Q3,Friday,CUST000158,Customer 158,Retailer,Chennai,India,customer158@company.com,9912808178,PROD000108,Product 108,PC633787,Machinery,Pumps,High-quality Product 108,10,3909.82,39098.2,2024-04-10,"Chennai, 241826",FAC06,Factory 6,Plant 6,Chennai,India,644340,LINE018,Assembly Line 18,Painting,43701,3113,2024-01-12,2024-11-14,2024-12-25,null,Completed,21,89.79,20,Yes,2024-02-06,2024-09-03,In Transit,13,Order ORD00000557 - Production running smoothly
ORD00000558,2024-10-07,10:16,2024,1,January,Q1,Saturday,CUST000159,Customer 159,Corporate,Kolkata,India,customer159@company.com,9144475653,PROD000109,Product 109,PC491176,Consumer Goods,Appliances,High-quality Product 109,983,1725.61,1696274.63,2024-01-14,"Kolkata, 658860",FAC07,Factory 7,Plant 7,Kolkata,India,228527,LINE019,Assembly Line 19,Packaging,27596,36302,2024-01-20,2024-01-24,2024-04-19,null,On Hold,23,87.99,13,Yes,2024-06-02,2024-01-06,Delivered,15,Order ORD00000558 - Production running smoothly
ORD00000559,2024-02-26,14:26,2024,3,March,Q1,Sunday,CUST000160,Customer 160,Individual,Jaipur,India,customer160@company.com,9248568878,PROD000110,Product 110,PC661612,Industrial Equipment,Motors,High-quality Product 110,43,4917.81,211465.83,2024-01-17,"Jaipur, 717731",FAC08,Factory 8,Plant 8,Jaipur,India,734595,LINE020,Assembly Line 20,Testing,14017,2453,2024-01-19,null,2024-05-24,2024-03-12,Cancelled,52,79.01,8,No,2024-06-13,2024-02-19,Delayed,11,Order ORD00000559 - Quality issues detected
ORD00000560,2024-10-13,10:29,2024,12,December,Q4,Monday,CUST000161,Customer 161,OEM,Mumbai,India,customer161@company.com,9929873393,PROD000111,Product 111,PC647023,Electronics,Controllers,High-quality Product 111,896,3645.28,3266170.88,2024-05-03,"Mumbai, 135342",FAC01,Factory 1,Plant 1,Mumbai,India,577694,LINE021,Assembly Line 21,Assembly,20151,19554,2024-02-15,2024-11-16,2024-07-03,2024-03-24,Planned,89,71.02,38,Yes,2024-11-15,2024-08-21,Pending,6,Order ORD00000560 - Quality issues detected
ORD00000561,2024-04-03,08:47,2024,4,April,Q2,Tuesday,CUST000162,Customer 162,Distributor,Delhi,India,customer162@company.com,9397741294,PROD000112,Product 112,PC637409,Automotive,Engines,High-quality Product 112,246,4232.35,1041158.1,2024-10-10,"Delhi, 425535",FAC02,Factory 2,Plant 2,Delhi,India,787275,LINE022,Assembly Line 22,Welding,10533,18411,2024-12-05,2024-01-20,2024-08-01,2024-01-27,In Progress,31,89.97,37,Yes,2024-04-11,2024-06-23,Shipped,5,Order ORD00000561 - Production running smoothly
ORD00000562,2024-07-01,12:33,2024,10,October,Q4,Wednesday,CUST000163,Customer 163,Retailer,Bangalore,India,customer163@company.com,9658243270,PROD000113,Product 113,PC339529,Machinery,Pumps,High-quality Product 113,790,733.77,579678.3,2024-12-14,"Bangalore, 741785",FAC03,Factory 3,Plant 3,Bangalore,India,645826,LINE023,Assembly Line 23,Painting,9656,36698,2024-08-03,2024-12-19,2024-11-20,2024-07-17,Completed,2,86.76,28,Yes,2024-08-18,null,In Transit,13,Order ORD00000562 - Production running smoothly
ORD00000563,2024-11-24,12:53,2024,3,March,Q1,Thursday,CUST000164,Customer 164,Corporate,Pune,India,customer164@company.com,9108294176,PROD000114,Product 114,PC239971,Consumer Goods,Appliances,High-quality Product 114,935,1993.72,1864128.2,2024-03-04,"Pune, 164649",FAC04,Factory 4,Plant 4,Pune,India,162411,LINE024,Assembly Line 24,Packaging,2226,30472,2024-03-03,2024-10-09,2024-02-27,2024-07-08,On Hold,58,76.09,10,No,2024-09-06,null,Delivered,14,Order ORD00000563 - Quality issues detected
ORD00000564,2024-09-08,13:00,2024,10,October,Q4,Friday,CUST000165,Customer 165,Individual,Hyderabad,India,customer165@company.com,9196697942,PROD000115,Product 115,PC779115,Industrial Equipment,Motors,High-quality Product 115,784,2470.71,1937036.64,2024-08-21,"Hyderabad, 338018",FAC05,Factory 5,Plant 5,Hyderabad,India,129841,LINE025,Assembly Line 25,Testing,4453,33314,2024-12-27,2024-05-04,2024-08-02,2024-04-07,Cancelled,24,91.8,46,Yes,2024-02-07,2024-05-23,Delayed,13,Order ORD00000564 - Production running smoothly
ORD00000565,2024-06-23,17:53,2024,5,May,Q2,Saturday,CUST000166,Customer 166,OEM,Chennai,India,customer166@company.com,9604861245,PROD000116,Product 116,PC819417,Electronics,Controllers,High-quality Product 116,716,1358.68,972814.88,2024-05-18,"Chennai, 453939",FAC06,Factory 6,Plant 6,Chennai,India,916367,LINE026,Assembly Line 26,Assembly,39093,6743,2024-10-05,2024-04-26,2024-07-26,2024-10-03,Planned,14,73.48,48,Yes,2024-03-15,2024-09-06,Pending,11,Order ORD00000565 - Quality issues detected
ORD00000566,2024-01-14,11:22,2024,12,December,Q4,Sunday,CUST000167,Customer 167,Distributor,Kolkata,India,customer167@company.com,9504491868,PROD000117,Product 117,PC954402,Automotive,Engines,High-quality Product 117,226,4439.98,1003435.48,2024-11-07,"Kolkata, 617200",FAC07,Factory 7,Plant 7,Kolkata,India,467319,LINE027,Assembly Line 27,Welding,28777,28356,2024-12-02,2024-06-11,2024-01-03,2024-03-04,In Progress,40,97.17,8,No,2024-01-24,2024-07-05,Shipped,10,Order ORD00000566 - Production running smoothly
ORD00000567,2024-06-09,10:01,2024,9,September,Q3,Monday,CUST000168,Customer 168,Retailer,Jaipur,India,customer168@company.com,9530414273,PROD000118,Product 118,PC531678,Machinery,Pumps,High-quality Product 118,80,528.3,42264,2024-11-10,"Jaipur, 287371",FAC08,Factory 8,Plant 8,Jaipur,India,517993,LINE028,Assembly Line 28,Painting,43741,15649,2024-07-27,2024-03-23,2024-09-05,2024-06-12,Completed,13,74.84,42,Yes,2024-11-06,2024-07-06,In Transit,-1,Order ORD00000567 - Quality issues detected
ORD00000568,2024-07-17,10:42,2024,5,May,Q2,Tuesday,CUST000169,Customer 169,Corporate,Mumbai,India,customer169@company.com,9387036836,PROD000119,Product 119,PC750732,Consumer Goods,Appliances,High-quality Product 119,694,3741.43,2596552.42,2024-06-11,"Mumbai, 609865",FAC01,Factory 1,Plant 1,Mumbai,India,659781,LINE029,Assembly Line 29,Packaging,12153,18111,2024-03-09,2024-05-15,2024-03-25,2024-01-06,On Hold,21,80.4,24,Yes,2024-04-19,2024-03-26,Delivered,8,Order ORD00000568 - Quality issues detected
ORD00000569,2024-04-14,12:21,2024,2,February,Q1,Wednesday,CUST000170,Customer 170,Individual,Delhi,India,customer170@company.com,9684951761,PROD000120,Product 120,PC909110,Industrial Equipment,Motors,High-quality Product 120,111,4334.01,481075.11,2024-03-09,"Delhi, 260893",FAC02,Factory 2,Plant 2,Delhi,India,732058,LINE030,Assembly Line 30,Testing,1328,38994,2024-09-21,2024-06-13,2024-01-07,2024-03-14,Cancelled,7,93.08,13,Yes,2024-12-04,2024-03-05,Delayed,11,Order ORD00000569 - Production running smoothly
ORD00000570,2024-07-26,11:50,2024,4,April,Q2,Thursday,CUST000171,Customer 171,OEM,Bangalore,India,customer171@company.com,9649353156,PROD000121,Product 121,PC145769,Electronics,Controllers,High-quality Product 121,687,605.82,416198.34,2024-11-08,"Bangalore, 714067",FAC03,Factory 3,Plant 3,Bangalore,India,137943,LINE001,Assembly Line 1,Assembly,7691,7719,2024-08-22,2024-08-20,2024-09-01,2024-03-08,Planned,85,92.84,41,Yes,2024-02-02,2024-11-11,Pending,1,Order ORD00000570 - Production running smoothly
ORD00000571,2024-05-28,14:47,2024,2,February,Q1,Friday,CUST000172,Customer 172,Distributor,Pune,India,customer172@company.com,9743770000,PROD000122,Product 122,PC928994,Automotive,Engines,High-quality Product 122,386,432.65,167002.9,2024-11-20,"Pune, 378307",FAC04,Factory 4,Plant 4,Pune,India,948668,LINE002,Assembly Line 2,Welding,40914,13830,2024-05-28,2024-06-05,2024-11-11,2024-07-21,In Progress,11,70.62,46,Yes,2024-07-17,2024-09-15,Shipped,-3,Order ORD00000571 - Quality issues detected
ORD00000572,2024-10-16,09:42,2024,5,May,Q2,Saturday,CUST000173,Customer 173,Retailer,Hyderabad,India,customer173@company.com,9516380506,PROD000123,Product 123,PC893037,Machinery,Pumps,High-quality Product 123,275,1040.45,286123.75,2024-02-05,"Hyderabad, 546034",FAC05,Factory 5,Plant 5,Hyderabad,India,275686,LINE003,Assembly Line 3,Painting,22840,20300,2024-05-16,2024-01-23,2024-07-09,null,Completed,56,86.22,42,Yes,2024-04-05,2024-01-18,In Transit,-2,Order ORD00000572 - Production running smoothly
ORD00000573,2024-10-22,16:37,2024,1,January,Q1,Sunday,CUST000174,Customer 174,Corporate,Chennai,India,customer174@company.com,9271661956,PROD000124,Product 124,PC966594,Consumer Goods,Appliances,High-quality Product 124,157,1661.29,260822.53,2024-10-23,"Chennai, 965915",FAC06,Factory 6,Plant 6,Chennai,India,453550,LINE004,Assembly Line 4,Packaging,46955,31971,2024-09-26,2024-12-16,2024-07-04,2024-08-16,On Hold,63,77.48,50,Yes,2024-02-11,2024-10-11,Delivered,13,Order ORD00000573 - Quality issues detected
ORD00000574,2024-04-02,11:29,2024,5,May,Q2,Monday,CUST000175,Customer 175,Individual,Kolkata,India,customer175@company.com,9167336390,PROD000125,Product 125,PC971592,Industrial Equipment,Motors,High-quality Product 125,632,4121.09,2604528.88,2024-09-11,"Kolkata, 209692",FAC07,Factory 7,Plant 7,Kolkata,India,195682,LINE005,Assembly Line 5,Testing,33706,898,2024-05-07,2024-06-05,2024-04-13,null,Cancelled,36,76.35,34,Yes,2024-10-25,2024-11-11,Delayed,6,Order ORD00000574 - Quality issues detected
ORD00000575,2024-11-09,08:55,2024,3,March,Q1,Tuesday,CUST000176,Customer 176,OEM,Jaipur,India,customer176@company.com,9888648260,PROD000126,Product 126,PC792500,Electronics,Controllers,High-quality Product 126,553,513.8,284131.4,2024-04-24,"Jaipur, 369768",FAC08,Factory 8,Plant 8,Jaipur,India,776281,LINE006,Assembly Line 6,Assembly,15424,4785,2024-10-12,2024-06-24,2024-08-25,2024-11-25,Planned,20,84.34,8,No,2024-06-13,2024-04-22,Pending,17,Order ORD00000575 - Quality issues detected
ORD00000576,2024-05-24,09:21,2024,10,October,Q4,Wednesday,CUST000177,Customer 177,Distributor,Mumbai,India,customer177@company.com,9997763939,PROD000127,Product 127,PC545146,Automotive,Engines,High-quality Product 127,479,4239.16,2030557.64,2024-06-27,"Mumbai, 613100",FAC01,Factory 1,Plant 1,Mumbai,India,347204,LINE007,Assembly Line 7,Welding,37424,18282,2024-01-13,2024-09-03,2024-01-27,null,In Progress,76,74.12,18,Yes,2024-01-02,2024-05-25,Shipped,-5,Order ORD00000576 - Quality issues detected
ORD00000577,2024-01-06,13:17,2024,10,October,Q4,Thursday,CUST000178,Customer 178,Retailer,Delhi,India,customer178@company.com,9445172525,PROD000128,Product 128,PC466937,Machinery,Pumps,High-quality Product 128,737,638.52,470589.24,2024-09-21,"Delhi, 663717",FAC02,Factory 2,Plant 2,Delhi,India,549159,LINE008,Assembly Line 8,Painting,5087,2508,2024-12-18,2024-10-18,2024-02-24,2024-10-25,Completed,50,99.74,27,Yes,2024-03-03,null,In Transit,7,Order ORD00000577 - Production running smoothly
ORD00000578,2024-12-21,14:24,2024,5,May,Q2,Friday,CUST000179,Customer 179,Corporate,Bangalore,India,customer179@company.com,9662967804,PROD000129,Product 129,PC110776,Consumer Goods,Appliances,High-quality Product 129,342,4680.12,1600601.04,2024-03-24,"Bangalore, 805219",FAC03,Factory 3,Plant 3,Bangalore,India,981421,LINE009,Assembly Line 9,Packaging,21824,2188,2024-08-19,null,2024-07-02,2024-12-28,On Hold,76,85.51,43,Yes,2024-02-17,2024-03-01,Delivered,14,Order ORD00000578 - Production running smoothly
ORD00000579,2024-06-11,11:23,2024,9,September,Q3,Saturday,CUST000180,Customer 180,Individual,Pune,India,customer180@company.com,9728786275,PROD000130,Product 130,PC154534,Industrial Equipment,Motors,High-quality Product 130,312,4465.61,1393270.32,2024-07-20,"Pune, 145481",FAC04,Factory 4,Plant 4,Pune,India,581698,LINE010,Assembly Line 10,Testing,1810,25264,2024-11-07,2024-06-06,2024-10-13,2024-02-04,Cancelled,95,88.56,4,No,2024-02-19,2024-07-28,Delayed,1,Order ORD00000579 - Production running smoothly
ORD00000580,2024-11-26,16:47,2024,11,November,Q4,Sunday,CUST000181,Customer 181,OEM,Hyderabad,India,customer181@company.com,9471033055,PROD000131,Product 131,PC798312,Electronics,Controllers,High-quality Product 131,924,607.21,561062.04,2024-03-05,"Hyderabad, 862491",FAC05,Factory 5,Plant 5,Hyderabad,India,465252,LINE011,Assembly Line 11,Assembly,39164,21944,2024-04-11,2024-02-19,2024-09-20,2024-04-09,Planned,61,78.03,39,Yes,2024-10-19,2024-01-15,Pending,3,Order ORD00000580 - Quality issues detected
ORD00000581,2024-02-06,13:56,2024,7,July,Q3,Monday,CUST000182,Customer 182,Distributor,Chennai,India,customer182@company.com,9941351027,PROD000132,Product 132,PC292422,Automotive,Engines,High-quality Product 132,115,1774.65,204084.75,2024-08-06,"Chennai, 167698",FAC06,Factory 6,Plant 6,Chennai,India,791369,LINE012,Assembly Line 12,Welding,5355,23748,2024-11-18,2024-12-28,2024-11-28,null,In Progress,84,90,20,Yes,2024-12-22,null,Shipped,-5,Order ORD00000581 - Production running smoothly
ORD00000582,2024-08-05,10:11,2024,12,December,Q4,Tuesday,CUST000183,Customer 183,Retailer,Kolkata,India,customer183@company.com,9398064523,PROD000133,Product 133,PC891207,Machinery,Pumps,High-quality Product 133,529,4631.44,2450031.76,2024-02-03,"Kolkata, 346423",FAC07,Factory 7,Plant 7,Kolkata,India,847485,LINE013,Assembly Line 13,Painting,7921,7000,2024-10-21,2024-01-23,2024-11-21,2024-03-28,Completed,20,97.72,41,Yes,2024-12-27,2024-02-25,In Transit,2,Order ORD00000582 - Production running smoothly
ORD00000583,2024-12-03,08:58,2024,12,December,Q4,Wednesday,CUST000184,Customer 184,Corporate,Jaipur,India,customer184@company.com,9901331996,PROD000134,Product 134,PC226288,Consumer Goods,Appliances,High-quality Product 134,639,4665.32,2981139.48,2024-12-19,"Jaipur, 545714",FAC08,Factory 8,Plant 8,Jaipur,India,403465,LINE014,Assembly Line 14,Packaging,5760,28192,2024-05-17,null,2024-10-20,null,On Hold,93,83.29,12,Yes,2024-01-25,2024-11-01,Delivered,16,Order ORD00000583 - Quality issues detected
ORD00000584,2024-04-03,16:30,2024,7,July,Q3,Thursday,CUST000185,Customer 185,Individual,Mumbai,India,customer185@company.com,9325872614,PROD000135,Product 135,PC644378,Industrial Equipment,Motors,High-quality Product 135,195,3711.49,723740.55,2024-11-20,"Mumbai, 582803",FAC01,Factory 1,Plant 1,Mumbai,India,125190,LINE015,Assembly Line 15,Testing,1439,28389,2024-01-17,2024-11-15,2024-03-26,2024-01-28,Cancelled,94,79.59,21,Yes,2024-07-16,2024-11-28,Delayed,12,Order ORD00000584 - Quality issues detected
ORD00000585,2024-02-08,17:53,2024,10,October,Q4,Friday,CUST000186,Customer 186,OEM,Delhi,India,customer186@company.com,9599244114,PROD000136,Product 136,PC134871,Electronics,Controllers,High-quality Product 136,579,3422.17,1981436.43,2024-08-04,"Delhi, 937042",FAC02,Factory 2,Plant 2,Delhi,India,114657,LINE016,Assembly Line 16,Assembly,22937,11060,2024-09-27,null,2024-10-08,2024-12-15,Planned,43,99.43,27,Yes,2024-10-25,2024-11-14,Pending,7,Order ORD00000585 - Production running smoothly
ORD00000586,2024-04-03,13:17,2024,7,July,Q3,Saturday,CUST000187,Customer 187,Distributor,Bangalore,India,customer187@company.com,9425404914,PROD000137,Product 137,PC836042,Automotive,Engines,High-quality Product 137,198,619.82,122724.36,2024-11-20,"Bangalore, 399917",FAC03,Factory 3,Plant 3,Bangalore,India,803870,LINE017,Assembly Line 17,Welding,37236,8957,2024-11-22,2024-11-27,2024-09-12,2024-02-14,In Progress,89,97.84,17,Yes,2024-01-23,2024-04-06,Shipped,8,Order ORD00000586 - Production running smoothly
ORD00000587,2024-09-16,09:39,2024,8,August,Q3,Sunday,CUST000188,Customer 188,Retailer,Pune,India,customer188@company.com,9993179772,PROD000138,Product 138,PC212341,Machinery,Pumps,High-quality Product 138,287,4549.74,1305775.38,2024-02-06,"Pune, 492185",FAC04,Factory 4,Plant 4,Pune,India,899153,LINE018,Assembly Line 18,Painting,16351,27420,2024-12-24,2024-02-21,2024-07-20,null,Completed,4,92.48,44,Yes,2024-03-22,2024-06-05,In Transit,4,Order ORD00000587 - Production running smoothly
ORD00000588,2024-10-23,11:13,2024,12,December,Q4,Monday,CUST000189,Customer 189,Corporate,Hyderabad,India,customer189@company.com,9347587319,PROD000139,Product 139,PC566157,Consumer Goods,Appliances,High-quality Product 139,563,2811.93,1583116.59,2024-02-04,"Hyderabad, 522693",FAC05,Factory 5,Plant 5,Hyderabad,India,234021,LINE019,Assembly Line 19,Packaging,25370,14875,2024-04-07,2024-02-21,2024-01-17,2024-12-27,On Hold,66,96.91,35,Yes,2024-05-24,2024-11-28,Delivered,10,Order ORD00000588 - Production running smoothly
ORD00000589,2024-09-01,15:54,2024,1,January,Q1,Tuesday,CUST000190,Customer 190,Individual,Chennai,India,customer190@company.com,9720831231,PROD000140,Product 140,PC110136,Industrial Equipment,Motors,High-quality Product 140,13,3375.3,43878.9,2024-06-02,"Chennai, 159864",FAC06,Factory 6,Plant 6,Chennai,India,650646,LINE020,Assembly Line 20,Testing,22499,32362,2024-09-04,2024-04-13,2024-11-21,2024-05-17,Cancelled,28,80.01,6,No,2024-11-14,2024-01-28,Delayed,2,Order ORD00000589 - Quality issues detected
ORD00000590,2024-01-25,11:16,2024,6,June,Q2,Wednesday,CUST000191,Customer 191,OEM,Kolkata,India,customer191@company.com,9973210676,PROD000141,Product 141,PC596381,Electronics,Controllers,High-quality Product 141,814,4875.4,3968575.6,2024-10-27,"Kolkata, 967008",FAC07,Factory 7,Plant 7,Kolkata,India,112813,LINE021,Assembly Line 21,Assembly,8882,10392,2024-09-03,2024-03-05,2024-09-17,null,Planned,95,76.37,34,Yes,2024-06-20,2024-06-02,Pending,20,Order ORD00000590 - Quality issues detected
ORD00000591,2024-08-21,17:30,2024,11,November,Q4,Thursday,CUST000192,Customer 192,Distributor,Jaipur,India,customer192@company.com,9968859735,PROD000142,Product 142,PC772978,Automotive,Engines,High-quality Product 142,793,2519.05,1997606.65,2024-10-03,"Jaipur, 686325",FAC08,Factory 8,Plant 8,Jaipur,India,575312,LINE022,Assembly Line 22,Welding,45693,29901,2024-01-16,2024-09-11,2024-08-22,2024-05-03,In Progress,47,79.71,31,Yes,2024-11-19,2024-03-20,Shipped,0,Order ORD00000591 - Quality issues detected
ORD00000592,2024-10-02,08:14,2024,11,November,Q4,Friday,CUST000193,Customer 193,Retailer,Mumbai,India,customer193@company.com,9134001032,PROD000143,Product 143,PC797476,Machinery,Pumps,High-quality Product 143,407,2846.15,1158383.05,2024-06-27,"Mumbai, 327706",FAC01,Factory 1,Plant 1,Mumbai,India,342637,LINE023,Assembly Line 23,Painting,28000,13964,2024-08-10,2024-07-13,2024-07-14,2024-03-07,Completed,40,76.18,4,No,2024-06-07,null,In Transit,13,Order ORD00000592 - Quality issues detected
ORD00000593,2024-10-18,16:24,2024,4,April,Q2,Saturday,CUST000194,Customer 194,Corporate,Delhi,India,customer194@company.com,9657909618,PROD000144,Product 144,PC164189,Consumer Goods,Appliances,High-quality Product 144,84,1279.72,107496.48,2024-12-24,"Delhi, 331695",FAC02,Factory 2,Plant 2,Delhi,India,584158,LINE024,Assembly Line 24,Packaging,44807,36364,2024-09-27,2024-02-22,2024-12-15,null,On Hold,2,74.5,35,Yes,2024-05-18,null,Delivered,10,Order ORD00000593 - Quality issues detected
ORD00000594,2024-08-22,13:33,2024,4,April,Q2,Sunday,CUST000195,Customer 195,Individual,Bangalore,India,customer195@company.com,9658378320,PROD000145,Product 145,PC844745,Industrial Equipment,Motors,High-quality Product 145,895,2615.05,2340469.75,2024-06-28,"Bangalore, 556939",FAC03,Factory 3,Plant 3,Bangalore,India,453449,LINE025,Assembly Line 25,Testing,18235,20353,2024-07-25,2024-01-15,2024-09-22,2024-12-01,Cancelled,14,80.64,15,Yes,2024-07-04,2024-08-03,Delayed,2,Order ORD00000594 - Quality issues detected
ORD00000595,2024-07-12,08:19,2024,12,December,Q4,Monday,CUST000196,Customer 196,OEM,Pune,India,customer196@company.com,9450180498,PROD000146,Product 146,PC420442,Electronics,Controllers,High-quality Product 146,303,902.89,273575.67,2024-03-28,"Pune, 969984",FAC04,Factory 4,Plant 4,Pune,India,155768,LINE026,Assembly Line 26,Assembly,26439,17980,2024-12-17,2024-10-12,2024-08-28,2024-03-20,Planned,41,76.72,1,No,2024-01-14,2024-07-16,Pending,18,Order ORD00000595 - Quality issues detected
ORD00000596,2024-07-28,16:12,2024,4,April,Q2,Tuesday,CUST000197,Customer 197,Distributor,Hyderabad,India,customer197@company.com,9422505622,PROD000147,Product 147,PC902377,Automotive,Engines,High-quality Product 147,363,4113.28,1493120.64,2024-02-15,"Hyderabad, 835123",FAC05,Factory 5,Plant 5,Hyderabad,India,625879,LINE027,Assembly Line 27,Welding,8620,35114,2024-01-03,2024-11-23,2024-10-02,null,In Progress,50,92.57,37,Yes,2024-11-25,2024-02-26,Shipped,14,Order ORD00000596 - Production running smoothly
ORD00000597,2024-11-24,15:52,2024,3,March,Q1,Wednesday,CUST000198,Customer 198,Retailer,Chennai,India,customer198@company.com,9910319053,PROD000148,Product 148,PC613434,Machinery,Pumps,High-quality Product 148,860,3028.15,2604209,2024-03-21,"Chennai, 762778",FAC06,Factory 6,Plant 6,Chennai,India,718923,LINE028,Assembly Line 28,Painting,6790,16116,2024-05-11,2024-04-01,2024-02-04,null,Completed,63,72.77,32,Yes,2024-07-14,2024-05-16,In Transit,2,Order ORD00000597 - Quality issues detected
ORD00000598,2024-06-23,10:40,2024,4,April,Q2,Thursday,CUST000199,Customer 199,Corporate,Kolkata,India,customer199@company.com,9216028921,PROD000149,Product 149,PC400912,Consumer Goods,Appliances,High-quality Product 149,497,1499.29,745147.13,2024-09-05,"Kolkata, 339270",FAC07,Factory 7,Plant 7,Kolkata,India,139893,LINE029,Assembly Line 29,Packaging,2208,25535,2024-05-17,2024-06-11,2024-11-23,2024-10-01,On Hold,36,94.99,13,Yes,2024-12-14,2024-09-11,Delivered,9,Order ORD00000598 - Production running smoothly
ORD00000599,2024-05-15,10:58,2024,9,September,Q3,Friday,CUST000200,Customer 200,Individual,Jaipur,India,customer200@company.com,9162483623,PROD000150,Product 150,PC286723,Industrial Equipment,Motors,High-quality Product 150,712,1327.56,945222.72,2024-04-09,"Jaipur, 628746",FAC08,Factory 8,Plant 8,Jaipur,India,774833,LINE030,Assembly Line 30,Testing,39493,4956,2024-05-17,null,2024-05-27,2024-08-20,Cancelled,28,86.02,31,Yes,2024-11-09,2024-01-01,Delayed,8,Order ORD00000599 - Production running smoothly
ORD00000600,2024-06-13,15:29,2024,10,October,Q4,Saturday,CUST000001,Customer 1,OEM,Mumbai,India,customer1@company.com,9419582084,PROD000001,Product 1,PC707425,Electronics,Controllers,High-quality Product 1,804,271.09,217956.36,2024-06-09,"Mumbai, 989786",FAC01,Factory 1,Plant 1,Mumbai,India,835715,LINE001,Assembly Line 1,Assembly,3527,29791,2024-10-14,2024-01-06,2024-06-03,2024-12-24,Planned,3,75.79,38,Yes,2024-01-13,2024-07-20,Pending,-5,Order ORD00000600 - Quality issues detected
ORD00000601,2024-04-22,11:06,2024,12,December,Q4,Sunday,CUST000002,Customer 2,Distributor,Delhi,India,customer2@company.com,9207442800,PROD000002,Product 2,PC948720,Automotive,Engines,High-quality Product 2,209,2945.89,615691.01,2024-03-09,"Delhi, 318997",FAC02,Factory 2,Plant 2,Delhi,India,614255,LINE002,Assembly Line 2,Welding,45026,19314,2024-08-16,2024-08-21,2024-01-28,2024-06-22,In Progress,3,72.82,32,Yes,2024-12-18,2024-08-05,Shipped,1,Order ORD00000601 - Quality issues detected
ORD00000602,2024-09-25,14:58,2024,10,October,Q4,Monday,CUST000003,Customer 3,Retailer,Bangalore,India,customer3@company.com,9558457588,PROD000003,Product 3,PC956997,Machinery,Pumps,High-quality Product 3,371,2542.4,943230.4,2024-05-04,"Bangalore, 485656",FAC03,Factory 3,Plant 3,Bangalore,India,151814,LINE003,Assembly Line 3,Painting,21123,12858,2024-01-03,2024-03-04,2024-11-05,null,Completed,37,72.23,34,Yes,2024-03-23,2024-02-17,In Transit,3,Order ORD00000602 - Quality issues detected
ORD00000603,2024-11-12,12:40,2024,11,November,Q4,Tuesday,CUST000004,Customer 4,Corporate,Pune,India,customer4@company.com,9489423599,PROD000004,Product 4,PC908709,Consumer Goods,Appliances,High-quality Product 4,312,3227.72,1007048.64,2024-05-06,"Pune, 380312",FAC04,Factory 4,Plant 4,Pune,India,952769,LINE004,Assembly Line 4,Packaging,46452,23274,2024-02-27,2024-12-13,2024-10-20,null,On Hold,30,76.16,8,No,2024-09-13,2024-07-14,Delivered,-3,Order ORD00000603 - Quality issues detected
ORD00000604,2024-10-08,10:07,2024,12,December,Q4,Wednesday,CUST000005,Customer 5,Individual,Hyderabad,India,customer5@company.com,9509665008,PROD000005,Product 5,PC856307,Industrial Equipment,Motors,High-quality Product 5,125,4585.59,573198.75,2024-12-08,"Hyderabad, 460176",FAC05,Factory 5,Plant 5,Hyderabad,India,415844,LINE005,Assembly Line 5,Testing,15697,25125,2024-12-05,2024-07-17,2024-06-03,2024-01-03,Cancelled,77,97.64,20,Yes,2024-10-09,2024-05-24,Delayed,9,Order ORD00000604 - Production running smoothly
ORD00000605,2024-08-06,11:09,2024,12,December,Q4,Thursday,CUST000006,Customer 6,OEM,Chennai,India,customer6@company.com,9578714721,PROD000006,Product 6,PC725674,Electronics,Controllers,High-quality Product 6,101,1131,114231,2024-04-09,"Chennai, 256436",FAC06,Factory 6,Plant 6,Chennai,India,817270,LINE006,Assembly Line 6,Assembly,30530,24633,2024-12-27,null,2024-08-03,2024-09-21,Planned,3,79.6,47,Yes,2024-01-23,2024-05-06,Pending,18,Order ORD00000605 - Quality issues detected
ORD00000606,2024-12-19,12:57,2024,4,April,Q2,Friday,CUST000007,Customer 7,Distributor,Kolkata,India,customer7@company.com,9345910396,PROD000007,Product 7,PC680780,Automotive,Engines,High-quality Product 7,959,1211.02,1161368.18,2024-04-17,"Kolkata, 166792",FAC07,Factory 7,Plant 7,Kolkata,India,425686,LINE007,Assembly Line 7,Welding,47590,5722,2024-05-21,2024-01-25,2024-12-18,null,In Progress,21,92.76,28,Yes,2024-08-21,null,Shipped,7,Order ORD00000606 - Production running smoothly
ORD00000607,2024-05-03,17:45,2024,7,July,Q3,Saturday,CUST000008,Customer 8,Retailer,Jaipur,India,customer8@company.com,9718298376,PROD000008,Product 8,PC125414,Machinery,Pumps,High-quality Product 8,640,1620.46,1037094.4,2024-03-13,"Jaipur, 561338",FAC08,Factory 8,Plant 8,Jaipur,India,409418,LINE008,Assembly Line 8,Painting,44868,31185,2024-11-08,2024-10-04,2024-03-05,2024-10-19,Completed,15,82.84,4,No,2024-03-23,null,In Transit,7,Order ORD00000607 - Quality issues detected
ORD00000608,2024-07-18,11:35,2024,4,April,Q2,Sunday,CUST000009,Customer 9,Corporate,Mumbai,India,customer9@company.com,9608795802,PROD000009,Product 9,PC382401,Consumer Goods,Appliances,High-quality Product 9,96,2461.19,236274.24,2024-02-24,"Mumbai, 703416",FAC01,Factory 1,Plant 1,Mumbai,India,150682,LINE009,Assembly Line 9,Packaging,18210,831,2024-07-21,2024-10-17,2024-11-11,null,On Hold,55,77.28,8,No,2024-10-08,null,Delivered,20,Order ORD00000608 - Quality issues detected
ORD00000609,2024-05-26,13:09,2024,1,January,Q1,Monday,CUST000010,Customer 10,Individual,Delhi,India,customer10@company.com,9619413523,PROD000010,Product 10,PC989667,Industrial Equipment,Motors,High-quality Product 10,68,2657.33,180698.44,2024-12-23,"Delhi, 610997",FAC02,Factory 2,Plant 2,Delhi,India,189454,LINE010,Assembly Line 10,Testing,23333,28477,2024-11-14,2024-06-14,2024-06-24,2024-12-13,Cancelled,77,74.16,14,Yes,2024-09-14,2024-09-04,Delayed,3,Order ORD00000609 - Quality issues detected
ORD00000610,2024-12-08,09:09,2024,1,January,Q1,Tuesday,CUST000011,Customer 11,OEM,Bangalore,India,customer11@company.com,9512885424,PROD000011,Product 11,PC659769,Electronics,Controllers,High-quality Product 11,231,1120.57,258851.67,2024-10-07,"Bangalore, 817704",FAC03,Factory 3,Plant 3,Bangalore,India,961541,LINE011,Assembly Line 11,Assembly,3744,13668,2024-06-07,2024-01-26,2024-09-17,null,Planned,31,79.12,44,Yes,2024-10-11,2024-02-28,Pending,-5,Order ORD00000610 - Quality issues detected
ORD00000611,2024-04-11,09:31,2024,9,September,Q3,Wednesday,CUST000012,Customer 12,Distributor,Pune,India,customer12@company.com,9758250348,PROD000012,Product 12,PC377873,Automotive,Engines,High-quality Product 12,853,520,443560,2024-10-18,"Pune, 908721",FAC04,Factory 4,Plant 4,Pune,India,674569,LINE012,Assembly Line 12,Welding,1825,34231,2024-10-05,2024-01-02,2024-01-01,2024-03-23,In Progress,47,70.52,50,Yes,2024-01-11,null,Shipped,-4,Order ORD00000611 - Quality issues detected
ORD00000612,2024-02-19,09:24,2024,3,March,Q1,Thursday,CUST000013,Customer 13,Retailer,Hyderabad,India,customer13@company.com,9137971790,PROD000013,Product 13,PC762461,Machinery,Pumps,High-quality Product 13,462,512.01,236548.62,2024-04-10,"Hyderabad, 584504",FAC05,Factory 5,Plant 5,Hyderabad,India,220593,LINE013,Assembly Line 13,Painting,28441,9634,2024-09-07,null,2024-01-11,2024-09-18,Completed,55,88.45,23,Yes,2024-01-14,2024-02-05,In Transit,8,Order ORD00000612 - Production running smoothly
ORD00000613,2024-11-11,10:57,2024,6,June,Q2,Friday,CUST000014,Customer 14,Corporate,Chennai,India,customer14@company.com,9525980746,PROD000014,Product 14,PC965118,Consumer Goods,Appliances,High-quality Product 14,793,4310.79,3418456.47,2024-12-13,"Chennai, 384695",FAC06,Factory 6,Plant 6,Chennai,India,190792,LINE014,Assembly Line 14,Packaging,2844,22964,2024-10-17,2024-10-06,2024-05-13,2024-06-22,On Hold,32,98.69,2,No,2024-07-28,2024-01-09,Delivered,9,Order ORD00000613 - Production running smoothly
ORD00000614,2024-07-14,17:17,2024,12,December,Q4,Saturday,CUST000015,Customer 15,Individual,Kolkata,India,customer15@company.com,9635167371,PROD000015,Product 15,PC834510,Industrial Equipment,Motors,High-quality Product 15,899,4029.58,3622592.42,2024-03-28,"Kolkata, 367824",FAC07,Factory 7,Plant 7,Kolkata,India,459606,LINE015,Assembly Line 15,Testing,28416,28842,2024-09-11,2024-01-18,2024-08-03,2024-09-10,Cancelled,19,89.37,29,Yes,2024-11-04,2024-07-14,Delayed,-3,Order ORD00000614 - Production running smoothly
ORD00000615,2024-09-05,13:42,2024,10,October,Q4,Sunday,CUST000016,Customer 16,OEM,Jaipur,India,customer16@company.com,9252117632,PROD000016,Product 16,PC774518,Electronics,Controllers,High-quality Product 16,372,2639.86,982027.92,2024-01-24,"Jaipur, 240503",FAC08,Factory 8,Plant 8,Jaipur,India,247777,LINE016,Assembly Line 16,Assembly,33048,13456,2024-05-19,2024-09-09,2024-11-28,2024-07-25,Planned,37,93.53,21,Yes,2024-07-09,null,Pending,10,Order ORD00000615 - Production running smoothly
ORD00000616,2024-10-08,12:04,2024,11,November,Q4,Monday,CUST000017,Customer 17,Distributor,Mumbai,India,customer17@company.com,9153128882,PROD000017,Product 17,PC919617,Automotive,Engines,High-quality Product 17,948,551.8,523106.4,2024-10-08,"Mumbai, 798082",FAC01,Factory 1,Plant 1,Mumbai,India,880770,LINE017,Assembly Line 17,Welding,42955,22621,2024-01-01,2024-04-03,2024-06-02,2024-07-04,In Progress,69,73.59,1,No,2024-07-09,2024-08-12,Shipped,10,Order ORD00000616 - Quality issues detected
ORD00000617,2024-10-21,16:21,2024,2,February,Q1,Tuesday,CUST000018,Customer 18,Retailer,Delhi,India,customer18@company.com,9881075675,PROD000018,Product 18,PC974427,Machinery,Pumps,High-quality Product 18,728,1057.43,769809.04,2024-09-04,"Delhi, 307963",FAC02,Factory 2,Plant 2,Delhi,India,494324,LINE018,Assembly Line 18,Painting,40221,39445,2024-05-28,2024-04-13,2024-02-25,2024-06-17,Completed,90,77.69,21,Yes,2024-10-21,2024-04-24,In Transit,13,Order ORD00000617 - Quality issues detected
ORD00000618,2024-04-22,09:38,2024,7,July,Q3,Wednesday,CUST000019,Customer 19,Corporate,Bangalore,India,customer19@company.com,9490717663,PROD000019,Product 19,PC926930,Consumer Goods,Appliances,High-quality Product 19,918,1176.15,1079705.7,2024-02-17,"Bangalore, 461430",FAC03,Factory 3,Plant 3,Bangalore,India,472210,LINE019,Assembly Line 19,Packaging,8082,12951,2024-06-10,2024-11-12,2024-02-18,2024-03-27,On Hold,84,98.04,16,Yes,2024-03-13,2024-09-21,Delivered,17,Order ORD00000618 - Production running smoothly
ORD00000619,2024-07-20,10:45,2024,10,October,Q4,Thursday,CUST000020,Customer 20,Individual,Pune,India,customer20@company.com,9277224637,PROD000020,Product 20,PC454976,Industrial Equipment,Motors,High-quality Product 20,504,1334.09,672381.36,2024-03-05,"Pune, 383197",FAC04,Factory 4,Plant 4,Pune,India,999120,LINE020,Assembly Line 20,Testing,10416,16423,2024-08-25,2024-06-10,2024-12-21,2024-08-02,Cancelled,2,75.79,44,Yes,2024-03-08,2024-03-11,Delayed,3,Order ORD00000619 - Quality issues detected
ORD00000620,2024-04-08,17:27,2024,11,November,Q4,Friday,CUST000021,Customer 21,OEM,Hyderabad,India,customer21@company.com,9878200220,PROD000021,Product 21,PC732274,Electronics,Controllers,High-quality Product 21,137,137.06,18777.22,2024-03-07,"Hyderabad, 628292",FAC05,Factory 5,Plant 5,Hyderabad,India,929273,LINE021,Assembly Line 21,Assembly,1396,9959,2024-06-08,2024-12-27,2024-10-23,2024-12-10,Planned,91,97.37,38,Yes,2024-02-17,2024-09-10,Pending,0,Order ORD00000620 - Production running smoothly
ORD00000621,2024-02-23,10:41,2024,6,June,Q2,Saturday,CUST000022,Customer 22,Distributor,Chennai,India,customer22@company.com,9324285255,PROD000022,Product 22,PC798151,Automotive,Engines,High-quality Product 22,517,705.33,364655.61,2024-10-15,"Chennai, 167734",FAC06,Factory 6,Plant 6,Chennai,India,582393,LINE022,Assembly Line 22,Welding,21983,6413,2024-01-13,2024-11-14,2024-12-11,2024-05-05,In Progress,51,85.2,23,Yes,2024-09-03,2024-03-16,Shipped,19,Order ORD00000621 - Production running smoothly
ORD00000622,2024-06-14,16:00,2024,4,April,Q2,Sunday,CUST000023,Customer 23,Retailer,Kolkata,India,customer23@company.com,9959452789,PROD000023,Product 23,PC562399,Machinery,Pumps,High-quality Product 23,905,4519.9,4090509.5,2024-03-24,"Kolkata, 654062",FAC07,Factory 7,Plant 7,Kolkata,India,211227,LINE023,Assembly Line 23,Painting,33734,24767,2024-12-14,null,2024-11-08,2024-12-22,Completed,15,85.99,26,Yes,2024-09-23,2024-02-09,In Transit,1,Order ORD00000622 - Production running smoothly
ORD00000623,2024-10-15,16:14,2024,7,July,Q3,Monday,CUST000024,Customer 24,Corporate,Jaipur,India,customer24@company.com,9439833465,PROD000024,Product 24,PC136764,Consumer Goods,Appliances,High-quality Product 24,100,3068.24,306824,2024-05-28,"Jaipur, 670244",FAC08,Factory 8,Plant 8,Jaipur,India,248989,LINE024,Assembly Line 24,Packaging,31761,953,2024-06-18,2024-07-18,2024-09-20,2024-12-07,On Hold,9,79.71,22,Yes,2024-08-16,2024-03-05,Delivered,20,Order ORD00000623 - Quality issues detected
ORD00000624,2024-11-15,11:31,2024,6,June,Q2,Tuesday,CUST000025,Customer 25,Individual,Mumbai,India,customer25@company.com,9462944181,PROD000025,Product 25,PC851547,Industrial Equipment,Motors,High-quality Product 25,113,4139.94,467813.22,2024-08-26,"Mumbai, 466709",FAC01,Factory 1,Plant 1,Mumbai,India,487302,LINE025,Assembly Line 25,Testing,19110,17301,2024-02-10,2024-10-06,2024-07-20,2024-11-13,Cancelled,25,77.59,48,Yes,2024-07-12,2024-01-24,Delayed,13,Order ORD00000624 - Quality issues detected
ORD00000625,2024-07-05,17:46,2024,5,May,Q2,Wednesday,CUST000026,Customer 26,OEM,Delhi,India,customer26@company.com,9616775374,PROD000026,Product 26,PC636571,Electronics,Controllers,High-quality Product 26,169,1540.54,260351.26,2024-03-03,"Delhi, 552403",FAC02,Factory 2,Plant 2,Delhi,India,752784,LINE026,Assembly Line 26,Assembly,43548,34527,2024-07-15,null,2024-06-15,2024-02-23,Planned,48,83.07,19,Yes,2024-04-11,2024-02-09,Pending,20,Order ORD00000625 - Quality issues detected
ORD00000626,2024-07-02,15:01,2024,6,June,Q2,Thursday,CUST000027,Customer 27,Distributor,Bangalore,India,customer27@company.com,9675635105,PROD000027,Product 27,PC783734,Automotive,Engines,High-quality Product 27,109,2719.44,296418.96,2024-06-27,"Bangalore, 499027",FAC03,Factory 3,Plant 3,Bangalore,India,523918,LINE027,Assembly Line 27,Welding,20015,714,2024-12-02,2024-05-12,2024-01-03,2024-09-10,In Progress,78,93.33,13,Yes,2024-11-22,2024-08-20,Shipped,5,Order ORD00000626 - Production running smoothly
ORD00000627,2024-02-22,09:05,2024,3,March,Q1,Friday,CUST000028,Customer 28,Retailer,Pune,India,customer28@company.com,9153841052,PROD000028,Product 28,PC329653,Machinery,Pumps,High-quality Product 28,624,1915.16,1195059.84,2024-08-17,"Pune, 941133",FAC04,Factory 4,Plant 4,Pune,India,149303,LINE028,Assembly Line 28,Painting,31244,26326,2024-02-04,2024-02-21,2024-11-27,2024-06-27,Completed,83,83.04,9,No,2024-04-01,2024-03-06,In Transit,3,Order ORD00000627 - Quality issues detected
ORD00000628,2024-11-02,11:25,2024,12,December,Q4,Saturday,CUST000029,Customer 29,Corporate,Hyderabad,India,customer29@company.com,9600249476,PROD000029,Product 29,PC828007,Consumer Goods,Appliances,High-quality Product 29,979,1738.72,1702206.88,2024-07-16,"Hyderabad, 545126",FAC05,Factory 5,Plant 5,Hyderabad,India,670039,LINE029,Assembly Line 29,Packaging,40565,5125,2024-03-08,2024-12-27,2024-12-20,2024-04-22,On Hold,34,86.45,36,Yes,2024-03-10,null,Delivered,14,Order ORD00000628 - Production running smoothly
ORD00000629,2024-06-17,14:27,2024,1,January,Q1,Sunday,CUST000030,Customer 30,Individual,Chennai,India,customer30@company.com,9446593098,PROD000030,Product 30,PC110898,Industrial Equipment,Motors,High-quality Product 30,549,3818.47,2096340.03,2024-06-09,"Chennai, 845077",FAC06,Factory 6,Plant 6,Chennai,India,390532,LINE030,Assembly Line 30,Testing,18070,26680,2024-01-05,2024-07-20,2024-04-20,null,Cancelled,3,74.15,15,Yes,2024-08-10,2024-05-02,Delayed,-1,Order ORD00000629 - Quality issues detected
ORD00000630,2024-03-15,08:11,2024,7,July,Q3,Monday,CUST000031,Customer 31,OEM,Kolkata,India,customer31@company.com,9567883297,PROD000031,Product 31,PC869844,Electronics,Controllers,High-quality Product 31,940,472.07,443745.8,2024-08-06,"Kolkata, 308467",FAC07,Factory 7,Plant 7,Kolkata,India,765007,LINE001,Assembly Line 1,Assembly,12971,3480,2024-09-20,2024-01-07,2024-04-27,null,Planned,52,78.42,20,Yes,2024-06-10,2024-05-05,Pending,-5,Order ORD00000630 - Quality issues detected
ORD00000631,2024-10-21,15:36,2024,8,August,Q3,Tuesday,CUST000032,Customer 32,Distributor,Jaipur,India,customer32@company.com,9855108676,PROD000032,Product 32,PC265916,Automotive,Engines,High-quality Product 32,94,1966.36,184837.84,2024-04-03,"Jaipur, 810514",FAC08,Factory 8,Plant 8,Jaipur,India,819574,LINE002,Assembly Line 2,Welding,49489,14219,2024-03-11,2024-09-21,2024-09-04,2024-10-10,In Progress,41,83.7,35,Yes,2024-09-04,2024-06-04,Shipped,15,Order ORD00000631 - Quality issues detected
ORD00000632,2024-12-26,16:22,2024,2,February,Q1,Wednesday,CUST000033,Customer 33,Retailer,Mumbai,India,customer33@company.com,9433925599,PROD000033,Product 33,PC899703,Machinery,Pumps,High-quality Product 33,235,312.13,73350.55,2024-05-21,"Mumbai, 169889",FAC01,Factory 1,Plant 1,Mumbai,India,183521,LINE003,Assembly Line 3,Painting,26833,10166,2024-10-13,2024-07-28,2024-03-27,2024-09-14,Completed,4,85.85,49,Yes,2024-04-14,2024-07-14,In Transit,14,Order ORD00000632 - Production running smoothly
ORD00000633,2024-03-19,13:00,2024,2,February,Q1,Thursday,CUST000034,Customer 34,Corporate,Delhi,India,customer34@company.com,9808053972,PROD000034,Product 34,PC375619,Consumer Goods,Appliances,High-quality Product 34,597,4663.44,2784073.68,2024-07-27,"Delhi, 906518",FAC02,Factory 2,Plant 2,Delhi,India,851611,LINE004,Assembly Line 4,Packaging,5457,2790,2024-09-04,2024-02-25,2024-05-28,null,On Hold,93,75.46,27,Yes,2024-12-25,2024-08-13,Delivered,20,Order ORD00000633 - Quality issues detected
ORD00000634,2024-08-09,10:05,2024,12,December,Q4,Friday,CUST000035,Customer 35,Individual,Bangalore,India,customer35@company.com,9249796540,PROD000035,Product 35,PC368815,Industrial Equipment,Motors,High-quality Product 35,387,637.03,246530.61,2024-03-26,"Bangalore, 412321",FAC03,Factory 3,Plant 3,Bangalore,India,934218,LINE005,Assembly Line 5,Testing,49106,12199,2024-05-09,2024-10-27,2024-09-18,2024-11-05,Cancelled,14,95.83,35,Yes,2024-07-22,2024-07-06,Delayed,6,Order ORD00000634 - Production running smoothly
ORD00000635,2024-12-26,15:24,2024,12,December,Q4,Saturday,CUST000036,Customer 36,OEM,Pune,India,customer36@company.com,9754006215,PROD000036,Product 36,PC851628,Electronics,Controllers,High-quality Product 36,865,576.35,498542.75,2024-09-05,"Pune, 382037",FAC04,Factory 4,Plant 4,Pune,India,810502,LINE006,Assembly Line 6,Assembly,31191,23294,2024-02-22,2024-01-15,2024-05-01,2024-02-03,Planned,83,92.87,22,Yes,2024-02-15,null,Pending,1,Order ORD00000635 - Production running smoothly
ORD00000636,2024-03-06,12:41,2024,6,June,Q2,Sunday,CUST000037,Customer 37,Distributor,Hyderabad,India,customer37@company.com,9328500427,PROD000037,Product 37,PC465840,Automotive,Engines,High-quality Product 37,780,285.74,222877.2,2024-11-17,"Hyderabad, 564374",FAC05,Factory 5,Plant 5,Hyderabad,India,343763,LINE007,Assembly Line 7,Welding,46950,24376,2024-07-26,2024-03-21,2024-12-05,null,In Progress,59,91.11,26,Yes,2024-12-14,2024-04-11,Shipped,19,Order ORD00000636 - Production running smoothly
ORD00000637,2024-10-04,12:26,2024,2,February,Q1,Monday,CUST000038,Customer 38,Retailer,Chennai,India,customer38@company.com,9844312084,PROD000038,Product 38,PC227858,Machinery,Pumps,High-quality Product 38,72,1575.48,113434.56,2024-06-26,"Chennai, 632511",FAC06,Factory 6,Plant 6,Chennai,India,297966,LINE008,Assembly Line 8,Painting,22342,6792,2024-03-03,2024-07-09,2024-06-02,null,Completed,65,99.08,2,No,2024-10-06,2024-03-05,In Transit,19,Order ORD00000637 - Production running smoothly
ORD00000638,2024-11-12,14:14,2024,7,July,Q3,Tuesday,CUST000039,Customer 39,Corporate,Kolkata,India,customer39@company.com,9385714926,PROD000039,Product 39,PC844799,Consumer Goods,Appliances,High-quality Product 39,380,3079.87,1170350.6,2024-09-23,"Kolkata, 988442",FAC07,Factory 7,Plant 7,Kolkata,India,878284,LINE009,Assembly Line 9,Packaging,35614,20370,2024-10-27,2024-03-02,2024-02-04,2024-11-25,On Hold,86,88.95,49,Yes,2024-06-25,2024-05-09,Delivered,-1,Order ORD00000638 - Production running smoothly
ORD00000639,2024-02-28,08:10,2024,2,February,Q1,Wednesday,CUST000040,Customer 40,Individual,Jaipur,India,customer40@company.com,9953562717,PROD000040,Product 40,PC336593,Industrial Equipment,Motors,High-quality Product 40,376,3805.2,1430755.2,2024-08-23,"Jaipur, 411699",FAC08,Factory 8,Plant 8,Jaipur,India,743113,LINE010,Assembly Line 10,Testing,17918,3116,2024-06-21,null,2024-04-24,null,Cancelled,45,89,19,Yes,2024-07-04,2024-12-13,Delayed,7,Order ORD00000639 - Production running smoothly
ORD00000640,2024-02-16,15:23,2024,9,September,Q3,Thursday,CUST000041,Customer 41,OEM,Mumbai,India,customer41@company.com,9812613991,PROD000041,Product 41,PC168470,Electronics,Controllers,High-quality Product 41,249,2381.44,592978.56,2024-12-02,"Mumbai, 259142",FAC01,Factory 1,Plant 1,Mumbai,India,257224,LINE011,Assembly Line 11,Assembly,12325,16048,2024-07-20,2024-03-24,2024-07-01,null,Planned,27,70.66,2,No,2024-12-13,2024-10-22,Pending,13,Order ORD00000640 - Quality issues detected
ORD00000641,2024-01-22,12:14,2024,9,September,Q3,Friday,CUST000042,Customer 42,Distributor,Delhi,India,customer42@company.com,9616403613,PROD000042,Product 42,PC416154,Automotive,Engines,High-quality Product 42,690,4407.65,3041278.5,2024-04-28,"Delhi, 189809",FAC02,Factory 2,Plant 2,Delhi,India,534170,LINE012,Assembly Line 12,Welding,21517,1787,2024-06-07,2024-07-02,2024-08-09,2024-11-11,In Progress,86,72.8,42,Yes,2024-12-12,null,Shipped,13,Order ORD00000641 - Quality issues detected
ORD00000642,2024-07-23,16:58,2024,4,April,Q2,Saturday,CUST000043,Customer 43,Retailer,Bangalore,India,customer43@company.com,9686365741,PROD000043,Product 43,PC743811,Machinery,Pumps,High-quality Product 43,796,2735.51,2177465.96,2024-03-21,"Bangalore, 738608",FAC03,Factory 3,Plant 3,Bangalore,India,132313,LINE013,Assembly Line 13,Painting,26867,13440,2024-03-14,2024-07-18,2024-03-09,2024-08-15,Completed,57,81.15,15,Yes,2024-12-03,2024-07-12,In Transit,5,Order ORD00000642 - Quality issues detected
ORD00000643,2024-03-09,11:33,2024,12,December,Q4,Sunday,CUST000044,Customer 44,Corporate,Pune,India,customer44@company.com,9474997940,PROD000044,Product 44,PC827842,Consumer Goods,Appliances,High-quality Product 44,443,2028.1,898448.3,2024-04-23,"Pune, 468300",FAC04,Factory 4,Plant 4,Pune,India,972850,LINE014,Assembly Line 14,Packaging,44095,20252,2024-11-11,2024-02-28,2024-08-20,2024-08-09,On Hold,57,81.48,23,Yes,2024-09-28,2024-03-14,Delivered,8,Order ORD00000643 - Quality issues detected
ORD00000644,2024-09-26,11:57,2024,7,July,Q3,Monday,CUST000045,Customer 45,Individual,Hyderabad,India,customer45@company.com,9346355876,PROD000045,Product 45,PC779615,Industrial Equipment,Motors,High-quality Product 45,946,4741.73,4485676.58,2024-11-22,"Hyderabad, 851484",FAC05,Factory 5,Plant 5,Hyderabad,India,495674,LINE015,Assembly Line 15,Testing,15746,39509,2024-11-06,2024-02-13,2024-05-15,2024-04-05,Cancelled,78,70.19,45,Yes,2024-08-18,null,Delayed,7,Order ORD00000644 - Quality issues detected
ORD00000645,2024-07-10,12:01,2024,6,June,Q2,Tuesday,CUST000046,Customer 46,OEM,Chennai,India,customer46@company.com,9548890069,PROD000046,Product 46,PC144595,Electronics,Controllers,High-quality Product 46,235,3968.67,932637.45,2024-10-17,"Chennai, 302795",FAC06,Factory 6,Plant 6,Chennai,India,518957,LINE016,Assembly Line 16,Assembly,38614,14493,2024-08-24,2024-08-06,2024-10-02,2024-11-22,Planned,86,98.84,43,Yes,2024-05-05,2024-12-24,Pending,3,Order ORD00000645 - Production running smoothly
ORD00000646,2024-04-25,12:07,2024,2,February,Q1,Wednesday,CUST000047,Customer 47,Distributor,Kolkata,India,customer47@company.com,9865535459,PROD000047,Product 47,PC571015,Automotive,Engines,High-quality Product 47,686,1714.1,1175872.6,2024-10-05,"Kolkata, 402627",FAC07,Factory 7,Plant 7,Kolkata,India,819707,LINE017,Assembly Line 17,Welding,1094,30453,2024-11-21,2024-03-14,2024-06-06,2024-09-08,In Progress,67,89.98,5,No,2024-04-12,null,Shipped,-2,Order ORD00000646 - Production running smoothly
ORD00000647,2024-07-03,17:15,2024,11,November,Q4,Thursday,CUST000048,Customer 48,Retailer,Jaipur,India,customer48@company.com,9793194988,PROD000048,Product 48,PC846796,Machinery,Pumps,High-quality Product 48,737,1120.95,826140.15,2024-11-21,"Jaipur, 880576",FAC08,Factory 8,Plant 8,Jaipur,India,830658,LINE018,Assembly Line 18,Painting,7773,914,2024-02-23,2024-07-26,2024-09-13,2024-06-04,Completed,72,89.2,19,Yes,2024-09-05,2024-10-06,In Transit,15,Order ORD00000647 - Production running smoothly
ORD00000648,2024-02-11,08:39,2024,3,March,Q1,Friday,CUST000049,Customer 49,Corporate,Mumbai,India,customer49@company.com,9528823818,PROD000049,Product 49,PC389262,Consumer Goods,Appliances,High-quality Product 49,158,2760.22,436114.76,2024-10-25,"Mumbai, 295426",FAC01,Factory 1,Plant 1,Mumbai,India,100097,LINE019,Assembly Line 19,Packaging,15835,9241,2024-07-16,2024-12-11,2024-01-16,2024-10-02,On Hold,97,85.72,7,No,2024-04-13,2024-11-08,Delivered,-2,Order ORD00000648 - Production running smoothly
ORD00000649,2024-03-05,11:48,2024,6,June,Q2,Saturday,CUST000050,Customer 50,Individual,Delhi,India,customer50@company.com,9978203024,PROD000050,Product 50,PC486307,Industrial Equipment,Motors,High-quality Product 50,549,281.72,154664.28,2024-12-24,"Delhi, 982179",FAC02,Factory 2,Plant 2,Delhi,India,475404,LINE020,Assembly Line 20,Testing,8846,20754,2024-02-03,2024-03-27,2024-01-22,null,Cancelled,70,78.87,15,Yes,2024-09-03,2024-05-27,Delayed,14,Order ORD00000649 - Quality issues detected
ORD00000650,2024-06-27,17:23,2024,9,September,Q3,Sunday,CUST000051,Customer 51,OEM,Bangalore,India,customer51@company.com,9216438424,PROD000051,Product 51,PC390236,Electronics,Controllers,High-quality Product 51,927,3037.31,2815586.37,2024-05-16,"Bangalore, 520139",FAC03,Factory 3,Plant 3,Bangalore,India,421353,LINE021,Assembly Line 21,Assembly,46916,33045,2024-11-14,2024-03-28,2024-06-28,null,Planned,26,87.22,34,Yes,2024-10-15,2024-04-03,Pending,3,Order ORD00000650 - Production running smoothly
ORD00000651,2024-07-07,08:50,2024,10,October,Q4,Monday,CUST000052,Customer 52,Distributor,Pune,India,customer52@company.com,9780863117,PROD000052,Product 52,PC129366,Automotive,Engines,High-quality Product 52,798,1581.83,1262300.34,2024-05-28,"Pune, 174849",FAC04,Factory 4,Plant 4,Pune,India,747806,LINE022,Assembly Line 22,Welding,16144,13721,2024-11-02,2024-12-21,2024-01-08,null,In Progress,52,87.26,17,Yes,2024-01-12,null,Shipped,7,Order ORD00000651 - Production running smoothly
ORD00000652,2024-09-21,11:30,2024,7,July,Q3,Tuesday,CUST000053,Customer 53,Retailer,Hyderabad,India,customer53@company.com,9558762602,PROD000053,Product 53,PC858936,Machinery,Pumps,High-quality Product 53,268,4570.3,1224840.4,2024-12-21,"Hyderabad, 478368",FAC05,Factory 5,Plant 5,Hyderabad,India,518961,LINE023,Assembly Line 23,Painting,19598,23320,2024-07-28,2024-02-05,2024-02-22,null,Completed,20,70.53,28,Yes,2024-10-22,2024-03-08,In Transit,17,Order ORD00000652 - Quality issues detected
ORD00000653,2024-02-16,11:45,2024,4,April,Q2,Wednesday,CUST000054,Customer 54,Corporate,Chennai,India,customer54@company.com,9738720308,PROD000054,Product 54,PC977139,Consumer Goods,Appliances,High-quality Product 54,818,4259.78,3484500.04,2024-06-07,"Chennai, 553548",FAC06,Factory 6,Plant 6,Chennai,India,845335,LINE024,Assembly Line 24,Packaging,4860,11648,2024-03-09,2024-06-20,2024-04-02,2024-06-11,On Hold,42,92.22,16,Yes,2024-10-21,null,Delivered,15,Order ORD00000653 - Production running smoothly
ORD00000654,2024-02-04,16:41,2024,11,November,Q4,Thursday,CUST000055,Customer 55,Individual,Kolkata,India,customer55@company.com,9700319325,PROD000055,Product 55,PC465434,Industrial Equipment,Motors,High-quality Product 55,460,3098.92,1425503.2,2024-09-28,"Kolkata, 911154",FAC07,Factory 7,Plant 7,Kolkata,India,975030,LINE025,Assembly Line 25,Testing,41653,13399,2024-01-09,2024-06-08,2024-09-25,2024-10-15,Cancelled,57,96.8,46,Yes,2024-09-14,2024-09-25,Delayed,17,Order ORD00000654 - Production running smoothly
ORD00000655,2024-03-20,10:20,2024,8,August,Q3,Friday,CUST000056,Customer 56,OEM,Jaipur,India,customer56@company.com,9446003295,PROD000056,Product 56,PC473790,Electronics,Controllers,High-quality Product 56,750,170.79,128092.5,2024-11-05,"Jaipur, 406699",FAC08,Factory 8,Plant 8,Jaipur,India,331954,LINE026,Assembly Line 26,Assembly,20591,12475,2024-06-04,2024-03-19,2024-01-18,2024-01-12,Planned,27,89.9,47,Yes,2024-04-05,2024-10-06,Pending,18,Order ORD00000655 - Production running smoothly
ORD00000656,2024-11-20,13:54,2024,4,April,Q2,Saturday,CUST000057,Customer 57,Distributor,Mumbai,India,customer57@company.com,9254158702,PROD000057,Product 57,PC617769,Automotive,Engines,High-quality Product 57,634,1379.21,874419.14,2024-05-22,"Mumbai, 781557",FAC01,Factory 1,Plant 1,Mumbai,India,571811,LINE027,Assembly Line 27,Welding,6572,15917,2024-05-17,2024-09-09,2024-06-09,2024-08-07,In Progress,17,94.76,39,Yes,2024-09-03,null,Shipped,20,Order ORD00000656 - Production running smoothly
ORD00000657,2024-01-28,12:21,2024,10,October,Q4,Sunday,CUST000058,Customer 58,Retailer,Delhi,India,customer58@company.com,9923442383,PROD000058,Product 58,PC802549,Machinery,Pumps,High-quality Product 58,37,2743.85,101522.45,2024-05-26,"Delhi, 502980",FAC02,Factory 2,Plant 2,Delhi,India,388432,LINE028,Assembly Line 28,Painting,1238,9919,2024-11-19,2024-12-26,2024-03-07,null,Completed,97,90.28,37,Yes,2024-07-02,2024-04-10,In Transit,14,Order ORD00000657 - Production running smoothly
ORD00000658,2024-04-02,10:41,2024,9,September,Q3,Monday,CUST000059,Customer 59,Corporate,Bangalore,India,customer59@company.com,9311566519,PROD000059,Product 59,PC973349,Consumer Goods,Appliances,High-quality Product 59,902,882.33,795861.66,2024-03-18,"Bangalore, 777435",FAC03,Factory 3,Plant 3,Bangalore,India,556088,LINE029,Assembly Line 29,Packaging,34136,12218,2024-05-17,null,2024-08-16,2024-07-16,On Hold,43,93.39,31,Yes,2024-10-11,2024-10-06,Delivered,6,Order ORD00000658 - Production running smoothly
ORD00000659,2024-06-08,10:49,2024,10,October,Q4,Tuesday,CUST000060,Customer 60,Individual,Pune,India,customer60@company.com,9383524391,PROD000060,Product 60,PC421761,Industrial Equipment,Motors,High-quality Product 60,597,2117.48,1264135.56,2024-07-22,"Pune, 109236",FAC04,Factory 4,Plant 4,Pune,India,506779,LINE030,Assembly Line 30,Testing,26966,28817,2024-04-13,2024-08-04,2024-09-11,2024-07-13,Cancelled,10,97.19,48,Yes,2024-04-28,2024-12-21,Delayed,13,Order ORD00000659 - Production running smoothly
ORD00000660,2024-02-27,16:23,2024,1,January,Q1,Wednesday,CUST000061,Customer 61,OEM,Hyderabad,India,customer61@company.com,9140236638,PROD000061,Product 61,PC348666,Electronics,Controllers,High-quality Product 61,220,745.62,164036.4,2024-08-16,"Hyderabad, 637283",FAC05,Factory 5,Plant 5,Hyderabad,India,808669,LINE001,Assembly Line 1,Assembly,44569,29354,2024-06-10,2024-07-25,2024-04-28,2024-12-26,Planned,84,81.24,36,Yes,2024-04-01,2024-06-04,Pending,15,Order ORD00000660 - Quality issues detected
ORD00000661,2024-05-25,10:33,2024,6,June,Q2,Thursday,CUST000062,Customer 62,Distributor,Chennai,India,customer62@company.com,9249707859,PROD000062,Product 62,PC206365,Automotive,Engines,High-quality Product 62,294,3057.52,898910.88,2024-10-15,"Chennai, 140617",FAC06,Factory 6,Plant 6,Chennai,India,895438,LINE002,Assembly Line 2,Welding,35259,2359,2024-10-03,2024-11-17,2024-12-02,2024-08-06,In Progress,97,99.32,45,Yes,2024-09-14,2024-12-22,Shipped,1,Order ORD00000661 - Production running smoothly
ORD00000662,2024-08-01,11:52,2024,8,August,Q3,Friday,CUST000063,Customer 63,Retailer,Kolkata,India,customer63@company.com,9215144524,PROD000063,Product 63,PC137333,Machinery,Pumps,High-quality Product 63,671,3613.78,2424846.38,2024-07-17,"Kolkata, 756207",FAC07,Factory 7,Plant 7,Kolkata,India,778635,LINE003,Assembly Line 3,Painting,16082,5538,2024-10-22,2024-01-21,2024-02-03,2024-09-28,Completed,28,78.19,46,Yes,2024-12-17,2024-11-12,In Transit,8,Order ORD00000662 - Quality issues detected
ORD00000663,2024-03-12,14:01,2024,3,March,Q1,Saturday,CUST000064,Customer 64,Corporate,Jaipur,India,customer64@company.com,9764635437,PROD000064,Product 64,PC968199,Consumer Goods,Appliances,High-quality Product 64,586,2197.7,1287852.2,2024-11-26,"Jaipur, 765613",FAC08,Factory 8,Plant 8,Jaipur,India,638351,LINE004,Assembly Line 4,Packaging,46807,9250,2024-04-01,2024-10-10,2024-12-13,2024-11-23,On Hold,99,96.07,49,Yes,2024-08-16,null,Delivered,1,Order ORD00000663 - Production running smoothly
ORD00000664,2024-05-15,14:52,2024,9,September,Q3,Sunday,CUST000065,Customer 65,Individual,Mumbai,India,customer65@company.com,9639701701,PROD000065,Product 65,PC859006,Industrial Equipment,Motors,High-quality Product 65,195,4593.46,895724.7,2024-07-06,"Mumbai, 127451",FAC01,Factory 1,Plant 1,Mumbai,India,812557,LINE005,Assembly Line 5,Testing,5874,13395,2024-02-10,2024-01-25,2024-03-02,2024-07-21,Cancelled,88,72.05,4,No,2024-10-12,2024-08-28,Delayed,20,Order ORD00000664 - Quality issues detected
ORD00000665,2024-11-08,11:31,2024,12,December,Q4,Monday,CUST000066,Customer 66,OEM,Delhi,India,customer66@company.com,9238278128,PROD000066,Product 66,PC916910,Electronics,Controllers,High-quality Product 66,413,3837.51,1584891.63,2024-02-17,"Delhi, 464110",FAC02,Factory 2,Plant 2,Delhi,India,661647,LINE006,Assembly Line 6,Assembly,28898,29238,2024-10-19,2024-04-22,2024-05-28,2024-04-12,Planned,18,75,44,Yes,2024-06-06,2024-01-12,Pending,-5,Order ORD00000665 - Quality issues detected
ORD00000666,2024-04-26,09:46,2024,9,September,Q3,Tuesday,CUST000067,Customer 67,Distributor,Bangalore,India,customer67@company.com,9453508878,PROD000067,Product 67,PC958465,Automotive,Engines,High-quality Product 67,728,4761.91,3466670.48,2024-11-13,"Bangalore, 931056",FAC03,Factory 3,Plant 3,Bangalore,India,999941,LINE007,Assembly Line 7,Welding,32108,37195,2024-11-22,2024-07-20,2024-08-05,null,In Progress,96,76.22,27,Yes,2024-08-06,2024-01-26,Shipped,14,Order ORD00000666 - Quality issues detected
ORD00000667,2024-12-12,12:20,2024,6,June,Q2,Wednesday,CUST000068,Customer 68,Retailer,Pune,India,customer68@company.com,9662319067,PROD000068,Product 68,PC261353,Machinery,Pumps,High-quality Product 68,176,3101.35,545837.6,2024-03-13,"Pune, 677881",FAC04,Factory 4,Plant 4,Pune,India,136224,LINE008,Assembly Line 8,Painting,25887,24943,2024-11-02,null,2024-02-20,null,Completed,84,88.68,2,No,2024-07-06,2024-09-03,In Transit,-1,Order ORD00000667 - Production running smoothly
ORD00000668,2024-08-13,11:12,2024,6,June,Q2,Thursday,CUST000069,Customer 69,Corporate,Hyderabad,India,customer69@company.com,9106660659,PROD000069,Product 69,PC887233,Consumer Goods,Appliances,High-quality Product 69,271,185.6,50297.6,2024-08-16,"Hyderabad, 298794",FAC05,Factory 5,Plant 5,Hyderabad,India,322045,LINE009,Assembly Line 9,Packaging,2716,16948,2024-05-11,2024-09-14,2024-12-27,null,On Hold,13,81.47,50,Yes,2024-01-12,2024-05-09,Delivered,15,Order ORD00000668 - Quality issues detected
ORD00000669,2024-07-16,11:29,2024,11,November,Q4,Friday,CUST000070,Customer 70,Individual,Chennai,India,customer70@company.com,9249805386,PROD000070,Product 70,PC616380,Industrial Equipment,Motors,High-quality Product 70,159,2721.84,432772.56,2024-05-15,"Chennai, 625795",FAC06,Factory 6,Plant 6,Chennai,India,755383,LINE010,Assembly Line 10,Testing,35312,7805,2024-02-21,2024-03-12,2024-08-15,2024-06-06,Cancelled,79,85.37,8,No,2024-03-04,2024-03-16,Delayed,-3,Order ORD00000669 - Production running smoothly
ORD00000670,2024-03-02,09:50,2024,7,July,Q3,Saturday,CUST000071,Customer 71,OEM,Kolkata,India,customer71@company.com,9491671260,PROD000071,Product 71,PC143441,Electronics,Controllers,High-quality Product 71,896,1368.53,1226202.88,2024-06-27,"Kolkata, 495833",FAC07,Factory 7,Plant 7,Kolkata,India,128195,LINE011,Assembly Line 11,Assembly,26478,923,2024-06-15,2024-07-24,2024-11-13,null,Planned,32,95.56,13,Yes,2024-05-22,2024-06-23,Pending,15,Order ORD00000670 - Production running smoothly
ORD00000671,2024-01-01,12:46,2024,12,December,Q4,Sunday,CUST000072,Customer 72,Distributor,Jaipur,India,customer72@company.com,9165000730,PROD000072,Product 72,PC911977,Automotive,Engines,High-quality Product 72,202,4972.71,1004487.42,2024-11-23,"Jaipur, 738433",FAC08,Factory 8,Plant 8,Jaipur,India,502533,LINE012,Assembly Line 12,Welding,5940,37021,2024-07-08,2024-05-02,2024-12-02,null,In Progress,63,89.26,49,Yes,2024-11-04,2024-08-17,Shipped,14,Order ORD00000671 - Production running smoothly
ORD00000672,2024-06-16,17:55,2024,5,May,Q2,Monday,CUST000073,Customer 73,Retailer,Mumbai,India,customer73@company.com,9634680519,PROD000073,Product 73,PC329062,Machinery,Pumps,High-quality Product 73,146,4682.61,683661.06,2024-01-16,"Mumbai, 315839",FAC01,Factory 1,Plant 1,Mumbai,India,333104,LINE013,Assembly Line 13,Painting,21957,36687,2024-09-07,2024-01-06,2024-02-01,null,Completed,31,97.45,8,No,2024-05-11,2024-10-25,In Transit,-4,Order ORD00000672 - Production running smoothly
ORD00000673,2024-12-01,10:43,2024,9,September,Q3,Tuesday,CUST000074,Customer 74,Corporate,Delhi,India,customer74@company.com,9660151808,PROD000074,Product 74,PC816260,Consumer Goods,Appliances,High-quality Product 74,656,3934.21,2580841.76,2024-04-28,"Delhi, 237144",FAC02,Factory 2,Plant 2,Delhi,India,618163,LINE014,Assembly Line 14,Packaging,39344,10893,2024-11-22,2024-06-06,2024-04-07,null,On Hold,99,81.92,40,Yes,2024-03-04,2024-09-08,Delivered,-5,Order ORD00000673 - Quality issues detected
ORD00000674,2024-11-11,10:15,2024,8,August,Q3,Wednesday,CUST000075,Customer 75,Individual,Bangalore,India,customer75@company.com,9385234692,PROD000075,Product 75,PC638535,Industrial Equipment,Motors,High-quality Product 75,594,4542.73,2698381.62,2024-09-27,"Bangalore, 470910",FAC03,Factory 3,Plant 3,Bangalore,India,972224,LINE015,Assembly Line 15,Testing,13729,11925,2024-04-14,2024-11-22,2024-07-11,null,Cancelled,28,75.61,14,Yes,2024-08-18,null,Delayed,0,Order ORD00000674 - Quality issues detected
ORD00000675,2024-09-10,13:45,2024,7,July,Q3,Thursday,CUST000076,Customer 76,OEM,Pune,India,customer76@company.com,9573007507,PROD000076,Product 76,PC444449,Electronics,Controllers,High-quality Product 76,453,673.86,305258.58,2024-07-09,"Pune, 181890",FAC04,Factory 4,Plant 4,Pune,India,779769,LINE016,Assembly Line 16,Assembly,46112,14624,2024-03-11,2024-01-14,2024-08-10,null,Planned,66,95.65,14,Yes,2024-08-13,2024-06-13,Pending,2,Order ORD00000675 - Production running smoothly
ORD00000676,2024-08-28,11:41,2024,2,February,Q1,Friday,CUST000077,Customer 77,Distributor,Hyderabad,India,customer77@company.com,9619722605,PROD000077,Product 77,PC815714,Automotive,Engines,High-quality Product 77,410,3997.49,1638970.9,2024-03-18,"Hyderabad, 532454",FAC05,Factory 5,Plant 5,Hyderabad,India,837818,LINE017,Assembly Line 17,Welding,46044,11978,2024-09-01,2024-06-03,2024-03-09,2024-02-26,In Progress,78,95.31,36,Yes,2024-04-17,2024-11-16,Shipped,11,Order ORD00000676 - Production running smoothly
ORD00000677,2024-04-23,09:29,2024,12,December,Q4,Saturday,CUST000078,Customer 78,Retailer,Chennai,India,customer78@company.com,9906898090,PROD000078,Product 78,PC895360,Machinery,Pumps,High-quality Product 78,153,1240.99,189871.47,2024-05-14,"Chennai, 901241",FAC06,Factory 6,Plant 6,Chennai,India,908773,LINE018,Assembly Line 18,Painting,42808,7459,2024-10-10,null,2024-08-05,2024-08-23,Completed,47,92.36,21,Yes,2024-04-10,2024-07-08,In Transit,14,Order ORD00000677 - Production running smoothly
ORD00000678,2024-07-11,17:56,2024,10,October,Q4,Sunday,CUST000079,Customer 79,Corporate,Kolkata,India,customer79@company.com,9184112601,PROD000079,Product 79,PC384696,Consumer Goods,Appliances,High-quality Product 79,902,1338.33,1207173.66,2024-02-25,"Kolkata, 715954",FAC07,Factory 7,Plant 7,Kolkata,India,580380,LINE019,Assembly Line 19,Packaging,49508,13035,2024-03-06,2024-01-01,2024-01-08,2024-11-10,On Hold,55,84.8,23,Yes,2024-05-18,2024-05-20,Delivered,16,Order ORD00000678 - Quality issues detected
ORD00000679,2024-02-18,11:45,2024,11,November,Q4,Monday,CUST000080,Customer 80,Individual,Jaipur,India,customer80@company.com,9444324779,PROD000080,Product 80,PC735625,Industrial Equipment,Motors,High-quality Product 80,479,298.91,143177.89,2024-12-01,"Jaipur, 312277",FAC08,Factory 8,Plant 8,Jaipur,India,747583,LINE020,Assembly Line 20,Testing,43644,23449,2024-08-12,2024-07-20,2024-09-12,2024-06-04,Cancelled,13,81.94,32,Yes,2024-01-26,2024-07-04,Delayed,20,Order ORD00000679 - Quality issues detected
ORD00000680,2024-03-03,11:43,2024,1,January,Q1,Tuesday,CUST000081,Customer 81,OEM,Mumbai,India,customer81@company.com,9419585768,PROD000081,Product 81,PC274726,Electronics,Controllers,High-quality Product 81,770,4255.92,3277058.4,2024-03-01,"Mumbai, 295771",FAC01,Factory 1,Plant 1,Mumbai,India,985074,LINE021,Assembly Line 21,Assembly,8572,39425,2024-07-14,2024-09-26,2024-04-19,2024-03-28,Planned,30,88.13,24,Yes,2024-10-08,2024-02-20,Pending,1,Order ORD00000680 - Production running smoothly
ORD00000681,2024-12-08,15:31,2024,2,February,Q1,Wednesday,CUST000082,Customer 82,Distributor,Delhi,India,customer82@company.com,9820353099,PROD000082,Product 82,PC299372,Automotive,Engines,High-quality Product 82,105,3997.25,419711.25,2024-06-13,"Delhi, 788669",FAC02,Factory 2,Plant 2,Delhi,India,833424,LINE022,Assembly Line 22,Welding,10326,4832,2024-06-25,2024-08-22,2024-01-14,null,In Progress,98,79.27,6,No,2024-05-12,null,Shipped,-1,Order ORD00000681 - Quality issues detected
ORD00000682,2024-07-18,12:40,2024,9,September,Q3,Thursday,CUST000083,Customer 83,Retailer,Bangalore,India,customer83@company.com,9129524253,PROD000083,Product 83,PC271743,Machinery,Pumps,High-quality Product 83,476,1958.34,932169.84,2024-06-09,"Bangalore, 621605",FAC03,Factory 3,Plant 3,Bangalore,India,259976,LINE023,Assembly Line 23,Painting,17231,16559,2024-04-23,2024-04-10,2024-08-19,2024-04-01,Completed,90,77.5,46,Yes,2024-08-27,2024-07-01,In Transit,20,Order ORD00000682 - Quality issues detected
ORD00000683,2024-01-27,13:59,2024,11,November,Q4,Friday,CUST000084,Customer 84,Corporate,Pune,India,customer84@company.com,9164142588,PROD000084,Product 84,PC209033,Consumer Goods,Appliances,High-quality Product 84,26,213.7,5556.2,2024-12-11,"Pune, 267375",FAC04,Factory 4,Plant 4,Pune,India,131181,LINE024,Assembly Line 24,Packaging,38100,33218,2024-02-07,2024-09-12,2024-12-22,2024-05-11,On Hold,65,78.57,47,Yes,2024-02-13,2024-06-14,Delivered,-5,Order ORD00000683 - Quality issues detected
ORD00000684,2024-08-27,12:07,2024,6,June,Q2,Saturday,CUST000085,Customer 85,Individual,Hyderabad,India,customer85@company.com,9757661595,PROD000085,Product 85,PC698203,Industrial Equipment,Motors,High-quality Product 85,836,650.5,543818,2024-09-18,"Hyderabad, 253396",FAC05,Factory 5,Plant 5,Hyderabad,India,943191,LINE025,Assembly Line 25,Testing,23684,7405,2024-08-03,2024-11-25,2024-08-07,null,Cancelled,57,71.48,17,Yes,2024-07-23,null,Delayed,5,Order ORD00000684 - Quality issues detected
ORD00000685,2024-11-25,09:22,2024,10,October,Q4,Sunday,CUST000086,Customer 86,OEM,Chennai,India,customer86@company.com,9803518907,PROD000086,Product 86,PC753138,Electronics,Controllers,High-quality Product 86,521,4495.85,2342337.85,2024-02-02,"Chennai, 861097",FAC06,Factory 6,Plant 6,Chennai,India,420215,LINE026,Assembly Line 26,Assembly,36446,22583,2024-04-11,null,2024-01-13,null,Planned,65,92.69,9,No,2024-06-08,2024-03-13,Pending,9,Order ORD00000685 - Production running smoothly
ORD00000686,2024-10-27,12:23,2024,7,July,Q3,Monday,CUST000087,Customer 87,Distributor,Kolkata,India,customer87@company.com,9791847002,PROD000087,Product 87,PC742205,Automotive,Engines,High-quality Product 87,32,4407.43,141037.76,2024-01-25,"Kolkata, 449927",FAC07,Factory 7,Plant 7,Kolkata,India,479954,LINE027,Assembly Line 27,Welding,33373,2212,2024-10-26,2024-01-28,2024-11-05,2024-10-14,In Progress,48,98.16,45,Yes,2024-08-16,2024-04-13,Shipped,-2,Order ORD00000686 - Production running smoothly
ORD00000687,2024-06-13,16:10,2024,9,September,Q3,Tuesday,CUST000088,Customer 88,Retailer,Jaipur,India,customer88@company.com,9422119457,PROD000088,Product 88,PC219628,Machinery,Pumps,High-quality Product 88,790,4938.82,3901667.8,2024-04-07,"Jaipur, 716163",FAC08,Factory 8,Plant 8,Jaipur,India,973488,LINE028,Assembly Line 28,Painting,43884,29112,2024-11-19,2024-09-24,2024-03-01,2024-07-15,Completed,91,96.55,46,Yes,2024-01-02,null,In Transit,4,Order ORD00000687 - Production running smoothly
ORD00000688,2024-12-08,17:02,2024,9,September,Q3,Wednesday,CUST000089,Customer 89,Corporate,Mumbai,India,customer89@company.com,9818040788,PROD000089,Product 89,PC348381,Consumer Goods,Appliances,High-quality Product 89,786,1486.88,1168687.68,2024-07-26,"Mumbai, 136733",FAC01,Factory 1,Plant 1,Mumbai,India,432796,LINE029,Assembly Line 29,Packaging,37930,14357,2024-02-15,2024-12-19,2024-06-03,null,On Hold,63,91.2,36,Yes,2024-10-23,2024-04-22,Delivered,3,Order ORD00000688 - Production running smoothly
ORD00000689,2024-08-12,12:54,2024,6,June,Q2,Thursday,CUST000090,Customer 90,Individual,Delhi,India,customer90@company.com,9569195537,PROD000090,Product 90,PC372767,Industrial Equipment,Motors,High-quality Product 90,533,3913.83,2086071.39,2024-09-02,"Delhi, 269858",FAC02,Factory 2,Plant 2,Delhi,India,225190,LINE030,Assembly Line 30,Testing,27781,37387,2024-05-20,2024-05-01,2024-07-05,2024-12-25,Cancelled,20,87.19,11,Yes,2024-03-09,null,Delayed,4,Order ORD00000689 - Production running smoothly
ORD00000690,2024-05-20,17:12,2024,6,June,Q2,Friday,CUST000091,Customer 91,OEM,Bangalore,India,customer91@company.com,9929754915,PROD000091,Product 91,PC174397,Electronics,Controllers,High-quality Product 91,502,2151.06,1079832.12,2024-01-06,"Bangalore, 763061",FAC03,Factory 3,Plant 3,Bangalore,India,557858,LINE001,Assembly Line 1,Assembly,37448,14769,2024-10-27,2024-06-02,2024-11-10,2024-01-17,Planned,29,87.45,7,No,2024-12-07,2024-02-23,Pending,12,Order ORD00000690 - Production running smoothly
ORD00000691,2024-06-19,14:58,2024,12,December,Q4,Saturday,CUST000092,Customer 92,Distributor,Pune,India,customer92@company.com,9698856483,PROD000092,Product 92,PC906434,Automotive,Engines,High-quality Product 92,187,2643.24,494285.88,2024-01-07,"Pune, 416306",FAC04,Factory 4,Plant 4,Pune,India,502242,LINE002,Assembly Line 2,Welding,7458,16657,2024-02-01,2024-09-10,2024-02-07,2024-10-26,In Progress,53,86.78,50,Yes,2024-12-26,2024-01-20,Shipped,13,Order ORD00000691 - Production running smoothly
ORD00000692,2024-09-04,14:24,2024,3,March,Q1,Sunday,CUST000093,Customer 93,Retailer,Hyderabad,India,customer93@company.com,9854279036,PROD000093,Product 93,PC633071,Machinery,Pumps,High-quality Product 93,894,1165.56,1042010.64,2024-08-15,"Hyderabad, 948260",FAC05,Factory 5,Plant 5,Hyderabad,India,184405,LINE003,Assembly Line 3,Painting,1068,10819,2024-08-12,2024-10-24,2024-02-27,2024-02-05,Completed,61,83.84,12,Yes,2024-11-08,null,In Transit,6,Order ORD00000692 - Quality issues detected
ORD00000693,2024-06-15,17:32,2024,2,February,Q1,Monday,CUST000094,Customer 94,Corporate,Chennai,India,customer94@company.com,9369124081,PROD000094,Product 94,PC508627,Consumer Goods,Appliances,High-quality Product 94,253,2013.88,509511.64,2024-09-09,"Chennai, 995949",FAC06,Factory 6,Plant 6,Chennai,India,179094,LINE004,Assembly Line 4,Packaging,37316,8324,2024-02-14,2024-10-28,2024-01-24,2024-01-18,On Hold,75,97.6,43,Yes,2024-12-21,2024-12-12,Delivered,-3,Order ORD00000693 - Production running smoothly
ORD00000694,2024-03-03,15:01,2024,7,July,Q3,Tuesday,CUST000095,Customer 95,Individual,Kolkata,India,customer95@company.com,9817332013,PROD000095,Product 95,PC919947,Industrial Equipment,Motors,High-quality Product 95,94,2742.29,257775.26,2024-05-03,"Kolkata, 943943",FAC07,Factory 7,Plant 7,Kolkata,India,409639,LINE005,Assembly Line 5,Testing,19727,10109,2024-10-08,2024-09-08,2024-08-20,null,Cancelled,26,73.28,42,Yes,2024-12-18,2024-08-28,Delayed,-2,Order ORD00000694 - Quality issues detected
ORD00000695,2024-01-23,15:28,2024,2,February,Q1,Wednesday,CUST000096,Customer 96,OEM,Jaipur,India,customer96@company.com,9849316498,PROD000096,Product 96,PC113718,Electronics,Controllers,High-quality Product 96,201,2332.45,468822.45,2024-10-28,"Jaipur, 233978",FAC08,Factory 8,Plant 8,Jaipur,India,895415,LINE006,Assembly Line 6,Assembly,6167,33862,2024-04-20,2024-07-12,2024-01-25,null,Planned,23,80.34,28,Yes,2024-03-07,null,Pending,17,Order ORD00000695 - Quality issues detected
ORD00000696,2024-06-12,13:13,2024,9,September,Q3,Thursday,CUST000097,Customer 97,Distributor,Mumbai,India,customer97@company.com,9158840190,PROD000097,Product 97,PC119269,Automotive,Engines,High-quality Product 97,575,1476.08,848746,2024-12-13,"Mumbai, 596657",FAC01,Factory 1,Plant 1,Mumbai,India,323458,LINE007,Assembly Line 7,Welding,27894,551,2024-01-17,null,2024-04-13,null,In Progress,1,90.95,15,Yes,2024-07-05,2024-07-13,Shipped,10,Order ORD00000696 - Production running smoothly
ORD00000697,2024-06-11,13:55,2024,7,July,Q3,Friday,CUST000098,Customer 98,Retailer,Delhi,India,customer98@company.com,9425252499,PROD000098,Product 98,PC828962,Machinery,Pumps,High-quality Product 98,466,1550.45,722509.7,2024-06-08,"Delhi, 451969",FAC02,Factory 2,Plant 2,Delhi,India,866573,LINE008,Assembly Line 8,Painting,9021,34479,2024-08-12,2024-06-28,2024-09-24,2024-12-13,Completed,16,78.28,14,Yes,2024-04-07,2024-10-03,In Transit,20,Order ORD00000697 - Quality issues detected
ORD00000698,2024-06-23,14:32,2024,3,March,Q1,Saturday,CUST000099,Customer 99,Corporate,Bangalore,India,customer99@company.com,9376521654,PROD000099,Product 99,PC973143,Consumer Goods,Appliances,High-quality Product 99,894,1277.85,1142397.9,2024-04-21,"Bangalore, 978896",FAC03,Factory 3,Plant 3,Bangalore,India,416201,LINE009,Assembly Line 9,Packaging,44501,1262,2024-09-25,2024-11-25,2024-07-15,2024-09-04,On Hold,94,92.19,28,Yes,2024-06-10,2024-10-12,Delivered,-5,Order ORD00000698 - Production running smoothly
ORD00000699,2024-09-17,11:41,2024,2,February,Q1,Sunday,CUST000100,Customer 100,Individual,Pune,India,customer100@company.com,9958624869,PROD000100,Product 100,PC438609,Industrial Equipment,Motors,High-quality Product 100,820,639.89,524709.8,2024-06-16,"Pune, 712814",FAC04,Factory 4,Plant 4,Pune,India,105526,LINE010,Assembly Line 10,Testing,11378,36663,2024-05-10,2024-03-12,2024-07-11,2024-09-15,Cancelled,92,99.08,48,Yes,2024-01-02,2024-12-09,Delayed,2,Order ORD00000699 - Production running smoothly
ORD00000700,2024-06-24,09:43,2024,1,January,Q1,Monday,CUST000101,Customer 101,OEM,Hyderabad,India,customer101@company.com,9166043194,PROD000101,Product 101,PC496644,Electronics,Controllers,High-quality Product 101,792,343.33,271917.36,2024-07-06,"Hyderabad, 251564",FAC05,Factory 5,Plant 5,Hyderabad,India,504312,LINE011,Assembly Line 11,Assembly,10745,24145,2024-07-14,2024-10-27,2024-06-28,2024-09-05,Planned,49,77.96,50,Yes,2024-06-16,2024-05-15,Pending,1,Order ORD00000700 - Quality issues detected
ORD00000701,2024-03-19,11:23,2024,4,April,Q2,Tuesday,CUST000102,Customer 102,Distributor,Chennai,India,customer102@company.com,9614253665,PROD000102,Product 102,PC190670,Automotive,Engines,High-quality Product 102,213,4638.94,988094.22,2024-05-28,"Chennai, 217706",FAC06,Factory 6,Plant 6,Chennai,India,659147,LINE012,Assembly Line 12,Welding,46320,13709,2024-04-12,2024-07-22,2024-01-06,null,In Progress,89,82.27,50,Yes,2024-08-04,2024-07-01,Shipped,13,Order ORD00000701 - Quality issues detected
ORD00000702,2024-01-24,12:41,2024,4,April,Q2,Wednesday,CUST000103,Customer 103,Retailer,Kolkata,India,customer103@company.com,9265856781,PROD000103,Product 103,PC901798,Machinery,Pumps,High-quality Product 103,631,4056.21,2559468.51,2024-06-21,"Kolkata, 940423",FAC07,Factory 7,Plant 7,Kolkata,India,803931,LINE013,Assembly Line 13,Painting,44065,32103,2024-08-21,2024-07-24,2024-10-14,2024-04-27,Completed,75,80.63,17,Yes,2024-03-26,2024-04-06,In Transit,5,Order ORD00000702 - Quality issues detected
ORD00000703,2024-03-13,08:36,2024,5,May,Q2,Thursday,CUST000104,Customer 104,Corporate,Jaipur,India,customer104@company.com,9913473666,PROD000104,Product 104,PC501425,Consumer Goods,Appliances,High-quality Product 104,732,4796.18,3510803.76,2024-07-27,"Jaipur, 273551",FAC08,Factory 8,Plant 8,Jaipur,India,697979,LINE014,Assembly Line 14,Packaging,37611,16018,2024-06-22,2024-07-24,2024-01-26,2024-07-27,On Hold,1,82.18,13,Yes,2024-05-01,2024-06-28,Delivered,9,Order ORD00000703 - Quality issues detected
ORD00000704,2024-05-21,17:08,2024,8,August,Q3,Friday,CUST000105,Customer 105,Individual,Mumbai,India,customer105@company.com,9186528510,PROD000105,Product 105,PC746111,Industrial Equipment,Motors,High-quality Product 105,560,3886.94,2176686.4,2024-03-26,"Mumbai, 234805",FAC01,Factory 1,Plant 1,Mumbai,India,413559,LINE015,Assembly Line 15,Testing,28855,13655,2024-06-07,2024-10-21,2024-03-04,2024-04-19,Cancelled,99,93.35,37,Yes,2024-12-21,2024-01-18,Delayed,-4,Order ORD00000704 - Production running smoothly
ORD00000705,2024-04-09,11:05,2024,1,January,Q1,Saturday,CUST000106,Customer 106,OEM,Delhi,India,customer106@company.com,9462113025,PROD000106,Product 106,PC579233,Electronics,Controllers,High-quality Product 106,51,772.41,39392.91,2024-06-22,"Delhi, 134187",FAC02,Factory 2,Plant 2,Delhi,India,825845,LINE016,Assembly Line 16,Assembly,49366,26666,2024-05-04,2024-12-03,2024-01-05,2024-03-03,Planned,94,83.83,16,Yes,2024-01-19,2024-08-06,Pending,2,Order ORD00000705 - Quality issues detected
ORD00000706,2024-04-01,09:39,2024,4,April,Q2,Sunday,CUST000107,Customer 107,Distributor,Bangalore,India,customer107@company.com,9402609732,PROD000107,Product 107,PC512924,Automotive,Engines,High-quality Product 107,119,2085.56,248181.64,2024-06-27,"Bangalore, 572655",FAC03,Factory 3,Plant 3,Bangalore,India,349378,LINE017,Assembly Line 17,Welding,39882,2954,2024-10-08,2024-12-08,2024-10-14,2024-11-16,In Progress,15,78.6,21,Yes,2024-05-16,null,Shipped,8,Order ORD00000706 - Quality issues detected
ORD00000707,2024-08-26,11:12,2024,3,March,Q1,Monday,CUST000108,Customer 108,Retailer,Pune,India,customer108@company.com,9381999443,PROD000108,Product 108,PC322699,Machinery,Pumps,High-quality Product 108,817,2260.32,1846681.44,2024-08-10,"Pune, 765014",FAC04,Factory 4,Plant 4,Pune,India,735183,LINE018,Assembly Line 18,Painting,38708,37555,2024-04-02,null,2024-07-28,null,Completed,39,91.53,15,Yes,2024-05-05,2024-11-11,In Transit,16,Order ORD00000707 - Production running smoothly
ORD00000708,2024-07-19,12:29,2024,1,January,Q1,Tuesday,CUST000109,Customer 109,Corporate,Hyderabad,India,customer109@company.com,9724303103,PROD000109,Product 109,PC974937,Consumer Goods,Appliances,High-quality Product 109,60,2163.81,129828.6,2024-03-16,"Hyderabad, 533008",FAC05,Factory 5,Plant 5,Hyderabad,India,612322,LINE019,Assembly Line 19,Packaging,22030,6002,2024-06-10,null,2024-05-05,2024-03-08,On Hold,14,74.64,32,Yes,2024-09-01,null,Delivered,19,Order ORD00000708 - Quality issues detected
ORD00000709,2024-06-11,11:29,2024,4,April,Q2,Wednesday,CUST000110,Customer 110,Individual,Chennai,India,customer110@company.com,9566331096,PROD000110,Product 110,PC918058,Industrial Equipment,Motors,High-quality Product 110,653,3603.74,2353242.22,2024-09-28,"Chennai, 477835",FAC06,Factory 6,Plant 6,Chennai,India,884631,LINE020,Assembly Line 20,Testing,19869,13959,2024-01-06,2024-01-28,2024-04-16,2024-03-23,Cancelled,47,76.51,7,No,2024-03-09,null,Delayed,3,Order ORD00000709 - Quality issues detected
ORD00000710,2024-02-20,16:39,2024,2,February,Q1,Thursday,CUST000111,Customer 111,OEM,Kolkata,India,customer111@company.com,9485345329,PROD000111,Product 111,PC766991,Electronics,Controllers,High-quality Product 111,960,196.18,188332.8,2024-09-18,"Kolkata, 562051",FAC07,Factory 7,Plant 7,Kolkata,India,251334,LINE021,Assembly Line 21,Assembly,5134,39969,2024-01-18,2024-10-19,2024-08-12,2024-07-24,Planned,71,71.65,38,Yes,2024-07-05,2024-06-04,Pending,11,Order ORD00000710 - Quality issues detected
ORD00000711,2024-12-18,10:29,2024,9,September,Q3,Friday,CUST000112,Customer 112,Distributor,Jaipur,India,customer112@company.com,9565285789,PROD000112,Product 112,PC467112,Automotive,Engines,High-quality Product 112,333,247.07,82274.31,2024-01-11,"Jaipur, 335755",FAC08,Factory 8,Plant 8,Jaipur,India,507886,LINE022,Assembly Line 22,Welding,29071,36242,2024-01-08,2024-04-06,2024-04-06,2024-06-25,In Progress,20,96.46,47,Yes,2024-07-18,2024-09-07,Shipped,8,Order ORD00000711 - Production running smoothly
ORD00000712,2024-05-03,17:09,2024,7,July,Q3,Saturday,CUST000113,Customer 113,Retailer,Mumbai,India,customer113@company.com,9849355468,PROD000113,Product 113,PC433902,Machinery,Pumps,High-quality Product 113,10,1604.84,16048.4,2024-09-13,"Mumbai, 602758",FAC01,Factory 1,Plant 1,Mumbai,India,127774,LINE023,Assembly Line 23,Painting,5492,15851,2024-05-16,2024-07-21,2024-06-26,2024-12-03,Completed,52,90.53,31,Yes,2024-08-02,2024-05-20,In Transit,13,Order ORD00000712 - Production running smoothly
ORD00000713,2024-07-19,17:02,2024,9,September,Q3,Sunday,CUST000114,Customer 114,Corporate,Delhi,India,customer114@company.com,9879431474,PROD000114,Product 114,PC251104,Consumer Goods,Appliances,High-quality Product 114,814,1270.8,1034431.2,2024-06-10,"Delhi, 361345",FAC02,Factory 2,Plant 2,Delhi,India,933511,LINE024,Assembly Line 24,Packaging,47369,3304,2024-06-11,2024-02-16,2024-05-01,2024-05-09,On Hold,50,77.87,44,Yes,2024-09-03,2024-02-24,Delivered,12,Order ORD00000713 - Quality issues detected
ORD00000714,2024-08-28,11:16,2024,11,November,Q4,Monday,CUST000115,Customer 115,Individual,Bangalore,India,customer115@company.com,9944291688,PROD000115,Product 115,PC306684,Industrial Equipment,Motors,High-quality Product 115,127,969.34,123106.18,2024-12-02,"Bangalore, 977225",FAC03,Factory 3,Plant 3,Bangalore,India,246491,LINE025,Assembly Line 25,Testing,4128,27823,2024-03-13,2024-08-22,2024-05-25,2024-07-24,Cancelled,100,99.12,41,Yes,2024-04-09,2024-02-02,Delayed,17,Order ORD00000714 - Production running smoothly
ORD00000715,2024-11-10,10:55,2024,12,December,Q4,Tuesday,CUST000116,Customer 116,OEM,Pune,India,customer116@company.com,9249189627,PROD000116,Product 116,PC237645,Electronics,Controllers,High-quality Product 116,934,1763.19,1646819.46,2024-09-12,"Pune, 202751",FAC04,Factory 4,Plant 4,Pune,India,839935,LINE026,Assembly Line 26,Assembly,1212,35485,2024-08-13,2024-01-20,2024-10-11,2024-06-22,Planned,9,87.41,43,Yes,2024-07-25,2024-09-27,Pending,-2,Order ORD00000715 - Production running smoothly
ORD00000716,2024-03-07,10:00,2024,5,May,Q2,Wednesday,CUST000117,Customer 117,Distributor,Hyderabad,India,customer117@company.com,9350740935,PROD000117,Product 117,PC356728,Automotive,Engines,High-quality Product 117,961,390.64,375405.04,2024-10-10,"Hyderabad, 313319",FAC05,Factory 5,Plant 5,Hyderabad,India,420339,LINE027,Assembly Line 27,Welding,43825,36521,2024-09-20,2024-09-28,2024-08-19,2024-09-28,In Progress,78,93.32,25,Yes,2024-05-25,2024-05-02,Shipped,18,Order ORD00000716 - Production running smoothly
ORD00000717,2024-09-15,09:15,2024,7,July,Q3,Thursday,CUST000118,Customer 118,Retailer,Chennai,India,customer118@company.com,9665503384,PROD000118,Product 118,PC902637,Machinery,Pumps,High-quality Product 118,84,4715.73,396121.32,2024-06-04,"Chennai, 648200",FAC06,Factory 6,Plant 6,Chennai,India,428466,LINE028,Assembly Line 28,Painting,45543,5299,2024-04-27,2024-03-18,2024-02-26,2024-06-28,Completed,2,85.16,45,Yes,2024-05-21,2024-01-26,In Transit,20,Order ORD00000717 - Production running smoothly
ORD00000718,2024-09-25,17:18,2024,8,August,Q3,Friday,CUST000119,Customer 119,Corporate,Kolkata,India,customer119@company.com,9174218094,PROD000119,Product 119,PC189069,Consumer Goods,Appliances,High-quality Product 119,864,1449.86,1252679.04,2024-06-17,"Kolkata, 590815",FAC07,Factory 7,Plant 7,Kolkata,India,514968,LINE029,Assembly Line 29,Packaging,18693,7050,2024-05-05,2024-09-17,2024-09-14,2024-03-22,On Hold,56,87.72,49,Yes,2024-01-25,2024-04-17,Delivered,11,Order ORD00000718 - Production running smoothly
ORD00000719,2024-02-07,15:15,2024,5,May,Q2,Saturday,CUST000120,Customer 120,Individual,Jaipur,India,customer120@company.com,9107848004,PROD000120,Product 120,PC762295,Industrial Equipment,Motors,High-quality Product 120,152,1610.58,244808.16,2024-11-02,"Jaipur, 625963",FAC08,Factory 8,Plant 8,Jaipur,India,992692,LINE030,Assembly Line 30,Testing,18405,18856,2024-04-22,2024-07-06,2024-07-06,2024-07-26,Cancelled,19,76.59,11,Yes,2024-07-06,2024-09-27,Delayed,-2,Order ORD00000719 - Quality issues detected
ORD00000720,2024-03-22,09:31,2024,8,August,Q3,Sunday,CUST000121,Customer 121,OEM,Mumbai,India,customer121@company.com,9263344726,PROD000121,Product 121,PC201741,Electronics,Controllers,High-quality Product 121,176,3291.57,579316.32,2024-07-27,"Mumbai, 517946",FAC01,Factory 1,Plant 1,Mumbai,India,336848,LINE001,Assembly Line 1,Assembly,47224,8203,2024-07-09,null,2024-02-13,2024-11-22,Planned,38,74.42,1,No,2024-05-16,2024-06-28,Pending,1,Order ORD00000720 - Quality issues detected
ORD00000721,2024-04-05,15:29,2024,7,July,Q3,Monday,CUST000122,Customer 122,Distributor,Delhi,India,customer122@company.com,9254026846,PROD000122,Product 122,PC566499,Automotive,Engines,High-quality Product 122,864,1529.28,1321297.92,2024-03-20,"Delhi, 222019",FAC02,Factory 2,Plant 2,Delhi,India,983347,LINE002,Assembly Line 2,Welding,25778,29313,2024-02-20,2024-06-26,2024-02-07,null,In Progress,69,83.83,24,Yes,2024-02-16,2024-12-20,Shipped,16,Order ORD00000721 - Quality issues detected
ORD00000722,2024-02-17,12:57,2024,8,August,Q3,Tuesday,CUST000123,Customer 123,Retailer,Bangalore,India,customer123@company.com,9238955835,PROD000123,Product 123,PC868306,Machinery,Pumps,High-quality Product 123,236,4817.08,1136830.88,2024-07-06,"Bangalore, 760545",FAC03,Factory 3,Plant 3,Bangalore,India,304738,LINE003,Assembly Line 3,Painting,7451,18016,2024-10-14,2024-03-08,2024-09-02,null,Completed,37,93.87,32,Yes,2024-06-03,null,In Transit,4,Order ORD00000722 - Production running smoothly
ORD00000723,2024-07-03,15:40,2024,7,July,Q3,Wednesday,CUST000124,Customer 124,Corporate,Pune,India,customer124@company.com,9979469684,PROD000124,Product 124,PC222901,Consumer Goods,Appliances,High-quality Product 124,703,4021.13,2826854.39,2024-07-08,"Pune, 950813",FAC04,Factory 4,Plant 4,Pune,India,595177,LINE004,Assembly Line 4,Packaging,44743,5993,2024-04-14,2024-09-09,2024-04-11,2024-09-13,On Hold,86,96.86,14,Yes,2024-08-23,2024-12-04,Delivered,0,Order ORD00000723 - Production running smoothly
ORD00000724,2024-09-05,16:32,2024,1,January,Q1,Thursday,CUST000125,Customer 125,Individual,Hyderabad,India,customer125@company.com,9823934126,PROD000125,Product 125,PC112859,Industrial Equipment,Motors,High-quality Product 125,135,3293.91,444677.85,2024-04-08,"Hyderabad, 469152",FAC05,Factory 5,Plant 5,Hyderabad,India,692666,LINE005,Assembly Line 5,Testing,38260,29624,2024-02-02,2024-01-05,2024-04-02,2024-06-28,Cancelled,46,87.4,17,Yes,2024-01-26,2024-04-14,Delayed,5,Order ORD00000724 - Production running smoothly
ORD00000725,2024-05-26,11:05,2024,12,December,Q4,Friday,CUST000126,Customer 126,OEM,Chennai,India,customer126@company.com,9450223673,PROD000126,Product 126,PC133297,Electronics,Controllers,High-quality Product 126,494,3316.97,1638583.18,2024-12-14,"Chennai, 198777",FAC06,Factory 6,Plant 6,Chennai,India,288087,LINE006,Assembly Line 6,Assembly,44751,12942,2024-06-18,2024-10-01,2024-12-08,null,Planned,44,98.97,27,Yes,2024-05-22,2024-06-23,Pending,18,Order ORD00000725 - Production running smoothly
ORD00000726,2024-07-14,12:26,2024,9,September,Q3,Saturday,CUST000127,Customer 127,Distributor,Kolkata,India,customer127@company.com,9924605379,PROD000127,Product 127,PC889583,Automotive,Engines,High-quality Product 127,516,4307.31,2222571.96,2024-04-05,"Kolkata, 721272",FAC07,Factory 7,Plant 7,Kolkata,India,440756,LINE007,Assembly Line 7,Welding,4321,6553,2024-08-14,2024-06-19,2024-07-28,2024-05-13,In Progress,90,87.01,15,Yes,2024-09-16,null,Shipped,-2,Order ORD00000726 - Production running smoothly
ORD00000727,2024-05-22,14:47,2024,12,December,Q4,Sunday,CUST000128,Customer 128,Retailer,Jaipur,India,customer128@company.com,9650598329,PROD000128,Product 128,PC119047,Machinery,Pumps,High-quality Product 128,89,4868.53,433299.17,2024-08-20,"Jaipur, 920182",FAC08,Factory 8,Plant 8,Jaipur,India,825983,LINE008,Assembly Line 8,Painting,24294,22031,2024-02-10,2024-11-22,2024-03-04,2024-11-21,Completed,88,98.64,6,No,2024-04-14,2024-10-21,In Transit,7,Order ORD00000727 - Production running smoothly
ORD00000728,2024-01-20,08:20,2024,6,June,Q2,Monday,CUST000129,Customer 129,Corporate,Mumbai,India,customer129@company.com,9817037240,PROD000129,Product 129,PC327561,Consumer Goods,Appliances,High-quality Product 129,234,3723.91,871394.94,2024-06-09,"Mumbai, 719661",FAC01,Factory 1,Plant 1,Mumbai,India,750181,LINE009,Assembly Line 9,Packaging,31931,3923,2024-02-06,2024-07-12,2024-03-26,2024-08-14,On Hold,71,85.55,25,Yes,2024-02-06,2024-12-04,Delivered,14,Order ORD00000728 - Production running smoothly
ORD00000729,2024-11-03,12:17,2024,6,June,Q2,Tuesday,CUST000130,Customer 130,Individual,Delhi,India,customer130@company.com,9502560856,PROD000130,Product 130,PC408875,Industrial Equipment,Motors,High-quality Product 130,283,1871.69,529688.27,2024-04-08,"Delhi, 337642",FAC02,Factory 2,Plant 2,Delhi,India,415144,LINE010,Assembly Line 10,Testing,30347,17500,2024-02-02,2024-02-05,2024-09-20,2024-07-21,Cancelled,44,96.97,14,Yes,2024-12-03,2024-03-26,Delayed,15,Order ORD00000729 - Production running smoothly
ORD00000730,2024-08-27,17:57,2024,2,February,Q1,Wednesday,CUST000131,Customer 131,OEM,Bangalore,India,customer131@company.com,9129178725,PROD000131,Product 131,PC861051,Electronics,Controllers,High-quality Product 131,697,2687.73,1873347.81,2024-01-20,"Bangalore, 774775",FAC03,Factory 3,Plant 3,Bangalore,India,408665,LINE011,Assembly Line 11,Assembly,30784,5547,2024-05-20,2024-10-15,2024-06-15,2024-01-15,Planned,0,72.52,29,Yes,2024-07-14,2024-02-11,Pending,4,Order ORD00000730 - Quality issues detected
ORD00000731,2024-05-20,11:31,2024,2,February,Q1,Thursday,CUST000132,Customer 132,Distributor,Pune,India,customer132@company.com,9633144974,PROD000132,Product 132,PC464065,Automotive,Engines,High-quality Product 132,832,4300.88,3578332.16,2024-02-20,"Pune, 510965",FAC04,Factory 4,Plant 4,Pune,India,693968,LINE012,Assembly Line 12,Welding,23462,5491,2024-09-25,2024-06-16,2024-08-09,null,In Progress,50,82.6,20,Yes,2024-05-10,2024-10-24,Shipped,-1,Order ORD00000731 - Quality issues detected
ORD00000732,2024-11-20,14:58,2024,6,June,Q2,Friday,CUST000133,Customer 133,Retailer,Hyderabad,India,customer133@company.com,9497552324,PROD000133,Product 133,PC886729,Machinery,Pumps,High-quality Product 133,25,4660.46,116511.5,2024-05-17,"Hyderabad, 922385",FAC05,Factory 5,Plant 5,Hyderabad,India,306447,LINE013,Assembly Line 13,Painting,9642,35441,2024-04-21,2024-10-16,2024-07-25,2024-03-03,Completed,84,93.35,31,Yes,2024-08-20,2024-12-27,In Transit,6,Order ORD00000732 - Production running smoothly
ORD00000733,2024-01-24,09:48,2024,3,March,Q1,Saturday,CUST000134,Customer 134,Corporate,Chennai,India,customer134@company.com,9772657950,PROD000134,Product 134,PC608515,Consumer Goods,Appliances,High-quality Product 134,40,4108.11,164324.4,2024-07-10,"Chennai, 324414",FAC06,Factory 6,Plant 6,Chennai,India,527178,LINE014,Assembly Line 14,Packaging,28942,33855,2024-01-05,2024-07-02,2024-11-08,2024-08-16,On Hold,16,97.15,3,No,2024-10-01,2024-01-10,Delivered,20,Order ORD00000733 - Production running smoothly
ORD00000734,2024-09-01,09:44,2024,10,October,Q4,Sunday,CUST000135,Customer 135,Individual,Kolkata,India,customer135@company.com,9913359575,PROD000135,Product 135,PC172652,Industrial Equipment,Motors,High-quality Product 135,159,1998.05,317689.95,2024-11-18,"Kolkata, 889795",FAC07,Factory 7,Plant 7,Kolkata,India,265937,LINE015,Assembly Line 15,Testing,38851,27265,2024-02-21,2024-10-03,2024-08-05,2024-12-07,Cancelled,42,78.47,13,Yes,2024-09-03,2024-03-22,Delayed,0,Order ORD00000734 - Quality issues detected
ORD00000735,2024-06-09,10:59,2024,6,June,Q2,Monday,CUST000136,Customer 136,OEM,Jaipur,India,customer136@company.com,9830616126,PROD000136,Product 136,PC902600,Electronics,Controllers,High-quality Product 136,332,301.36,100051.52,2024-01-17,"Jaipur, 238363",FAC08,Factory 8,Plant 8,Jaipur,India,787980,LINE016,Assembly Line 16,Assembly,43768,34078,2024-05-01,2024-02-01,2024-04-16,2024-05-18,Planned,23,85.65,26,Yes,2024-10-23,2024-08-20,Pending,-5,Order ORD00000735 - Production running smoothly
ORD00000736,2024-09-11,15:55,2024,1,January,Q1,Tuesday,CUST000137,Customer 137,Distributor,Mumbai,India,customer137@company.com,9270527908,PROD000137,Product 137,PC519933,Automotive,Engines,High-quality Product 137,46,1868.48,85950.08,2024-09-12,"Mumbai, 966989",FAC01,Factory 1,Plant 1,Mumbai,India,339764,LINE017,Assembly Line 17,Welding,42002,13121,2024-01-13,2024-04-13,2024-07-16,2024-08-01,In Progress,29,91.91,17,Yes,2024-02-12,2024-06-28,Shipped,9,Order ORD00000736 - Production running smoothly
ORD00000737,2024-10-14,16:24,2024,11,November,Q4,Wednesday,CUST000138,Customer 138,Retailer,Delhi,India,customer138@company.com,9999211185,PROD000138,Product 138,PC449944,Machinery,Pumps,High-quality Product 138,993,1426.68,1416693.24,2024-11-18,"Delhi, 772308",FAC02,Factory 2,Plant 2,Delhi,India,438233,LINE018,Assembly Line 18,Painting,47160,25779,2024-09-08,2024-09-18,2024-05-03,2024-06-28,Completed,11,93.13,44,Yes,2024-12-15,2024-07-07,In Transit,-1,Order ORD00000737 - Production running smoothly
ORD00000738,2024-10-03,16:25,2024,5,May,Q2,Thursday,CUST000139,Customer 139,Corporate,Bangalore,India,customer139@company.com,9164030248,PROD000139,Product 139,PC100228,Consumer Goods,Appliances,High-quality Product 139,569,1329.53,756502.57,2024-04-12,"Bangalore, 931177",FAC03,Factory 3,Plant 3,Bangalore,India,603659,LINE019,Assembly Line 19,Packaging,30812,14934,2024-08-17,null,2024-09-02,null,On Hold,7,86.55,12,Yes,2024-07-22,2024-08-22,Delivered,3,Order ORD00000738 - Production running smoothly
ORD00000739,2024-04-21,11:34,2024,8,August,Q3,Friday,CUST000140,Customer 140,Individual,Pune,India,customer140@company.com,9691518125,PROD000140,Product 140,PC433458,Industrial Equipment,Motors,High-quality Product 140,841,3636.34,3058161.94,2024-11-04,"Pune, 762961",FAC04,Factory 4,Plant 4,Pune,India,477773,LINE020,Assembly Line 20,Testing,39288,21510,2024-06-06,2024-04-25,2024-01-12,null,Cancelled,54,99.11,39,Yes,2024-05-25,null,Delayed,-4,Order ORD00000739 - Production running smoothly
ORD00000740,2024-07-17,14:03,2024,7,July,Q3,Saturday,CUST000141,Customer 141,OEM,Hyderabad,India,customer141@company.com,9157090935,PROD000141,Product 141,PC806228,Electronics,Controllers,High-quality Product 141,36,2262.72,81457.92,2024-03-10,"Hyderabad, 264753",FAC05,Factory 5,Plant 5,Hyderabad,India,857786,LINE021,Assembly Line 21,Assembly,17154,28203,2024-08-12,2024-02-15,2024-03-27,2024-01-23,Planned,84,91.61,7,No,2024-10-13,null,Pending,13,Order ORD00000740 - Production running smoothly
ORD00000741,2024-04-12,10:35,2024,3,March,Q1,Sunday,CUST000142,Customer 142,Distributor,Chennai,India,customer142@company.com,9840012587,PROD000142,Product 142,PC101906,Automotive,Engines,High-quality Product 142,886,1114.71,987633.06,2024-05-28,"Chennai, 473839",FAC06,Factory 6,Plant 6,Chennai,India,770465,LINE022,Assembly Line 22,Welding,42493,6541,2024-10-16,null,2024-04-15,2024-01-04,In Progress,68,76.09,15,Yes,2024-03-12,2024-12-07,Shipped,2,Order ORD00000741 - Quality issues detected
ORD00000742,2024-04-23,16:40,2024,11,November,Q4,Monday,CUST000143,Customer 143,Retailer,Kolkata,India,customer143@company.com,9514555165,PROD000143,Product 143,PC715203,Machinery,Pumps,High-quality Product 143,952,4790.1,4560175.2,2024-06-02,"Kolkata, 343357",FAC07,Factory 7,Plant 7,Kolkata,India,444118,LINE023,Assembly Line 23,Painting,35377,5696,2024-02-03,2024-12-20,2024-01-10,2024-04-19,Completed,75,92.54,11,Yes,2024-02-13,2024-03-27,In Transit,5,Order ORD00000742 - Production running smoothly
ORD00000743,2024-05-21,13:25,2024,1,January,Q1,Tuesday,CUST000144,Customer 144,Corporate,Jaipur,India,customer144@company.com,9577648537,PROD000144,Product 144,PC882986,Consumer Goods,Appliances,High-quality Product 144,22,2336.31,51398.82,2024-04-04,"Jaipur, 504602",FAC08,Factory 8,Plant 8,Jaipur,India,154327,LINE024,Assembly Line 24,Packaging,3557,17962,2024-11-23,2024-08-07,2024-12-15,2024-12-26,On Hold,36,90.19,7,No,2024-03-05,2024-11-02,Delivered,18,Order ORD00000743 - Production running smoothly
ORD00000744,2024-04-27,13:00,2024,4,April,Q2,Wednesday,CUST000145,Customer 145,Individual,Mumbai,India,customer145@company.com,9925582744,PROD000145,Product 145,PC297810,Industrial Equipment,Motors,High-quality Product 145,822,2142.71,1761307.62,2024-08-07,"Mumbai, 959893",FAC01,Factory 1,Plant 1,Mumbai,India,586390,LINE025,Assembly Line 25,Testing,42843,23559,2024-04-18,null,2024-04-17,2024-10-22,Cancelled,65,90.9,45,Yes,2024-05-22,null,Delayed,12,Order ORD00000744 - Production running smoothly
ORD00000745,2024-03-21,09:15,2024,2,February,Q1,Thursday,CUST000146,Customer 146,OEM,Delhi,India,customer146@company.com,9880212294,PROD000146,Product 146,PC835959,Electronics,Controllers,High-quality Product 146,90,4488.22,403939.8,2024-04-21,"Delhi, 434035",FAC02,Factory 2,Plant 2,Delhi,India,166162,LINE026,Assembly Line 26,Assembly,17769,31606,2024-12-22,2024-10-22,2024-04-20,2024-01-09,Planned,73,80.28,9,No,2024-02-15,2024-08-20,Pending,17,Order ORD00000745 - Quality issues detected
ORD00000746,2024-12-28,13:01,2024,8,August,Q3,Friday,CUST000147,Customer 147,Distributor,Bangalore,India,customer147@company.com,9350389365,PROD000147,Product 147,PC304509,Automotive,Engines,High-quality Product 147,63,2922.15,184095.45,2024-12-20,"Bangalore, 495676",FAC03,Factory 3,Plant 3,Bangalore,India,111381,LINE027,Assembly Line 27,Welding,45557,29769,2024-03-02,2024-09-26,2024-05-12,2024-03-22,In Progress,60,73.19,23,Yes,2024-11-12,2024-07-14,Shipped,-1,Order ORD00000746 - Quality issues detected
ORD00000747,2024-08-25,11:43,2024,12,December,Q4,Saturday,CUST000148,Customer 148,Retailer,Pune,India,customer148@company.com,9798038239,PROD000148,Product 148,PC721375,Machinery,Pumps,High-quality Product 148,59,3332.3,196605.7,2024-12-18,"Pune, 127738",FAC04,Factory 4,Plant 4,Pune,India,771548,LINE028,Assembly Line 28,Painting,9626,1164,2024-04-10,2024-05-27,2024-05-24,2024-07-19,Completed,32,86.12,20,Yes,2024-10-22,2024-06-19,In Transit,15,Order ORD00000747 - Production running smoothly
ORD00000748,2024-12-27,11:08,2024,3,March,Q1,Sunday,CUST000149,Customer 149,Corporate,Hyderabad,India,customer149@company.com,9292245705,PROD000149,Product 149,PC877847,Consumer Goods,Appliances,High-quality Product 149,139,4392.11,610503.29,2024-10-18,"Hyderabad, 557949",FAC05,Factory 5,Plant 5,Hyderabad,India,764996,LINE029,Assembly Line 29,Packaging,19520,16921,2024-07-13,null,2024-03-10,2024-10-04,On Hold,36,76.04,30,Yes,2024-08-08,2024-01-11,Delivered,5,Order ORD00000748 - Quality issues detected
ORD00000749,2024-05-05,15:12,2024,5,May,Q2,Monday,CUST000150,Customer 150,Individual,Chennai,India,customer150@company.com,9979236925,PROD000150,Product 150,PC218818,Industrial Equipment,Motors,High-quality Product 150,117,2471.37,289150.29,2024-04-14,"Chennai, 106640",FAC06,Factory 6,Plant 6,Chennai,India,942479,LINE030,Assembly Line 30,Testing,39164,14269,2024-11-24,2024-03-23,2024-10-11,2024-04-27,Cancelled,48,96.89,26,Yes,2024-12-15,2024-04-11,Delayed,17,Order ORD00000749 - Production running smoothly
ORD00000750,2024-02-17,11:05,2024,4,April,Q2,Tuesday,CUST000151,Customer 151,OEM,Kolkata,India,customer151@company.com,9112895827,PROD000001,Product 1,PC846214,Electronics,Controllers,High-quality Product 1,14,1569.32,21970.48,2024-10-26,"Kolkata, 159520",FAC07,Factory 7,Plant 7,Kolkata,India,160838,LINE001,Assembly Line 1,Assembly,20055,12715,2024-02-04,2024-08-23,2024-11-27,null,Planned,83,80.8,46,Yes,2024-05-06,2024-06-08,Pending,5,Order ORD00000750 - Quality issues detected
ORD00000751,2024-12-27,15:58,2024,7,July,Q3,Wednesday,CUST000152,Customer 152,Distributor,Jaipur,India,customer152@company.com,9199722550,PROD000002,Product 2,PC799426,Automotive,Engines,High-quality Product 2,435,2486.39,1081579.65,2024-05-21,"Jaipur, 731031",FAC08,Factory 8,Plant 8,Jaipur,India,994051,LINE002,Assembly Line 2,Welding,10852,23230,2024-11-14,2024-07-28,2024-01-15,2024-11-13,In Progress,4,78.75,15,Yes,2024-08-18,null,Shipped,-3,Order ORD00000751 - Quality issues detected
ORD00000752,2024-01-23,12:01,2024,1,January,Q1,Thursday,CUST000153,Customer 153,Retailer,Mumbai,India,customer153@company.com,9544161984,PROD000003,Product 3,PC815662,Machinery,Pumps,High-quality Product 3,413,785.26,324312.38,2024-05-24,"Mumbai, 122388",FAC01,Factory 1,Plant 1,Mumbai,India,953524,LINE003,Assembly Line 3,Painting,20452,9450,2024-05-11,2024-09-10,2024-01-04,2024-01-01,Completed,18,99.32,16,Yes,2024-07-05,2024-09-14,In Transit,-5,Order ORD00000752 - Production running smoothly
ORD00000753,2024-01-23,08:28,2024,10,October,Q4,Friday,CUST000154,Customer 154,Corporate,Delhi,India,customer154@company.com,9511417274,PROD000004,Product 4,PC741685,Consumer Goods,Appliances,High-quality Product 4,185,3983.14,736880.9,2024-11-03,"Delhi, 450932",FAC02,Factory 2,Plant 2,Delhi,India,357374,LINE004,Assembly Line 4,Packaging,11703,32500,2024-01-07,2024-06-22,2024-08-20,2024-02-28,On Hold,51,89.17,6,No,2024-06-08,2024-04-18,Delivered,15,Order ORD00000753 - Production running smoothly
ORD00000754,2024-11-27,13:41,2024,12,December,Q4,Saturday,CUST000155,Customer 155,Individual,Bangalore,India,customer155@company.com,9183580508,PROD000005,Product 5,PC481367,Industrial Equipment,Motors,High-quality Product 5,854,2707.6,2312290.4,2024-10-16,"Bangalore, 403552",FAC03,Factory 3,Plant 3,Bangalore,India,667224,LINE005,Assembly Line 5,Testing,21369,27067,2024-12-01,2024-12-26,2024-11-21,2024-08-15,Cancelled,9,93.49,23,Yes,2024-10-24,2024-09-28,Delayed,13,Order ORD00000754 - Production running smoothly
ORD00000755,2024-08-13,09:35,2024,1,January,Q1,Sunday,CUST000156,Customer 156,OEM,Pune,India,customer156@company.com,9397004721,PROD000006,Product 6,PC773639,Electronics,Controllers,High-quality Product 6,480,4707.8,2259744,2024-01-23,"Pune, 993159",FAC04,Factory 4,Plant 4,Pune,India,123124,LINE006,Assembly Line 6,Assembly,19103,6217,2024-05-14,2024-01-14,2024-06-26,2024-06-16,Planned,7,84.27,1,No,2024-06-16,2024-09-23,Pending,3,Order ORD00000755 - Quality issues detected
ORD00000756,2024-10-26,08:38,2024,11,November,Q4,Monday,CUST000157,Customer 157,Distributor,Hyderabad,India,customer157@company.com,9704752793,PROD000007,Product 7,PC178658,Automotive,Engines,High-quality Product 7,342,4515.09,1544160.78,2024-04-23,"Hyderabad, 393800",FAC05,Factory 5,Plant 5,Hyderabad,India,487334,LINE007,Assembly Line 7,Welding,48779,7615,2024-09-13,2024-03-09,2024-06-01,null,In Progress,85,84.09,7,No,2024-12-28,2024-05-26,Shipped,3,Order ORD00000756 - Quality issues detected
ORD00000757,2024-02-04,10:52,2024,12,December,Q4,Tuesday,CUST000158,Customer 158,Retailer,Chennai,India,customer158@company.com,9738431374,PROD000008,Product 8,PC442318,Machinery,Pumps,High-quality Product 8,641,4440.38,2846283.58,2024-01-18,"Chennai, 175030",FAC06,Factory 6,Plant 6,Chennai,India,146397,LINE008,Assembly Line 8,Painting,7195,32467,2024-08-06,2024-11-01,2024-12-02,null,Completed,59,79.82,17,Yes,2024-02-17,2024-08-19,In Transit,-3,Order ORD00000757 - Quality issues detected
ORD00000758,2024-01-09,17:39,2024,8,August,Q3,Wednesday,CUST000159,Customer 159,Corporate,Kolkata,India,customer159@company.com,9719091830,PROD000009,Product 9,PC104161,Consumer Goods,Appliances,High-quality Product 9,799,1624.47,1297951.53,2024-08-24,"Kolkata, 508378",FAC07,Factory 7,Plant 7,Kolkata,India,174560,LINE009,Assembly Line 9,Packaging,4534,6938,2024-07-02,2024-01-22,2024-08-21,2024-08-07,On Hold,51,87.31,16,Yes,2024-11-25,2024-01-21,Delivered,1,Order ORD00000758 - Production running smoothly
ORD00000759,2024-06-09,15:21,2024,2,February,Q1,Thursday,CUST000160,Customer 160,Individual,Jaipur,India,customer160@company.com,9290991467,PROD000010,Product 10,PC924564,Industrial Equipment,Motors,High-quality Product 10,386,565.48,218275.28,2024-03-02,"Jaipur, 445007",FAC08,Factory 8,Plant 8,Jaipur,India,743840,LINE010,Assembly Line 10,Testing,19637,16367,2024-06-19,2024-08-16,2024-11-24,2024-09-10,Cancelled,60,87.94,47,Yes,2024-04-20,2024-04-23,Delayed,-2,Order ORD00000759 - Production running smoothly
ORD00000760,2024-06-07,09:03,2024,8,August,Q3,Friday,CUST000161,Customer 161,OEM,Mumbai,India,customer161@company.com,9271283657,PROD000011,Product 11,PC906622,Electronics,Controllers,High-quality Product 11,279,4026.55,1123407.45,2024-08-08,"Mumbai, 904310",FAC01,Factory 1,Plant 1,Mumbai,India,740039,LINE011,Assembly Line 11,Assembly,44967,31996,2024-06-21,2024-04-06,2024-11-03,2024-12-14,Planned,39,85.71,9,No,2024-12-01,2024-11-17,Pending,19,Order ORD00000760 - Production running smoothly
ORD00000761,2024-04-27,10:19,2024,11,November,Q4,Saturday,CUST000162,Customer 162,Distributor,Delhi,India,customer162@company.com,9501423519,PROD000012,Product 12,PC477219,Automotive,Engines,High-quality Product 12,488,3809.47,1859021.36,2024-06-06,"Delhi, 586764",FAC02,Factory 2,Plant 2,Delhi,India,311884,LINE012,Assembly Line 12,Welding,29706,28890,2024-08-04,2024-06-12,2024-09-25,2024-12-11,In Progress,21,74.46,27,Yes,2024-08-28,2024-01-10,Shipped,-5,Order ORD00000761 - Quality issues detected
ORD00000762,2024-02-09,13:27,2024,2,February,Q1,Sunday,CUST000163,Customer 163,Retailer,Bangalore,India,customer163@company.com,9392523901,PROD000013,Product 13,PC464070,Machinery,Pumps,High-quality Product 13,713,2894.53,2063799.89,2024-10-13,"Bangalore, 628650",FAC03,Factory 3,Plant 3,Bangalore,India,573137,LINE013,Assembly Line 13,Painting,21880,34250,2024-12-22,2024-02-08,2024-02-06,null,Completed,23,73.28,10,No,2024-02-10,2024-06-11,In Transit,5,Order ORD00000762 - Quality issues detected
ORD00000763,2024-04-28,16:47,2024,11,November,Q4,Monday,CUST000164,Customer 164,Corporate,Pune,India,customer164@company.com,9112885317,PROD000014,Product 14,PC734155,Consumer Goods,Appliances,High-quality Product 14,965,3984.55,3845090.75,2024-12-07,"Pune, 149691",FAC04,Factory 4,Plant 4,Pune,India,780480,LINE014,Assembly Line 14,Packaging,15667,20534,2024-11-07,2024-11-01,2024-01-04,2024-02-19,On Hold,37,98.92,37,Yes,2024-03-27,null,Delivered,18,Order ORD00000763 - Production running smoothly
ORD00000764,2024-10-19,08:57,2024,12,December,Q4,Tuesday,CUST000165,Customer 165,Individual,Hyderabad,India,customer165@company.com,9109203856,PROD000015,Product 15,PC660753,Industrial Equipment,Motors,High-quality Product 15,960,3556.54,3414278.4,2024-04-25,"Hyderabad, 156229",FAC05,Factory 5,Plant 5,Hyderabad,India,116780,LINE015,Assembly Line 15,Testing,42345,21792,2024-04-08,2024-08-01,2024-10-14,2024-11-27,Cancelled,85,99.63,4,No,2024-03-21,2024-08-04,Delayed,18,Order ORD00000764 - Production running smoothly
ORD00000765,2024-06-09,17:26,2024,12,December,Q4,Wednesday,CUST000166,Customer 166,OEM,Chennai,India,customer166@company.com,9517627392,PROD000016,Product 16,PC243054,Electronics,Controllers,High-quality Product 16,329,1430.02,470476.58,2024-01-03,"Chennai, 792979",FAC06,Factory 6,Plant 6,Chennai,India,919093,LINE016,Assembly Line 16,Assembly,35250,4408,2024-03-11,2024-03-08,2024-10-03,2024-03-19,Planned,33,93.78,1,No,2024-10-13,null,Pending,6,Order ORD00000765 - Production running smoothly
ORD00000766,2024-10-20,12:25,2024,9,September,Q3,Thursday,CUST000167,Customer 167,Distributor,Kolkata,India,customer167@company.com,9613101294,PROD000017,Product 17,PC749086,Automotive,Engines,High-quality Product 17,223,4869.08,1085804.84,2024-01-27,"Kolkata, 124868",FAC07,Factory 7,Plant 7,Kolkata,India,606586,LINE017,Assembly Line 17,Welding,33059,18143,2024-07-19,2024-02-24,2024-07-11,2024-11-21,In Progress,38,78.49,45,Yes,2024-07-18,2024-01-03,Shipped,3,Order ORD00000766 - Quality issues detected
ORD00000767,2024-07-09,11:42,2024,9,September,Q3,Friday,CUST000168,Customer 168,Retailer,Jaipur,India,customer168@company.com,9443086624,PROD000018,Product 18,PC536887,Machinery,Pumps,High-quality Product 18,509,4289.23,2183218.07,2024-01-19,"Jaipur, 235073",FAC08,Factory 8,Plant 8,Jaipur,India,157651,LINE018,Assembly Line 18,Painting,18505,1162,2024-01-03,2024-07-14,2024-08-23,2024-11-04,Completed,71,99.25,23,Yes,2024-10-15,null,In Transit,-2,Order ORD00000767 - Production running smoothly
ORD00000768,2024-06-09,12:12,2024,9,September,Q3,Saturday,CUST000169,Customer 169,Corporate,Mumbai,India,customer169@company.com,9429170647,PROD000019,Product 19,PC503924,Consumer Goods,Appliances,High-quality Product 19,400,4859.81,1943924,2024-03-27,"Mumbai, 595273",FAC01,Factory 1,Plant 1,Mumbai,India,761631,LINE019,Assembly Line 19,Packaging,46024,14307,2024-02-09,2024-07-01,2024-03-11,null,On Hold,21,74.26,44,Yes,2024-07-12,2024-01-10,Delivered,4,Order ORD00000768 - Quality issues detected
ORD00000769,2024-10-15,17:53,2024,11,November,Q4,Sunday,CUST000170,Customer 170,Individual,Delhi,India,customer170@company.com,9367151511,PROD000020,Product 20,PC909480,Industrial Equipment,Motors,High-quality Product 20,114,2572.81,293300.34,2024-01-04,"Delhi, 666667",FAC02,Factory 2,Plant 2,Delhi,India,989046,LINE020,Assembly Line 20,Testing,43799,18464,2024-10-18,2024-11-09,2024-02-02,null,Cancelled,15,70.49,42,Yes,2024-03-10,2024-01-04,Delayed,9,Order ORD00000769 - Quality issues detected
ORD00000770,2024-04-25,14:41,2024,1,January,Q1,Monday,CUST000171,Customer 171,OEM,Bangalore,India,customer171@company.com,9872706191,PROD000021,Product 21,PC966344,Electronics,Controllers,High-quality Product 21,145,3992.99,578983.55,2024-11-11,"Bangalore, 889064",FAC03,Factory 3,Plant 3,Bangalore,India,180058,LINE021,Assembly Line 21,Assembly,18922,11445,2024-03-26,null,2024-12-17,2024-11-08,Planned,3,77.55,39,Yes,2024-08-28,null,Pending,8,Order ORD00000770 - Quality issues detected
ORD00000771,2024-09-04,12:47,2024,12,December,Q4,Tuesday,CUST000172,Customer 172,Distributor,Pune,India,customer172@company.com,9915544203,PROD000022,Product 22,PC881080,Automotive,Engines,High-quality Product 22,703,4560.21,3205827.63,2024-07-06,"Pune, 468714",FAC04,Factory 4,Plant 4,Pune,India,219921,LINE022,Assembly Line 22,Welding,29741,37812,2024-01-22,2024-01-13,2024-03-03,null,In Progress,87,76.73,5,No,2024-02-13,2024-07-23,Shipped,9,Order ORD00000771 - Quality issues detected
ORD00000772,2024-12-02,15:16,2024,10,October,Q4,Wednesday,CUST000173,Customer 173,Retailer,Hyderabad,India,customer173@company.com,9763246286,PROD000023,Product 23,PC481485,Machinery,Pumps,High-quality Product 23,152,3378.47,513527.44,2024-05-01,"Hyderabad, 942974",FAC05,Factory 5,Plant 5,Hyderabad,India,454288,LINE023,Assembly Line 23,Painting,27325,25900,2024-10-12,null,2024-07-24,2024-04-17,Completed,61,74.95,32,Yes,2024-07-07,null,In Transit,12,Order ORD00000772 - Quality issues detected
ORD00000773,2024-10-08,11:07,2024,2,February,Q1,Thursday,CUST000174,Customer 174,Corporate,Chennai,India,customer174@company.com,9939520538,PROD000024,Product 24,PC476012,Consumer Goods,Appliances,High-quality Product 24,871,3704.67,3226767.57,2024-03-11,"Chennai, 982449",FAC06,Factory 6,Plant 6,Chennai,India,672867,LINE024,Assembly Line 24,Packaging,17301,27248,2024-06-10,2024-06-12,2024-06-09,null,On Hold,26,79.99,31,Yes,2024-01-04,null,Delivered,4,Order ORD00000773 - Quality issues detected
ORD00000774,2024-12-06,13:55,2024,12,December,Q4,Friday,CUST000175,Customer 175,Individual,Kolkata,India,customer175@company.com,9463174619,PROD000025,Product 25,PC319663,Industrial Equipment,Motors,High-quality Product 25,625,1399.24,874525,2024-06-04,"Kolkata, 724983",FAC07,Factory 7,Plant 7,Kolkata,India,290727,LINE025,Assembly Line 25,Testing,27134,38123,2024-03-02,2024-03-05,2024-12-01,2024-04-12,Cancelled,83,71.71,26,Yes,2024-11-10,2024-02-04,Delayed,4,Order ORD00000774 - Quality issues detected
ORD00000775,2024-05-06,15:50,2024,3,March,Q1,Saturday,CUST000176,Customer 176,OEM,Jaipur,India,customer176@company.com,9130099980,PROD000026,Product 26,PC775185,Electronics,Controllers,High-quality Product 26,532,1389.5,739214,2024-03-16,"Jaipur, 626759",FAC08,Factory 8,Plant 8,Jaipur,India,232842,LINE026,Assembly Line 26,Assembly,6555,33531,2024-01-03,2024-12-01,2024-12-09,null,Planned,41,82.71,25,Yes,2024-09-24,2024-11-19,Pending,11,Order ORD00000775 - Quality issues detected
ORD00000776,2024-06-01,12:58,2024,9,September,Q3,Sunday,CUST000177,Customer 177,Distributor,Mumbai,India,customer177@company.com,9640646296,PROD000027,Product 27,PC163851,Automotive,Engines,High-quality Product 27,204,2798.64,570922.56,2024-11-08,"Mumbai, 807698",FAC01,Factory 1,Plant 1,Mumbai,India,278561,LINE027,Assembly Line 27,Welding,7319,32240,2024-12-13,null,2024-02-28,2024-03-17,In Progress,40,83.37,29,Yes,2024-03-23,2024-10-04,Shipped,-5,Order ORD00000776 - Quality issues detected
ORD00000777,2024-01-07,16:36,2024,8,August,Q3,Monday,CUST000178,Customer 178,Retailer,Delhi,India,customer178@company.com,9923367538,PROD000028,Product 28,PC683215,Machinery,Pumps,High-quality Product 28,769,3221.31,2477187.39,2024-06-16,"Delhi, 696052",FAC02,Factory 2,Plant 2,Delhi,India,558179,LINE028,Assembly Line 28,Painting,3492,33422,2024-06-12,2024-04-07,2024-03-02,2024-09-23,Completed,10,99.74,16,Yes,2024-02-06,2024-11-25,In Transit,15,Order ORD00000777 - Production running smoothly
ORD00000778,2024-09-24,09:38,2024,1,January,Q1,Tuesday,CUST000179,Customer 179,Corporate,Bangalore,India,customer179@company.com,9727715659,PROD000029,Product 29,PC316805,Consumer Goods,Appliances,High-quality Product 29,882,4942.26,4359073.32,2024-04-01,"Bangalore, 973339",FAC03,Factory 3,Plant 3,Bangalore,India,972832,LINE029,Assembly Line 29,Packaging,36670,16538,2024-05-05,2024-12-14,2024-07-16,2024-09-10,On Hold,27,98.13,41,Yes,2024-03-08,2024-03-14,Delivered,15,Order ORD00000778 - Production running smoothly
ORD00000779,2024-07-12,17:23,2024,1,January,Q1,Wednesday,CUST000180,Customer 180,Individual,Pune,India,customer180@company.com,9119074526,PROD000030,Product 30,PC285797,Industrial Equipment,Motors,High-quality Product 30,401,3899.13,1563551.13,2024-06-27,"Pune, 176664",FAC04,Factory 4,Plant 4,Pune,India,972414,LINE030,Assembly Line 30,Testing,22491,1483,2024-04-12,2024-10-26,2024-03-04,null,Cancelled,54,79.03,17,Yes,2024-09-03,2024-11-06,Delayed,2,Order ORD00000779 - Quality issues detected
ORD00000780,2024-04-25,08:23,2024,3,March,Q1,Thursday,CUST000181,Customer 181,OEM,Hyderabad,India,customer181@company.com,9198050113,PROD000031,Product 31,PC357584,Electronics,Controllers,High-quality Product 31,374,4621.14,1728306.36,2024-07-06,"Hyderabad, 486820",FAC05,Factory 5,Plant 5,Hyderabad,India,238927,LINE001,Assembly Line 1,Assembly,30314,38908,2024-05-25,2024-04-25,2024-05-11,2024-08-11,Planned,22,77.54,23,Yes,2024-05-24,2024-01-22,Pending,13,Order ORD00000780 - Quality issues detected
ORD00000781,2024-01-12,13:19,2024,6,June,Q2,Friday,CUST000182,Customer 182,Distributor,Chennai,India,customer182@company.com,9678820898,PROD000032,Product 32,PC937305,Automotive,Engines,High-quality Product 32,765,4806.12,3676681.8,2024-07-11,"Chennai, 849191",FAC06,Factory 6,Plant 6,Chennai,India,207107,LINE002,Assembly Line 2,Welding,18812,39395,2024-02-09,2024-08-12,2024-03-23,null,In Progress,68,84.94,14,Yes,2024-02-20,2024-04-26,Shipped,-5,Order ORD00000781 - Quality issues detected
ORD00000782,2024-04-26,08:11,2024,4,April,Q2,Saturday,CUST000183,Customer 183,Retailer,Kolkata,India,customer183@company.com,9786354654,PROD000033,Product 33,PC218459,Machinery,Pumps,High-quality Product 33,142,1998.89,283842.38,2024-10-24,"Kolkata, 258540",FAC07,Factory 7,Plant 7,Kolkata,India,325120,LINE003,Assembly Line 3,Painting,1304,36724,2024-12-12,2024-02-25,2024-05-10,2024-12-03,Completed,16,94.09,50,Yes,2024-03-02,2024-11-15,In Transit,11,Order ORD00000782 - Production running smoothly
ORD00000783,2024-07-28,11:04,2024,10,October,Q4,Sunday,CUST000184,Customer 184,Corporate,Jaipur,India,customer184@company.com,9216463544,PROD000034,Product 34,PC153877,Consumer Goods,Appliances,High-quality Product 34,218,3857.11,840849.98,2024-04-21,"Jaipur, 313706",FAC08,Factory 8,Plant 8,Jaipur,India,681136,LINE004,Assembly Line 4,Packaging,8496,3172,2024-09-28,2024-08-21,2024-04-24,2024-08-03,On Hold,5,83.83,21,Yes,2024-06-24,2024-04-07,Delivered,19,Order ORD00000783 - Quality issues detected
ORD00000784,2024-03-07,09:06,2024,6,June,Q2,Monday,CUST000185,Customer 185,Individual,Mumbai,India,customer185@company.com,9222895474,PROD000035,Product 35,PC481130,Industrial Equipment,Motors,High-quality Product 35,569,844.97,480787.93,2024-10-24,"Mumbai, 588779",FAC01,Factory 1,Plant 1,Mumbai,India,550258,LINE005,Assembly Line 5,Testing,27016,25718,2024-07-05,2024-11-05,2024-04-03,2024-01-25,Cancelled,6,92.13,19,Yes,2024-08-07,2024-11-11,Delayed,7,Order ORD00000784 - Production running smoothly
ORD00000785,2024-05-16,11:16,2024,2,February,Q1,Tuesday,CUST000186,Customer 186,OEM,Delhi,India,customer186@company.com,9771902594,PROD000036,Product 36,PC709262,Electronics,Controllers,High-quality Product 36,748,4043.55,3024575.4,2024-03-03,"Delhi, 526745",FAC02,Factory 2,Plant 2,Delhi,India,905622,LINE006,Assembly Line 6,Assembly,28970,5144,2024-01-08,2024-04-08,2024-02-18,null,Planned,19,76.52,25,Yes,2024-03-07,2024-04-24,Pending,12,Order ORD00000785 - Quality issues detected
ORD00000786,2024-09-19,14:08,2024,3,March,Q1,Wednesday,CUST000187,Customer 187,Distributor,Bangalore,India,customer187@company.com,9869292854,PROD000037,Product 37,PC417907,Automotive,Engines,High-quality Product 37,269,3220.71,866370.99,2024-11-25,"Bangalore, 315649",FAC03,Factory 3,Plant 3,Bangalore,India,662927,LINE007,Assembly Line 7,Welding,24302,30360,2024-06-05,2024-07-20,2024-12-08,2024-06-17,In Progress,44,83.02,10,No,2024-10-24,2024-07-24,Shipped,15,Order ORD00000786 - Quality issues detected
ORD00000787,2024-02-07,08:41,2024,11,November,Q4,Thursday,CUST000188,Customer 188,Retailer,Pune,India,customer188@company.com,9526834577,PROD000038,Product 38,PC894826,Machinery,Pumps,High-quality Product 38,781,1329.45,1038300.45,2024-04-15,"Pune, 118987",FAC04,Factory 4,Plant 4,Pune,India,741399,LINE008,Assembly Line 8,Painting,36203,6739,2024-01-24,2024-02-19,2024-07-19,2024-08-19,Completed,90,95.31,34,Yes,2024-10-02,2024-01-25,In Transit,14,Order ORD00000787 - Production running smoothly
ORD00000788,2024-05-05,10:25,2024,8,August,Q3,Friday,CUST000189,Customer 189,Corporate,Hyderabad,India,customer189@company.com,9580079823,PROD000039,Product 39,PC906586,Consumer Goods,Appliances,High-quality Product 39,556,4098.05,2278515.8,2024-06-06,"Hyderabad, 922621",FAC05,Factory 5,Plant 5,Hyderabad,India,149368,LINE009,Assembly Line 9,Packaging,15570,21980,2024-03-18,2024-08-03,2024-06-20,2024-08-26,On Hold,32,83.02,19,Yes,2024-12-14,2024-08-05,Delivered,8,Order ORD00000788 - Quality issues detected
ORD00000789,2024-03-01,12:59,2024,9,September,Q3,Saturday,CUST000190,Customer 190,Individual,Chennai,India,customer190@company.com,9623424665,PROD000040,Product 40,PC709495,Industrial Equipment,Motors,High-quality Product 40,857,2048.84,1755855.88,2024-10-09,"Chennai, 158433",FAC06,Factory 6,Plant 6,Chennai,India,720368,LINE010,Assembly Line 10,Testing,40642,27675,2024-02-06,2024-12-23,2024-09-12,2024-08-06,Cancelled,96,71.84,21,Yes,2024-08-04,null,Delayed,-5,Order ORD00000789 - Quality issues detected
ORD00000790,2024-06-03,08:47,2024,2,February,Q1,Sunday,CUST000191,Customer 191,OEM,Kolkata,India,customer191@company.com,9674802314,PROD000041,Product 41,PC176498,Electronics,Controllers,High-quality Product 41,984,4188.91,4121887.44,2024-08-21,"Kolkata, 440430",FAC07,Factory 7,Plant 7,Kolkata,India,696950,LINE011,Assembly Line 11,Assembly,4720,15628,2024-11-05,2024-09-25,2024-06-05,2024-01-18,Planned,27,80.49,36,Yes,2024-04-01,2024-08-14,Pending,2,Order ORD00000790 - Quality issues detected
ORD00000791,2024-02-08,08:27,2024,6,June,Q2,Monday,CUST000192,Customer 192,Distributor,Jaipur,India,customer192@company.com,9828629712,PROD000042,Product 42,PC800888,Automotive,Engines,High-quality Product 42,593,4597.65,2726406.45,2024-08-14,"Jaipur, 931813",FAC08,Factory 8,Plant 8,Jaipur,India,362474,LINE012,Assembly Line 12,Welding,49324,35120,2024-04-06,2024-01-05,2024-07-13,2024-03-02,In Progress,69,98.88,12,Yes,2024-10-17,2024-11-11,Shipped,12,Order ORD00000791 - Production running smoothly
ORD00000792,2024-10-05,12:44,21024,6,June,Q2,Tuesday,CUST000193,Customer 193,Retailer,Mumbai,India,customer193@company.com,9587458078,PROD000043,Product 43,PC684497,Machinery,Pumps,High-quality Product 43,794,285.15,226409.1,2024-07-01,"Mumbai, 328516",FAC01,Factory 1,Plant 1,Mumbai,India,897197,LINE013,Assembly Line 13,Painting,11482,3445,2024-09-23,2024-09-28,2024-11-13,2024-12-16,Completed,93,97.8,49,Yes,2024-05-03,2024-05-12,In Transit,5,Order ORD00000792 - Production running smoothly
ORD00000793,2024-02-31,10:45,2024,7,July,Q3,Wednesday,CUST000194,Customer 194,Corporate,Delhi,India,customer194@company.com,9534542638,PROD000044,Product 44,PC965055,Consumer Goods,Appliances,High-quality Product 44,531,375.12,199188.72,2024-10-20,"Delhi, 592028",FAC02,Factory 2,Plant 2,Delhi,India,654993,LINE014,Assembly Line 14,Packaging,26386,15965,2024-01-09,2024-02-06,2024-01-04,2024-01-10,On Hold,85,83.49,45,Yes,2024-04-20,null,Delivered,11,Order ORD00000793 - Quality issues detected
ORD00000794,2024-07-14,11:16,2024,8,August,Q3,Thursday,CUST000195,Customer 195,Individual,Bangalore,India,customer195@company.com,9690439179,PROD000045,Product 45,PC703956,Industrial Equipment,Motors,High-quality Product 45,839,3587.25,3009702.75,2024-10-17,"Bangalore, 422355",FAC03,Factory 3,Plant 3,Bangalore,India,969323,LINE015,Assembly Line 15,Testing,25687,21186,2024-07-15,2024-11-27,2024-08-05,2024-10-11,Cancelled,20,85.85,39,Yes,2024-10-20,null,Delayed,0,Order ORD00000794 - Production running smoothly
ORD00000795,2024-06-09,16:14,2024,5,May,Q2,Friday,CUST000196,Customer 196,OEM,Pune,India,customer196@company.com,9305724371,PROD000046,Product 46,PC804412,Electronics,Controllers,High-quality Product 46,634,2993.64,1897967.76,2024-06-22,"Pune, 304002",FAC04,Factory 4,Plant 4,Pune,India,898078,LINE016,Assembly Line 16,Assembly,25636,31207,2024-02-04,2024-08-13,2024-03-03,null,Planned,36,83.92,6,No,2024-04-03,2024-12-24,Pending,14,Order ORD00000795 - Quality issues detected
ORD00000796,2024-05-07,09:33,2024,4,April,Q2,Saturday,CUST000197,Customer 197,Distributor,Hyderabad,India,customer197@company.com,9704785119,PROD000047,Product 47,PC492439,Automotive,Engines,High-quality Product 47,443,3587.66,1589333.38,2024-03-25,"Hyderabad, 315251",FAC05,Factory 5,Plant 5,Hyderabad,India,154319,LINE017,Assembly Line 17,Welding,24228,10696,2024-03-26,2024-07-10,2024-07-28,2024-02-16,In Progress,56,92.25,37,Yes,2024-11-04,2024-08-22,Shipped,17,Order ORD00000796 - Production running smoothly
ORD00000797,2024-03-16,10:34,2024,9,September,Q3,Sunday,CUST000198,Customer 198,Retailer,Chennai,India,customer198@company.com,9880814044,PROD000048,Product 48,PC487670,Machinery,Pumps,High-quality Product 48,158,2765.59,436963.22,2024-09-11,"Chennai, 108722",FAC06,Factory 6,Plant 6,Chennai,India,755219,LINE018,Assembly Line 18,Painting,42291,28739,2024-03-09,2024-08-06,2024-09-19,null,Completed,51,81.68,48,Yes,2024-10-07,2024-06-26,In Transit,1,Order ORD00000797 - Quality issues detected
ORD00000798,2024-04-04,14:17,2024,5,May,Q2,Monday,CUST000199,Customer 199,Corporate,Kolkata,India,customer199@company.com,9232375269,PROD000049,Product 49,PC590012,Consumer Goods,Appliances,High-quality Product 49,811,2068.21,1677318.31,2024-06-10,"Kolkata, 757277",FAC07,Factory 7,Plant 7,Kolkata,India,950082,LINE019,Assembly Line 19,Packaging,39748,23599,2024-05-17,2024-02-22,2024-11-13,2024-02-08,On Hold,38,87.56,16,Yes,2024-01-24,2024-02-02,Delivered,9,Order ORD00000798 - Production running smoothly
ORD00000799,2024-12-11,17:10,2024,5,May,Q2,Tuesday,CUST000200,Customer 200,Individual,Jaipur,India,customer200@company.com,9314961314,PROD000050,Product 50,PC373908,Industrial Equipment,Motors,High-quality Product 50,581,411.39,239017.59,2024-07-09,"Jaipur, 831043",FAC08,Factory 8,Plant 8,Jaipur,India,589520,LINE020,Assembly Line 20,Testing,39131,36736,2024-06-28,2024-01-07,2024-09-27,2024-11-02,Cancelled,69,73.77,0,No,2024-08-21,null,Delayed,14,Order ORD00000799 - Quality issues detected
ORD00000800,2024-09-13,17:41,2024,1,January,Q1,Wednesday,CUST000001,Customer 1,OEM,Mumbai,India,customer1@company.com,9528150978,PROD000051,Product 51,PC922342,Electronics,Controllers,High-quality Product 51,28,4456.92,124793.76,2024-05-15,"Mumbai, 877878",FAC01,Factory 1,Plant 1,Mumbai,India,626827,LINE021,Assembly Line 21,Assembly,6444,11035,2024-01-21,2024-12-15,2024-11-03,null,Planned,41,95.74,21,Yes,2024-06-19,2024-03-28,Pending,4,Order ORD00000800 - Production running smoothly
ORD00000801,2024-05-19,14:40,2024,10,October,Q4,Thursday,CUST000002,Customer 2,Distributor,Delhi,India,customer2@company.com,9928805366,PROD000052,Product 52,PC603537,Automotive,Engines,High-quality Product 52,670,1152.77,772355.9,2024-08-11,"Delhi, 685484",FAC02,Factory 2,Plant 2,Delhi,India,153428,LINE022,Assembly Line 22,Welding,49065,31852,2024-02-05,2024-03-16,2024-06-26,2024-06-21,In Progress,12,74.52,16,Yes,2024-07-17,2024-04-16,Shipped,7,Order ORD00000801 - Quality issues detected
ORD00000802,2024-11-05,16:39,2024,11,November,Q4,Friday,CUST000003,Customer 3,Retailer,Bangalore,India,customer3@company.com,9425627081,PROD000053,Product 53,PC807892,Machinery,Pumps,High-quality Product 53,961,122.78,117991.58,2024-11-13,"Bangalore, 772112",FAC03,Factory 3,Plant 3,Bangalore,India,424698,LINE023,Assembly Line 23,Painting,41207,2286,2024-09-06,2024-07-02,2024-11-24,null,Completed,93,75.27,19,Yes,2024-01-20,2024-11-20,In Transit,-5,Order ORD00000802 - Quality issues detected
ORD00000803,2024-06-20,11:57,2024,8,August,Q3,Saturday,CUST000004,Customer 4,Corporate,Pune,India,customer4@company.com,9796097644,PROD000054,Product 54,PC673744,Consumer Goods,Appliances,High-quality Product 54,491,2789.66,1369723.06,2024-04-02,"Pune, 257577",FAC04,Factory 4,Plant 4,Pune,India,975336,LINE024,Assembly Line 24,Packaging,11781,34820,2024-08-03,null,2024-11-02,2024-10-08,On Hold,89,96.41,8,No,2024-03-16,2024-08-01,Delivered,20,Order ORD00000803 - Production running smoothly
ORD00000804,2024-08-05,09:00,2024,9,September,Q3,Sunday,CUST000005,Customer 5,Individual,Hyderabad,India,customer5@company.com,9836846338,PROD000055,Product 55,PC409755,Industrial Equipment,Motors,High-quality Product 55,28,1822.45,51028.6,2024-10-17,"Hyderabad, 791960",FAC05,Factory 5,Plant 5,Hyderabad,India,776629,LINE025,Assembly Line 25,Testing,19642,31512,2024-04-27,2024-11-23,2024-11-01,2024-08-15,Cancelled,52,71.79,23,Yes,2024-09-20,2024-02-04,Delayed,19,Order ORD00000804 - Quality issues detected
ORD00000805,2024-09-24,09:05,2024,12,December,Q4,Monday,CUST000006,Customer 6,OEM,Chennai,India,customer6@company.com,9756770800,PROD000056,Product 56,PC229766,Electronics,Controllers,High-quality Product 56,430,3794.82,1631772.6,2024-11-04,"Chennai, 955559",FAC06,Factory 6,Plant 6,Chennai,India,481271,LINE026,Assembly Line 26,Assembly,41840,12573,2024-11-15,2024-06-17,2024-03-04,null,Planned,67,99.04,32,Yes,2024-06-05,2024-11-04,Pending,2,Order ORD00000805 - Production running smoothly
ORD00000806,2024-07-05,17:56,2024,12,December,Q4,Tuesday,CUST000007,Customer 7,Distributor,Kolkata,India,customer7@company.com,9636966623,PROD000057,Product 57,PC451905,Automotive,Engines,High-quality Product 57,326,4520.92,1473819.92,2024-09-04,"Kolkata, 559313",FAC07,Factory 7,Plant 7,Kolkata,India,820046,LINE027,Assembly Line 27,Welding,18089,18173,2024-11-15,2024-08-26,2024-03-07,2024-03-01,In Progress,48,86.24,44,Yes,2024-02-07,2024-06-02,Shipped,1,Order ORD00000806 - Production running smoothly
ORD00000807,2024-03-10,16:14,2024,2,February,Q1,Wednesday,CUST000008,Customer 8,Retailer,Jaipur,India,customer8@company.com,9650213171,PROD000058,Product 58,PC202528,Machinery,Pumps,High-quality Product 58,313,2085.52,652767.76,2024-07-06,"Jaipur, 996391",FAC08,Factory 8,Plant 8,Jaipur,India,218176,LINE028,Assembly Line 28,Painting,9519,34889,2024-10-18,null,2024-10-07,null,Completed,34,99.95,49,Yes,2024-06-22,2024-11-11,In Transit,0,Order ORD00000807 - Production running smoothly
ORD00000808,2024-10-10,16:14,2024,8,August,Q3,Thursday,CUST000009,Customer 9,Corporate,Mumbai,India,customer9@company.com,9288200204,PROD000059,Product 59,PC430015,Consumer Goods,Appliances,High-quality Product 59,192,3974.72,763146.24,2024-07-11,"Mumbai, 728014",FAC01,Factory 1,Plant 1,Mumbai,India,333446,LINE029,Assembly Line 29,Packaging,31342,16524,2024-02-26,2024-12-12,2024-02-04,2024-09-09,On Hold,18,79.56,10,No,2024-03-07,2024-12-23,Delivered,13,Order ORD00000808 - Quality issues detected
ORD00000809,2024-02-24,11:39,2024,10,October,Q4,Friday,CUST000010,Customer 10,Individual,Delhi,India,customer10@company.com,9154032340,PROD000060,Product 60,PC821187,Industrial Equipment,Motors,High-quality Product 60,369,852.36,314520.84,2024-07-24,"Delhi, 728137",FAC02,Factory 2,Plant 2,Delhi,India,279101,LINE030,Assembly Line 30,Testing,8722,10875,2024-10-03,2024-07-12,2024-06-04,2024-05-17,Cancelled,45,79.68,27,Yes,2024-07-21,2024-10-26,Delayed,5,Order ORD00000809 - Quality issues detected
ORD00000810,2024-06-24,09:59,2024,9,September,Q3,Saturday,CUST000011,Customer 11,OEM,Bangalore,India,customer11@company.com,9908724095,PROD000061,Product 61,PC537440,Electronics,Controllers,High-quality Product 61,232,2150.65,498950.8,2024-05-04,"Bangalore, 973847",FAC03,Factory 3,Plant 3,Bangalore,India,628142,LINE001,Assembly Line 1,Assembly,14710,38056,2024-06-13,2024-04-22,2024-06-13,2024-02-24,Planned,88,94.93,27,Yes,2024-03-12,null,Pending,-3,Order ORD00000810 - Production running smoothly
ORD00000811,2024-10-02,12:21,2024,5,May,Q2,Sunday,CUST000012,Customer 12,Distributor,Pune,India,customer12@company.com,9979354385,PROD000062,Product 62,PC545800,Automotive,Engines,High-quality Product 62,811,1761.1,1428252.1,2024-03-16,"Pune, 428501",FAC04,Factory 4,Plant 4,Pune,India,620097,LINE002,Assembly Line 2,Welding,15392,19335,2024-12-24,2024-02-07,2024-02-23,null,In Progress,1,90.55,30,Yes,2024-03-25,2024-10-05,Shipped,-3,Order ORD00000811 - Production running smoothly
ORD00000812,2024-04-20,12:42,2024,12,December,Q4,Monday,CUST000013,Customer 13,Retailer,Hyderabad,India,customer13@company.com,9462046451,PROD000063,Product 63,PC529932,Machinery,Pumps,High-quality Product 63,778,2415.9,1879570.2,2024-12-08,"Hyderabad, 588122",FAC05,Factory 5,Plant 5,Hyderabad,India,723551,LINE003,Assembly Line 3,Painting,6478,5632,2024-12-01,2024-07-09,2024-02-22,2024-02-19,Completed,68,71.71,38,Yes,2024-12-13,2024-08-13,In Transit,20,Order ORD00000812 - Quality issues detected
ORD00000813,2024-02-28,10:02,2024,7,July,Q3,Tuesday,CUST000014,Customer 14,Corporate,Chennai,India,customer14@company.com,9509851441,PROD000064,Product 64,PC944119,Consumer Goods,Appliances,High-quality Product 64,762,2935.98,2237216.76,2024-11-13,"Chennai, 479470",FAC06,Factory 6,Plant 6,Chennai,India,386337,LINE004,Assembly Line 4,Packaging,37008,21548,2024-01-23,2024-05-13,2024-03-07,null,On Hold,34,73.24,34,Yes,2024-02-23,2024-08-26,Delivered,7,Order ORD00000813 - Quality issues detected
ORD00000814,2024-06-17,15:10,2024,4,April,Q2,Wednesday,CUST000015,Customer 15,Individual,Kolkata,India,customer15@company.com,9531565641,PROD000065,Product 65,PC718632,Industrial Equipment,Motors,High-quality Product 65,430,1125.82,484102.6,2024-11-20,"Kolkata, 981798",FAC07,Factory 7,Plant 7,Kolkata,India,681908,LINE005,Assembly Line 5,Testing,8589,22213,2024-01-16,2024-04-13,2024-02-08,2024-09-18,Cancelled,47,83.34,12,Yes,2024-06-26,2024-02-26,Delayed,-3,Order ORD00000814 - Quality issues detected
ORD00000815,2024-02-23,13:58,2024,2,February,Q1,Thursday,CUST000016,Customer 16,OEM,Jaipur,India,customer16@company.com,9673833484,PROD000066,Product 66,PC510931,Electronics,Controllers,High-quality Product 66,507,3181.2,1612868.4,2024-04-21,"Jaipur, 643294",FAC08,Factory 8,Plant 8,Jaipur,India,456533,LINE006,Assembly Line 6,Assembly,38507,35693,2024-02-14,2024-02-07,2024-11-01,null,Planned,21,74.24,27,Yes,2024-01-11,2024-03-26,Pending,11,Order ORD00000815 - Quality issues detected
ORD00000816,2024-01-08,08:03,2024,11,November,Q4,Friday,CUST000017,Customer 17,Distributor,Mumbai,India,customer17@company.com,9196065147,PROD000067,Product 67,PC635269,Automotive,Engines,High-quality Product 67,761,1123.15,854717.15,2024-09-18,"Mumbai, 852207",FAC01,Factory 1,Plant 1,Mumbai,India,485008,LINE007,Assembly Line 7,Welding,10586,28637,2024-12-18,2024-04-02,2024-04-21,2024-01-26,In Progress,34,73.18,46,Yes,2024-02-13,2024-03-12,Shipped,10,Order ORD00000816 - Quality issues detected
ORD00000817,2024-02-03,12:13,2024,6,June,Q2,Saturday,CUST000018,Customer 18,Retailer,Delhi,India,customer18@company.com,9397394214,PROD000068,Product 68,PC290372,Machinery,Pumps,High-quality Product 68,998,4885.51,4875738.98,2024-01-14,"Delhi, 239721",FAC02,Factory 2,Plant 2,Delhi,India,988916,LINE008,Assembly Line 8,Painting,25246,8120,2024-09-04,2024-05-05,2024-12-21,2024-04-21,Completed,100,72.08,4,No,2024-08-25,2024-03-13,In Transit,11,Order ORD00000817 - Quality issues detected
ORD00000818,2024-07-28,09:48,2024,3,March,Q1,Sunday,CUST000019,Customer 19,Corporate,Bangalore,India,customer19@company.com,9253896662,PROD000069,Product 69,PC203631,Consumer Goods,Appliances,High-quality Product 69,390,410.42,160063.8,2024-06-07,"Bangalore, 469723",FAC03,Factory 3,Plant 3,Bangalore,India,539353,LINE009,Assembly Line 9,Packaging,33834,36178,2024-12-28,2024-10-22,2024-04-12,null,On Hold,57,89.29,28,Yes,2024-06-02,null,Delivered,7,Order ORD00000818 - Production running smoothly
ORD00000819,2024-07-17,12:21,2024,1,January,Q1,Monday,CUST000020,Customer 20,Individual,Pune,India,customer20@company.com,9683141929,PROD000070,Product 70,PC806848,Industrial Equipment,Motors,High-quality Product 70,280,2748.56,769596.8,2024-11-26,"Pune, 186201",FAC04,Factory 4,Plant 4,Pune,India,370900,LINE010,Assembly Line 10,Testing,33243,21451,2024-12-19,2024-09-06,2024-02-14,2024-06-10,Cancelled,6,89.67,49,Yes,2024-05-02,2024-02-13,Delayed,4,Order ORD00000819 - Production running smoothly
ORD00000820,2024-12-19,15:29,2024,6,June,Q2,Tuesday,CUST000021,Customer 21,OEM,Hyderabad,India,customer21@company.com,9611303779,PROD000071,Product 71,PC342156,Electronics,Controllers,High-quality Product 71,279,3928.73,1096115.67,2024-09-25,"Hyderabad, 317377",FAC05,Factory 5,Plant 5,Hyderabad,India,592650,LINE011,Assembly Line 11,Assembly,44151,39852,2024-04-11,2024-10-12,2024-08-16,null,Planned,79,86.81,11,Yes,2024-06-23,null,Pending,12,Order ORD00000820 - Production running smoothly
ORD00000821,2024-06-26,12:38,2024,8,August,Q3,Wednesday,CUST000022,Customer 22,Distributor,Chennai,India,customer22@company.com,9729179736,PROD000072,Product 72,PC110660,Automotive,Engines,High-quality Product 72,155,4365.5,676652.5,2024-07-25,"Chennai, 960399",FAC06,Factory 6,Plant 6,Chennai,India,322940,LINE012,Assembly Line 12,Welding,11829,11144,2024-10-03,2024-05-15,2024-09-22,2024-01-01,In Progress,80,92.26,12,Yes,2024-11-22,2024-07-14,Shipped,-4,Order ORD00000821 - Production running smoothly
ORD00000822,2024-11-05,16:48,2024,3,March,Q1,Thursday,CUST000023,Customer 23,Retailer,Kolkata,India,customer23@company.com,9703957218,PROD000073,Product 73,PC377393,Machinery,Pumps,High-quality Product 73,406,3269.98,1327611.88,2024-11-19,"Kolkata, 956583",FAC07,Factory 7,Plant 7,Kolkata,India,815880,LINE013,Assembly Line 13,Painting,36721,8858,2024-04-28,2024-06-25,2024-01-02,2024-08-05,Completed,65,78.82,41,Yes,2024-03-16,null,In Transit,6,Order ORD00000822 - Quality issues detected
ORD00000823,2024-08-20,09:38,2024,9,September,Q3,Friday,CUST000024,Customer 24,Corporate,Jaipur,India,customer24@company.com,9498823714,PROD000074,Product 74,PC515507,Consumer Goods,Appliances,High-quality Product 74,130,1931.26,251063.8,2024-12-11,"Jaipur, 681635",FAC08,Factory 8,Plant 8,Jaipur,India,673509,LINE014,Assembly Line 14,Packaging,27858,31835,2024-05-06,2024-05-20,2024-10-19,null,On Hold,68,99.13,1,No,2024-09-21,2024-10-26,Delivered,18,Order ORD00000823 - Production running smoothly
ORD00000824,2024-05-12,16:45,2024,5,May,Q2,Saturday,CUST000025,Customer 25,Individual,Mumbai,India,customer25@company.com,9293813184,PROD000075,Product 75,PC223875,Industrial Equipment,Motors,High-quality Product 75,564,1265.1,713516.4,2024-05-28,"Mumbai, 622265",FAC01,Factory 1,Plant 1,Mumbai,India,828494,LINE015,Assembly Line 15,Testing,47601,2536,2024-01-11,2024-01-27,2024-10-28,2024-10-04,Cancelled,75,99.7,30,Yes,2024-04-09,2024-08-04,Delayed,6,Order ORD00000824 - Production running smoothly
ORD00000825,2024-07-13,16:18,2024,11,November,Q4,Sunday,CUST000026,Customer 26,OEM,Delhi,India,customer26@company.com,9337185284,PROD000076,Product 76,PC857384,Electronics,Controllers,High-quality Product 76,439,3719.39,1632812.21,2024-02-25,"Delhi, 313206",FAC02,Factory 2,Plant 2,Delhi,India,114155,LINE016,Assembly Line 16,Assembly,5683,18120,2024-11-13,2024-12-02,2024-11-17,2024-05-13,Planned,91,71.24,21,Yes,2024-11-04,2024-11-24,Pending,7,Order ORD00000825 - Quality issues detected
ORD00000826,2024-04-26,17:21,2024,6,June,Q2,Monday,CUST000027,Customer 27,Distributor,Bangalore,India,customer27@company.com,9770951181,PROD000077,Product 77,PC683823,Automotive,Engines,High-quality Product 77,260,634.9,165074,2024-03-14,"Bangalore, 637212",FAC03,Factory 3,Plant 3,Bangalore,India,744587,LINE017,Assembly Line 17,Welding,14561,3783,2024-01-05,2024-08-01,2024-10-26,null,In Progress,9,76.16,45,Yes,2024-04-23,null,Shipped,4,Order ORD00000826 - Quality issues detected
ORD00000827,2024-10-23,16:30,2024,1,January,Q1,Tuesday,CUST000028,Customer 28,Retailer,Pune,India,customer28@company.com,9151240633,PROD000078,Product 78,PC771766,Machinery,Pumps,High-quality Product 78,361,4372.91,1578620.51,2024-08-13,"Pune, 679371",FAC04,Factory 4,Plant 4,Pune,India,913052,LINE018,Assembly Line 18,Painting,29052,13285,2024-03-17,2024-12-05,2024-04-21,2024-03-23,Completed,39,76.65,38,Yes,2024-11-14,2024-09-23,In Transit,7,Order ORD00000827 - Quality issues detected
ORD00000828,2024-07-18,10:45,2024,1,January,Q1,Wednesday,CUST000029,Customer 29,Corporate,Hyderabad,India,customer29@company.com,9162698986,PROD000079,Product 79,PC430340,Consumer Goods,Appliances,High-quality Product 79,271,1085.03,294043.13,2024-05-27,"Hyderabad, 914948",FAC05,Factory 5,Plant 5,Hyderabad,India,441820,LINE019,Assembly Line 19,Packaging,5587,35260,2024-02-22,2024-05-15,2024-10-02,null,On Hold,7,77.2,7,No,2024-12-11,2024-05-25,Delivered,15,Order ORD00000828 - Quality issues detected
ORD00000829,2024-03-15,15:44,2024,8,August,Q3,Thursday,CUST000030,Customer 30,Individual,Chennai,India,customer30@company.com,9851517923,PROD000080,Product 80,PC268594,Industrial Equipment,Motors,High-quality Product 80,941,1264.22,1189631.02,2024-12-13,"Chennai, 137933",FAC06,Factory 6,Plant 6,Chennai,India,120610,LINE020,Assembly Line 20,Testing,34322,37328,2024-06-14,2024-12-03,2024-04-09,2024-11-05,Cancelled,90,90.07,11,Yes,2024-08-11,2024-08-07,Delayed,17,Order ORD00000829 - Production running smoothly
ORD00000830,2024-12-11,08:36,2024,8,August,Q3,Friday,CUST000031,Customer 31,OEM,Kolkata,India,customer31@company.com,9223995279,PROD000081,Product 81,PC855352,Electronics,Controllers,High-quality Product 81,800,3932.79,3146232,2024-11-27,"Kolkata, 659126",FAC07,Factory 7,Plant 7,Kolkata,India,448271,LINE021,Assembly Line 21,Assembly,23718,31514,2024-09-23,2024-12-12,2024-07-18,2024-05-13,Planned,23,97.22,24,Yes,2024-04-22,2024-02-01,Pending,12,Order ORD00000830 - Production running smoothly
ORD00000831,2024-11-02,15:57,2024,8,August,Q3,Saturday,CUST000032,Customer 32,Distributor,Jaipur,India,customer32@company.com,9238479729,PROD000082,Product 82,PC312542,Automotive,Engines,High-quality Product 82,735,4251.74,3125028.9,2024-10-18,"Jaipur, 929475",FAC08,Factory 8,Plant 8,Jaipur,India,165451,LINE022,Assembly Line 22,Welding,14970,33173,2024-04-01,2024-08-22,2024-08-10,null,In Progress,2,85.57,22,Yes,2024-08-16,2024-03-18,Shipped,3,Order ORD00000831 - Production running smoothly
ORD00000832,2024-02-06,17:17,2024,5,May,Q2,Sunday,CUST000033,Customer 33,Retailer,Mumbai,India,customer33@company.com,9636350428,PROD000083,Product 83,PC841821,Machinery,Pumps,High-quality Product 83,941,1778.21,1673295.61,2024-02-28,"Mumbai, 310756",FAC01,Factory 1,Plant 1,Mumbai,India,686853,LINE023,Assembly Line 23,Painting,43232,2079,2024-01-18,2024-12-11,2024-02-09,null,Completed,16,88.8,19,Yes,2024-03-01,null,In Transit,0,Order ORD00000832 - Production running smoothly
ORD00000833,2024-12-26,08:34,2024,10,October,Q4,Monday,CUST000034,Customer 34,Corporate,Delhi,India,customer34@company.com,9446631927,PROD000084,Product 84,PC946979,Consumer Goods,Appliances,High-quality Product 84,769,3616.84,2781349.96,2024-04-09,"Delhi, 976156",FAC02,Factory 2,Plant 2,Delhi,India,987597,LINE024,Assembly Line 24,Packaging,5683,34621,2024-06-13,2024-03-17,2024-09-23,2024-09-20,On Hold,46,95.25,39,Yes,2024-10-11,2024-02-08,Delivered,7,Order ORD00000833 - Production running smoothly
ORD00000834,2024-05-21,13:06,2024,8,August,Q3,Tuesday,CUST000035,Customer 35,Individual,Bangalore,India,customer35@company.com,9241440240,PROD000085,Product 85,PC151833,Industrial Equipment,Motors,High-quality Product 85,304,2731.62,830412.48,2024-08-15,"Bangalore, 802322",FAC03,Factory 3,Plant 3,Bangalore,India,821609,LINE025,Assembly Line 25,Testing,8221,3152,2024-08-07,2024-05-05,2024-02-09,2024-06-20,Cancelled,9,95.99,2,No,2024-04-04,2024-01-15,Delayed,8,Order ORD00000834 - Production running smoothly
ORD00000835,2024-03-08,11:17,2024,2,February,Q1,Wednesday,CUST000036,Customer 36,OEM,Pune,India,customer36@company.com,9880182637,PROD000086,Product 86,PC582120,Electronics,Controllers,High-quality Product 86,88,4907.18,431831.84,2024-04-13,"Pune, 233655",FAC04,Factory 4,Plant 4,Pune,India,442242,LINE026,Assembly Line 26,Assembly,48858,35528,2024-06-05,2024-02-17,2024-09-10,null,Planned,1,86.26,33,Yes,2024-04-27,null,Pending,11,Order ORD00000835 - Production running smoothly
ORD00000836,2024-09-23,16:47,2024,9,September,Q3,Thursday,CUST000037,Customer 37,Distributor,Hyderabad,India,customer37@company.com,9759586033,PROD000087,Product 87,PC949269,Automotive,Engines,High-quality Product 87,243,4329.53,1052075.79,2024-12-27,"Hyderabad, 807043",FAC05,Factory 5,Plant 5,Hyderabad,India,761027,LINE027,Assembly Line 27,Welding,31384,19661,2024-02-15,2024-10-05,2024-08-01,2024-03-12,In Progress,40,79.16,11,Yes,2024-08-23,2024-04-02,Shipped,-1,Order ORD00000836 - Quality issues detected
ORD00000837,2024-08-24,12:43,2024,7,July,Q3,Friday,CUST000038,Customer 38,Retailer,Chennai,India,customer38@company.com,9565265350,PROD000088,Product 88,PC430673,Machinery,Pumps,High-quality Product 88,479,1371.44,656919.76,2024-01-12,"Chennai, 520761",FAC06,Factory 6,Plant 6,Chennai,India,277973,LINE028,Assembly Line 28,Painting,33610,14451,2024-01-06,2024-04-02,2024-07-25,null,Completed,2,73.57,16,Yes,2024-03-05,2024-01-05,In Transit,13,Order ORD00000837 - Quality issues detected
ORD00000838,2024-03-09,13:50,2024,6,June,Q2,Saturday,CUST000039,Customer 39,Corporate,Kolkata,India,customer39@company.com,9947017973,PROD000089,Product 89,PC693407,Consumer Goods,Appliances,High-quality Product 89,503,2033.56,1022880.68,2024-06-24,"Kolkata, 805642",FAC07,Factory 7,Plant 7,Kolkata,India,387934,LINE029,Assembly Line 29,Packaging,47781,33715,2024-04-24,2024-05-23,2024-03-23,null,On Hold,68,70.39,17,Yes,2024-02-03,2024-05-18,Delivered,16,Order ORD00000838 - Quality issues detected
ORD00000839,2024-03-23,15:44,2024,1,January,Q1,Sunday,CUST000040,Customer 40,Individual,Jaipur,India,customer40@company.com,9480599010,PROD000090,Product 90,PC262698,Industrial Equipment,Motors,High-quality Product 90,528,1683.89,889093.92,2024-03-27,"Jaipur, 574501",FAC08,Factory 8,Plant 8,Jaipur,India,225356,LINE030,Assembly Line 30,Testing,27516,29050,2024-10-25,2024-05-19,2024-07-09,null,Cancelled,35,92.73,45,Yes,2024-07-26,2024-03-01,Delayed,12,Order ORD00000839 - Production running smoothly
ORD00000840,2024-06-08,11:52,2024,11,November,Q4,Monday,CUST000041,Customer 41,OEM,Mumbai,India,customer41@company.com,9675811006,PROD000091,Product 91,PC827158,Electronics,Controllers,High-quality Product 91,875,3877.08,3392445,2024-05-10,"Mumbai, 967569",FAC01,Factory 1,Plant 1,Mumbai,India,586007,LINE001,Assembly Line 1,Assembly,38608,21012,2024-06-09,2024-04-16,2024-05-23,2024-10-04,Planned,77,83.66,45,Yes,2024-11-20,2024-04-13,Pending,12,Order ORD00000840 - Quality issues detected
ORD00000841,2024-01-13,08:44,2024,12,December,Q4,Tuesday,CUST000042,Customer 42,Distributor,Delhi,India,customer42@company.com,9453146495,PROD000092,Product 92,PC956601,Automotive,Engines,High-quality Product 92,995,1615.29,1607213.55,2024-12-04,"Delhi, 992821",FAC02,Factory 2,Plant 2,Delhi,India,320012,LINE002,Assembly Line 2,Welding,1203,37362,2024-05-28,2024-12-23,2024-06-22,2024-04-04,In Progress,80,73.78,30,Yes,2024-01-16,2024-12-05,Shipped,9,Order ORD00000841 - Quality issues detected
ORD00000842,2024-08-21,16:42,2024,2,February,Q1,Wednesday,CUST000043,Customer 43,Retailer,Bangalore,India,customer43@company.com,9136645193,PROD000093,Product 93,PC609560,Machinery,Pumps,High-quality Product 93,876,2673.8,2342248.8,2024-07-07,"Bangalore, 162483",FAC03,Factory 3,Plant 3,Bangalore,India,235701,LINE003,Assembly Line 3,Painting,30857,39229,2024-02-25,2024-01-13,2024-12-19,2024-08-13,Completed,67,72.88,50,Yes,2024-08-14,2024-06-11,In Transit,5,Order ORD00000842 - Quality issues detected
ORD00000843,2024-07-26,17:50,2024,12,Deccember,Q4,Thursday,CUST000044,Customer 44,Corporate,Pune,India,customer44@company.com,9506779153,PROD000094,Product 94,PC923100,Consumer Goods,Appliances,High-quality Product 94,376,3205.43,1205241.68,2024-12-13,"Pune, 496152",FAC04,Factory 4,Plant 4,Pune,India,897133,LINE004,Assembly Line 4,Packaging,32454,18834,2024-12-07,2024-07-06,2024-02-01,2024-11-10,On Hold,63,99.38,8,No,2024-11-26,2024-02-21,Delivered,4,Order ORD00000843 - Production running smoothly
ORD00000844,2024-07-24,08:26,2024,9,September,Q3,Friday,CUST000045,Customer 45,Individual,Hyderabad,India,customer45@company.com,9362979794,PROD000095,Product 95,PC687841,Industrial Equipment,Motors,High-quality Product 95,594,529.58,314570.52,2024-11-11,"Hyderabad, 326683",FAC05,Factory 5,Plant 5,Hyderabad,India,501239,LINE005,Assembly Line 5,Testing,30126,31343,2024-10-04,2024-05-16,2024-03-23,2024-03-05,Cancelled,93,89.19,46,Yes,2024-08-21,2024-03-10,Delayed,13,Order ORD00000844 - Production running smoothly
ORD00000845,2024-10-10,17:43,2024,1,January,Q1,Saturday,CUST000046,Customer 46,OEM,Chennai,India,customer46@company.com,9614264867,PROD000096,Product 96,PC733540,Electronics,Controllers,High-quality Product 96,35,2961.28,103644.8,2024-08-15,"Chennai, 266930",FAC06,Factory 6,Plant 6,Chennai,India,510851,LINE006,Assembly Line 6,Assembly,27759,17580,2024-10-15,null,2024-05-28,2024-04-14,Planned,18,75.57,12,Yes,2024-03-22,2024-02-14,Pending,9,Order ORD00000845 - Quality issues detected
ORD00000846,2024-08-09,09:40,2024,9,September,Q3,Sunday,CUST000047,Customer 47,Distributor,Kolkata,India,customer47@company.com,9208219951,PROD000097,Product 97,PC459039,Automotive,Engines,High-quality Product 97,125,4136.66,517082.5,2024-05-25,"Kolkata, 520139",FAC07,Factory 7,Plant 7,Kolkata,India,699352,LINE007,Assembly Line 7,Welding,45223,35463,2024-10-20,2024-09-05,2024-02-21,2024-09-06,In Progress,85,93.9,38,Yes,2024-10-27,2024-12-07,Shipped,20,Order ORD00000846 - Production running smoothly
ORD00000847,2024-10-16,14:23,2024,9,September,Q3,Monday,CUST000048,Customer 48,Retailer,Jaipur,India,customer48@company.com,9776903553,PROD000098,Product 98,PC218815,Machinery,Pumps,High-quality Product 98,710,1908.28,1354878.8,2024-06-06,"Jaipur, 703272",FAC08,Factory 8,Plant 8,Jaipur,India,839941,LINE008,Assembly Line 8,Painting,29484,26640,2024-09-26,2024-01-25,2024-08-16,2024-06-18,Completed,68,92.24,47,Yes,2024-11-28,2024-07-06,In Transit,15,Order ORD00000847 - Production running smoothly
ORD00000848,2024-11-23,17:40,2024,6,June,Q2,Tuesday,CUST000049,Customer 49,Corporate,Mumbai,India,customer49@company.com,9103475493,PROD000099,Product 99,PC321877,Consumer Goods,Appliances,High-quality Product 99,358,2852.52,1021202.16,2024-09-24,"Mumbai, 287507",FAC01,Factory 1,Plant 1,Mumbai,India,809322,LINE009,Assembly Line 9,Packaging,11351,8636,2024-03-01,2024-06-17,2024-05-20,2024-11-05,On Hold,3,85.17,18,Yes,2024-09-10,2024-10-18,Delivered,2,Order ORD00000848 - Production running smoothly
ORD00000849,2024-05-27,16:10,2024,1,January,Q1,Wednesday,CUST000050,Customer 50,Individual,Delhi,India,customer50@company.com,9251307662,PROD000100,Product 100,PC524815,Industrial Equipment,Motors,High-quality Product 100,795,1428.39,1135570.05,2024-02-22,"Delhi, 665459",FAC02,Factory 2,Plant 2,Delhi,India,808388,LINE010,Assembly Line 10,Testing,26216,29468,2024-04-06,2024-04-02,2024-04-21,2024-04-23,Cancelled,44,70.52,48,Yes,2024-12-07,2024-07-09,Delayed,2,Order ORD00000849 - Quality issues detected
ORD00000850,2024-06-13,10:30,21024,8,August,Q3,Thursday,CUST000051,Customer 51,OEM,Bangalore,India,customer51@company.com,9188327749,PROD000101,Product 101,PC195441,Electronics,Controllers,High-quality Product 101,302,3633.3,1097256.6,2024-04-09,"Bangalore, 478132",FAC03,Factory 3,Plant 3,Bangalore,India,215092,LINE011,Assembly Line 11,Assembly,42448,11614,2024-03-11,2024-01-03,2024-10-18,null,Planned,89,73.14,29,Yes,2024-09-16,2024-07-21,Pending,12,Order ORD00000850 - Quality issues detected
ORD00000851,2024-02-09,12:44,2024,3,March,Q1,Friday,CUST000052,Customer 52,Distributor,Pune,India,customer52@company.com,9114761824,PROD000102,Product 102,PC508145,Automotive,Engines,High-quality Product 102,807,2344.48,1891995.36,2024-05-18,"Pune, 859043",FAC04,Factory 4,Plant 4,Pune,India,976441,LINE012,Assembly Line 12,Welding,6479,9560,2024-04-03,null,2024-03-20,2024-11-02,In Progress,14,91.58,21,Yes,2024-04-15,2024-09-28,Shipped,16,Order ORD00000851 - Production running smoothly
ORD00000852,2024-03-01,14:41,2024,4,April,Q2,Saturday,CUST000053,Customer 53,Retailer,Hyderabad,India,customer53@company.com,9422733571,PROD000103,Product 103,PC956333,Machinery,Pumps,High-quality Product 103,667,3491.9,2329097.3,2024-06-08,"Hyderabad, 827834",FAC05,Factory 5,Plant 5,Hyderabad,India,721470,LINE013,Assembly Line 13,Painting,37401,20908,2024-01-16,2024-05-05,2024-08-27,null,Completed,90,96.47,6,No,2024-06-13,2024-09-19,In Transit,12,Order ORD00000852 - Production running smoothly
ORD00000853,2024-03-12,16:23,2024,9,September,Q3,Sunday,CUST000054,Customer 54,Corporate,Chennai,India,customer54@company.com,9201016122,PROD000104,Product 104,PC956738,Consumer Goods,Appliances,High-quality Product 104,479,161.59,77401.61,2024-07-04,"Chennai, 449707",FAC06,Factory 6,Plant 6,Chennai,India,850831,LINE014,Assembly Line 14,Packaging,2073,20590,2024-03-23,2024-05-02,2024-07-19,null,On Hold,26,85.61,2,No,2024-12-17,2024-11-28,Delivered,14,Order ORD00000853 - Production running smoothly
ORD00000854,2024-03-23,13:58,2024,8,August,Q3,Monday,CUST000055,Customer 55,Individual,Kolkata,India,customer55@company.com,9404941369,PROD000105,Product 105,PC552385,Industrial Equipment,Motors,High-quality Product 105,534,652.24,348296.16,2024-12-13,"Kolkata, 638904",FAC07,Factory 7,Plant 7,Kolkata,India,557359,LINE015,Assembly Line 15,Testing,35900,16907,2024-11-21,2024-07-05,2024-06-04,2024-10-15,Cancelled,54,93.21,43,Yes,2024-12-16,2024-06-28,Delayed,16,Order ORD00000854 - Production running smoothly
ORD00000855,2024-04-27,10:52,2024,8,August,Q3,Tuesday,CUST000056,Customer 56,OEM,Jaipur,India,customer56@company.com,9887625582,PROD000106,Product 106,PC778001,Electronics,Controllers,High-quality Product 106,956,3198.37,3057641.72,2024-06-12,"Jaipur, 415780",FAC08,Factory 8,Plant 8,Jaipur,India,506403,LINE016,Assembly Line 16,Assembly,29209,15170,2024-02-25,2024-01-09,2024-03-25,2024-02-12,Planned,46,84.92,45,Yes,2024-10-14,2024-09-07,Pending,6,Order ORD00000855 - Quality issues detected
ORD00000856,2024-05-09,17:12,2024,12,December,Q4,Wednesday,CUST000057,Customer 57,Distributor,Mumbai,India,customer57@company.com,9750877867,PROD000107,Product 107,PC700532,Automotive,Engines,High-quality Product 107,82,3889.09,318905.38,2024-09-05,"Mumbai, 116059",FAC01,Factory 1,Plant 1,Mumbai,India,978601,LINE017,Assembly Line 17,Welding,24345,28236,2024-12-18,2024-01-16,2024-01-10,2024-05-04,In Progress,72,83.58,3,No,2024-06-27,2024-12-01,Shipped,13,Order ORD00000856 - Quality issues detected
ORD00000857,2024-10-27,08:16,2024,1,January,Q1,Thursday,CUST000058,Customer 58,Retailer,Delhi,India,customer58@company.com,9619406270,PROD000108,Product 108,PC215011,Machinery,Pumps,High-quality Product 108,555,4834.33,2683053.15,2024-02-14,"Delhi, 255285",FAC02,Factory 2,Plant 2,Delhi,India,903022,LINE018,Assembly Line 18,Painting,36065,10952,2024-12-09,2024-11-12,2024-08-01,null,Completed,46,97.69,34,Yes,2024-06-12,2024-02-24,In Transit,0,Order ORD00000857 - Production running smoothly
ORD00000858,2024-10-21,11:43,2024,9,September,Q3,Friday,CUST000059,Customer 59,Corporate,Bangalore,India,customer59@company.com,9451926669,PROD000109,Product 109,PC645441,Consumer Goods,Appliances,High-quality Product 109,228,1572.07,358431.96,2024-08-17,"Bangalore, 271490",FAC03,Factory 3,Plant 3,Bangalore,India,597221,LINE019,Assembly Line 19,Packaging,31390,988,2024-06-20,2024-11-25,2024-11-15,2024-01-27,On Hold,92,98.38,38,Yes,2024-01-25,2024-02-04,Delivered,1,Order ORD00000858 - Production running smoothly
ORD00000859,2024-12-02,10:52,2024,3,March,Q1,Saturday,CUST000060,Customer 60,Individual,Pune,India,customer60@company.com,9792282750,PROD000110,Product 110,PC249745,Industrial Equipment,Motors,High-quality Product 110,578,2746.61,1587540.58,2024-11-02,"Pune, 188819",FAC04,Factory 4,Plant 4,Pune,India,166498,LINE020,Assembly Line 20,Testing,6451,28501,2024-07-18,2024-10-21,2024-02-07,2024-02-05,Cancelled,56,75.65,44,Yes,2024-03-19,2024-10-13,Delayed,10,Order ORD00000859 - Quality issues detected
ORD00000860,2024-04-27,16:36,2024,4,April,Q2,Sunday,CUST000061,Customer 61,OEM,Hyderabad,India,customer61@company.com,9442788903,PROD000111,Product 111,PC141768,Electronics,Controllers,High-quality Product 111,634,4546.04,2882189.36,2024-05-07,"Hyderabad, 223040",FAC05,Factory 5,Plant 5,Hyderabad,India,150673,LINE021,Assembly Line 21,Assembly,6384,34982,2024-04-27,2024-11-04,2024-07-24,2024-12-20,Planned,1,83.75,2,No,2024-09-12,2024-04-08,Pending,10,Order ORD00000860 - Quality issues detected
ORD00000861,2024-05-28,13:05,2024,12,December,Q4,Monday,CUST000062,Customer 62,Distributor,Chennai,India,customer62@company.com,9618448596,PROD000112,Product 112,PC909820,Automotive,Engines,High-quality Product 112,449,2135.43,958808.07,2024-01-22,"Chennai, 381490",FAC06,Factory 6,Plant 6,Chennai,India,138806,LINE022,Assembly Line 22,Welding,32061,21470,2024-07-28,2024-07-19,2024-09-17,2024-11-03,In Progress,30,85.95,47,Yes,2024-04-23,null,Shipped,15,Order ORD00000861 - Production running smoothly
ORD00000862,2024-06-11,14:59,2024,4,April,Q2,Tuesday,CUST000063,Customer 63,Retailer,Kolkata,India,customer63@company.com,9551672500,PROD000113,Product 113,PC453657,Machinery,Pumps,High-quality Product 113,318,4167.56,1325284.08,2024-01-14,"Kolkata, 784341",FAC07,Factory 7,Plant 7,Kolkata,India,838099,LINE023,Assembly Line 23,Painting,24777,9056,null,2024-08-22,2024-12-18,2024-01-18,Completed,24,77.3,31,Yes,2024-04-17,2024-04-22,In Transit,20,Order ORD00000862 - Quality issues detected
ORD00000863,2024-06-05,11:56,2024,1,January,Q1,Wednesday,CUST000064,Customer 64,Corporate,Jaipur,India,customer64@company.com,9720903809,PROD000114,Product 114,PC218050,Consumer Goods,Appliances,High-quality Product 114,87,2961.35,257637.45,2024-07-04,"Jaipur, 446653",FAC08,Factory 8,Plant 8,Jaipur,India,368153,LINE024,Assembly Line 24,Packaging,19945,34448,2024-02-11,2024-12-10,2024-06-13,2024-02-17,On Hold,38,85.83,43,Yes,2024-08-01,null,Delivered,15,Order ORD00000863 - Production running smoothly
ORD00000864,2024-08-09,16:00,2024,11,November,Q4,Thursday,CUST000065,Customer 65,Individual,Mumbai,India,customer65@company.com,9917354212,PROD000115,Product 115,PC226571,Industrial Equipment,Motors,High-quality Product 115,355,2209.29,784297.95,2024-07-05,"Mumbai, 940814",FAC01,Factory 1,Plant 1,Mumbai,India,102025,LINE025,Assembly Line 25,Testing,10322,837,2024-02-06,2024-05-25,2024-10-01,2024-10-22,Cancelled,19,95.21,2,No,2024-08-12,2024-12-04,Delayed,3,Order ORD00000864 - Production running smoothly
ORD00000865,2024-12-18,15:56,2024,11,November,Q4,Friday,CUST000066,Customer 66,OEM,Delhi,India,customer66@company.com,9557485083,PROD000116,Product 116,PC977577,Electronics,Controllers,High-quality Product 116,941,2620,2465420,2024-08-09,"Delhi, 436022",FAC02,Factory 2,Plant 2,Delhi,India,672305,LINE026,Assembly Line 26,Assembly,21299,12594,2024-08-25,null,2024-03-18,2024-11-24,Planned,39,89.27,35,Yes,2024-08-27,2024-12-10,Pending,16,Order ORD00000865 - Production running smoothly
ORD00000866,2024-05-05,17:33,2024,7,July,Q3,Saturday,CUST000067,Customer 67,Distributor,Bangalore,India,customer67@company.com,null,PROD000117,Product 117,PC563871,Automotive,Engines,High-quality Product 117,376,3728.84,1402043.84,2024-05-02,"Bangalore, 398127",FAC03,Factory 3,Plant 3,Bangalore,India,348310,LINE027,Assembly Line 27,Welding,36114,9430,2024-01-18,2024-01-14,2024-03-27,2024-02-27,In Progress,58,90.44,19,Yes,2024-06-03,2024-06-05,Shipped,13,Order ORD00000866 - Production running smoothly
ORD00000867,2024-04-22,15:45,2024,12,December,Q4,Sunday,CUST000068,Customer 68,Retailer,Pune,India,customer68@company.com,9197672874,PROD000118,Product 118,PC212584,Machinery,Pumps,High-quality Product 118,370,1440.14,532851.8,2024-08-18,"Pune, 134781",FAC04,Factory 4,Plant 4,Pune,India,993816,LINE028,Assembly Line 28,Painting,22536,20231,2024-07-19,2024-06-04,2024-05-22,2024-10-24,Completed,63,79.79,0,No,2024-08-03,2024-09-19,In Transit,18,Order ORD00000867 - Quality issues detected
ORD00000868,2024-04-06,09:11,2024,6,June,Q2,Monday,CUST000069,Customer 69,Corporate,Hyderabad,India,customer69@company.com,9473064240,PROD000119,Product 119,PC551976,Consumer Goods,Appliances,High-quality Product 119,854,1922.9,1642156.6,2024-05-05,"Hyderabad, 997388",FAC05,Factory 5,Plant 5,Hyderabad,India,952119,LINE029,Assembly Line 29,Packaging,31443,16981,2024-12-28,2024-11-07,2024-07-10,null,On Hold,51,99.46,26,Yes,2024-12-05,2024-03-15,Delivered,8,Order ORD00000868 - Production running smoothly
ORD00000869,2024-08-24,15:16,2024,4,April,Q2,Tuesday,CUST000070,Customer 70,Individual,Chennai,India,customer70@company.com,9756168525,PROD000120,Product 120,PC508914,Industrial Equipment,Motors,High-quality Product 120,350,3079.77,1077919.5,2024-04-07,"Chennai, 663813",FAC06,Factory 6,Plant 6,Chennai,India,256092,LINE030,Assembly Line 30,Testing,20157,9669,2024-04-04,2024-01-12,2024-01-10,2024-11-09,Cancelled,38,83.98,15,Yes,2024-05-02,2024-08-15,Delayed,2,Order ORD00000869 - Quality issues detected
ORD00000870,2024-11-07,17:34,2024,3,March,Q1,Wednesday,CUST000071,Customer 71,OEM,Kolkata,India,customer71@company.com,9879532259,PROD000121,Product 121,PC165351,Electronics,Controllers,High-quality Product 121,101,954.78,96432.78,2024-06-03,"Kolkata, 834335",FAC07,Factory 7,Plant 7,Kolkata,India,424657,LINE001,Assembly Line 1,Assembly,14633,24133,2024-07-24,null,2024-10-24,null,Planned,54,96.74,11,Yes,2024-11-05,2024-10-19,Pending,18,Order ORD00000870 - Production running smoothly
ORD00000871,2024-05-28,11:33,2024,10,October,Q4,Thursday,CUST000072,Customer 72,Distributor,Jaipur,India,customer72@company.com,9158026077,PROD000122,Product 122,PC916548,Automotive,Engines,High-quality Product 122,897,1310.82,1175805.54,2024-05-05,"Jaipur, 541379",FAC08,Factory 8,Plant 8,Jaipur,India,899877,LINE002,Assembly Line 2,Welding,7594,2224,2024-01-10,2024-10-12,2024-12-26,2024-08-04,In Progress,14,95.09,4,No,2024-02-27,2024-11-16,Shipped,19,Order ORD00000871 - Production running smoothly
ORD00000872,2024-02-21,08:25,2024,6,June,Q2,Friday,CUST000073,Customer 73,Retailer,Mumbai,India,customer73@company.com,9361735925,PROD000123,Product 123,PC399907,Machinery,Pumps,High-quality Product 123,815,4172.64,3400701.6,2024-01-25,"Mumbai, 541944",FAC01,Factory 1,Plant 1,Mumbai,India,278212,LINE003,Assembly Line 3,Painting,48859,20875,2024-09-24,2024-08-23,2024-01-17,2024-05-03,Completed,47,72.82,45,Yes,2024-07-11,2024-05-12,In Transit,8,Order ORD00000872 - Quality issues detected
ORD00000873,2024-05-21,17:43,2024,2,February,Q1,Saturday,CUST000074,Customer 74,Corporate,Delhi,India,customer74@company.com,9674243847,PROD000124,Product 124,PC231263,Consumer Goods,Appliances,High-quality Product 124,638,334.62,213487.56,2024-06-03,"Delhi, 256927",FAC02,Factory 2,Plant 2,Delhi,India,839464,LINE004,Assembly Line 4,Packaging,10710,8107,2024-12-12,2024-09-05,2024-12-13,2024-03-18,On Hold,90,92.52,27,Yes,2024-01-09,null,Delivered,-3,Order ORD00000873 - Production running smoothly
ORD00000874,2024-09-04,15:31,2024,6,June,Q2,Sunday,CUST000075,Customer 75,Individual,Bangalore,India,customer75@company.com,9418794399,PROD000125,Product 125,PC129292,Industrial Equipment,Motors,High-quality Product 125,679,4772.03,3240208.37,2024-11-01,"Bangalore, 907190",FAC03,Factory 3,Plant 3,Bangalore,India,547846,LINE005,Assembly Line 5,Testing,31263,12846,2024-11-25,2024-11-21,2024-08-23,null,Cancelled,22,84.72,10,No,2024-10-11,2024-11-25,Delayed,15,Order ORD00000874 - Quality issues detected
ORD00000875,2024-04-12,13:49,2024,6,June,Q2,Monday,CUST000076,Customer 76,OEM,Pune,India,customer76@company.com,9948019975,PROD000126,Product 126,PC122552,Electronics,Controllers,High-quality Product 126,390,4197.22,1636915.8,2024-05-15,"Pune, 218847",FAC04,Factory 4,Plant 4,Pune,India,815222,LINE006,Assembly Line 6,Assembly,34487,34528,2024-06-16,2024-04-01,2024-05-24,null,Planned,79,72.83,49,Yes,2024-06-10,2024-10-17,Pending,12,Order ORD00000875 - Quality issues detected
ORD00000876,2024-07-10,13:51,2024,8,August,Q3,Tuesday,CUST000077,Customer 77,Distributor,Hyderabad,India,customer77@company.com,9402090287,PROD000127,Product 127,PC885588,Automotive,Engines,High-quality Product 127,71,4705.74,334107.54,2024-07-26,"Hyderabad, 482197",FAC05,Factory 5,Plant 5,Hyderabad,India,987370,LINE007,Assembly Line 7,Welding,45658,24117,2024-08-18,2024-09-20,2024-10-12,null,In Progress,94,79.7,43,Yes,2024-07-24,2024-10-01,Shipped,16,Order ORD00000876 - Quality issues detected
ORD00000877,2024-01-23,10:47,2024,5,May,Q2,Wednesday,CUST000078,Customer 78,Retailer,Chennai,India,customer78@company.com,9901136034,PROD000128,Product 128,PC112711,Machinery,Pumps,High-quality Product 128,52,3917.45,203707.4,2024-05-13,"Chennai, 313742",FAC06,Factory 6,Plant 6,Chennai,India,563813,LINE008,Assembly Line 8,Painting,34078,11457,2024-04-14,2024-05-17,2024-10-08,null,Completed,3,70.2,26,Yes,2024-08-06,null,In Transit,6,Order ORD00000877 - Quality issues detected
ORD00000878,2024-08-03,16:37,2024,11,November,Q4,Thursday,CUST000079,Customer 79,Corporate,Kolkata,India,customer79@company.com,9649929839,PROD000129,Product 129,PC655000,Consumer Goods,Appliances,High-quality Product 129,94,3182.04,299111.76,2024-07-19,"Kolkata, 978143",FAC07,Factory 7,Plant 7,Kolkata,India,203861,LINE009,Assembly Line 9,Packaging,34509,19874,2024-04-12,2024-01-10,2024-07-03,2024-03-13,On Hold,7,82.13,17,Yes,2024-08-22,2024-10-24,Delivered,1,Order ORD00000878 - Quality issues detected
ORD00000879,2024-02-17,08:22,2024,3,March,Q1,Friday,CUST000080,Customer 80,Individual,Jaipur,India,customer80@company.com,9389465308,PROD000130,Product 130,PC382787,Industrial Equipment,Motors,High-quality Product 130,734,860.88,631885.92,2024-10-07,"Jaipur, 670008",FAC08,Factory 8,Plant 8,Jaipur,India,437455,LINE010,Assembly Line 10,Testing,30045,6007,2024-10-01,2024-01-17,2024-04-25,null,Cancelled,83,88.75,1,No,2024-06-12,2024-03-04,Delayed,6,Order ORD00000879 - Production running smoothly
ORD00000880,2024-10-04,16:11,2024,11,November,Q4,Saturday,CUST000081,Customer 81,OEM,Mumbai,India,customer81@company.com,9626873156,PROD000131,Product 131,PC974556,Electronics,Controllers,High-quality Product 131,931,1067.67,994000.77,2024-04-18,"Mumbai, 366586",FAC01,Factory 1,Plant 1,Mumbai,India,336241,LINE011,Assembly Line 11,Assembly,46960,19070,2024-06-22,2024-02-25,2024-05-10,2024-12-05,Planned,68,72.31,32,Yes,2024-04-27,null,Pending,8,Order ORD00000880 - Quality issues detected
ORD00000881,2024-01-21,11:45,2024,6,June,Q2,Sunday,CUST000082,Customer 82,Distributor,Delhi,India,customer82@company.com,9723465488,PROD000132,Product 132,PC343121,Automotive,Engines,High-quality Product 132,240,400.05,96012,2024-01-19,"Delhi, 482285",FAC02,Factory 2,Plant 2,Delhi,India,569198,LINE012,Assembly Line 12,Welding,40954,29979,2024-07-12,2024-11-13,2024-07-03,null,In Progress,76,92,34,Yes,2024-01-03,2024-10-16,Shipped,14,Order ORD00000881 - Production running smoothly
ORD00000882,2024-08-18,09:13,2024,12,December,Q4,Monday,CUST000083,Customer 83,Retailer,Bangalore,India,customer83@company.com,9121806500,PROD000133,Product 133,PC775101,Machinery,Pumps,High-quality Product 133,596,549.9,327740.4,2024-01-18,"Bangalore, 302760",FAC03,Factory 3,Plant 3,Bangalore,India,678574,LINE013,Assembly Line 13,Painting,2717,854,2024-02-03,2024-10-19,2024-02-16,2024-04-19,Completed,11,92.76,3,No,2024-11-24,null,In Transit,15,Order ORD00000882 - Production running smoothly
ORD00000883,2024-02-21,17:32,2024,6,June,Q2,Tuesday,CUST000084,Customer 84,Corporate,Pune,India,customer84@company.com,9116343868,PROD000134,Product 134,PC276115,Consumer Goods,Appliances,High-quality Product 134,267,2873.24,767155.08,2024-11-23,"Pune, 418890",FAC04,Factory 4,Plant 4,Pune,India,288198,LINE014,Assembly Line 14,Packaging,16237,16602,2024-12-12,2024-01-09,2024-08-05,null,On Hold,28,86.22,14,Yes,2024-11-26,2024-08-06,Delivered,16,Order ORD00000883 - Production running smoothly
ORD00000884,2024-09-04,09:21,2024,3,March,Q1,Wednesday,CUST000085,Customer 85,Individual,Hyderabad,India,customer85@company.com,9310550500,PROD000135,Product 135,PC249151,Industrial Equipment,Motors,High-quality Product 135,254,1560.09,396262.86,2024-06-09,"Hyderabad, 324858",FAC05,Factory 5,Plant 5,Hyderabad,India,655175,LINE015,Assembly Line 15,Testing,6970,19225,2024-03-07,2024-11-22,2024-06-17,null,Cancelled,64,88.87,36,Yes,2024-02-13,2024-05-14,Delayed,5,Order ORD00000884 - Production running smoothly
ORD00000885,2024-07-28,10:20,2024,1,January,Q1,Thursday,CUST000086,Customer 86,OEM,Chennai,India,customer86@company.com,9130087453,PROD000136,Product 136,PC382587,Electronics,Controllers,High-quality Product 136,27,3713.57,100266.39,2024-04-21,"Chennai, 708429",FAC06,Factory 6,Plant 6,Chennai,India,609458,LINE016,Assembly Line 16,Assembly,14598,18286,2024-03-12,2024-02-13,2024-06-11,null,Planned,20,70.78,26,Yes,2024-07-26,2024-11-23,Pending,8,Order ORD00000885 - Quality issues detected
ORD00000886,2024-10-26,12:11,2024,2,February,Q1,Friday,CUST000087,Customer 87,Distributor,Kolkata,India,customer87@company.com,9340969673,PROD000137,Product 137,PC259446,Automotive,Engines,High-quality Product 137,816,3862.44,3151751.04,2024-06-07,"Kolkata, 132271",FAC07,Factory 7,Plant 7,Kolkata,India,482421,LINE017,Assembly Line 17,Welding,48605,1928,2024-01-23,2024-02-21,2024-11-25,null,In Progress,34,75.07,17,Yes,2024-08-11,2024-06-15,Shipped,5,Order ORD00000886 - Quality issues detected
ORD00000887,2024-08-11,11:00,2024,10,October,Q4,Saturday,CUST000088,Customer 88,Retailer,Jaipur,India,customer88@company.com,9661559912,PROD000138,Product 138,PC601288,Machinery,Pumps,High-quality Product 138,714,4546.75,3246379.5,2024-12-28,"Jaipur, 864810",FAC08,Factory 8,Plant 8,Jaipur,India,979642,LINE018,Assembly Line 18,Painting,19878,39761,2024-09-26,2024-06-06,2024-09-22,null,Completed,22,92.12,26,Yes,2024-03-01,2024-11-16,In Transit,7,Order ORD00000887 - Production running smoothly
ORD00000888,2024-06-14,11:16,2024,12,Deccember,Q4,Sunday,CUST000089,Customer 89,Corporate,Mumbai,India,customer89@company.com,9761659837,PROD000139,Product 139,PC839088,Consumer Goods,Appliances,High-quality Product 139,685,4286.78,2936444.3,2024-09-04,"Mumbai, 990275",FAC01,Factory 1,Plant 1,Mumbai,India,988681,LINE019,Assembly Line 19,Packaging,6326,12361,2024-08-07,2024-12-24,2024-03-08,2024-07-27,On Hold,65,73.87,47,Yes,2024-02-13,2024-11-02,Delivered,18,Order ORD00000888 - Quality issues detected
ORD00000889,2024-05-14,11:01,2024,5,May,Q2,Monday,CUST000090,Customer 90,Individual,Delhi,India,customer90@company.com,9982893815,PROD000140,Product 140,PC106600,Industrial Equipment,Motors,High-quality Product 140,70,4146.47,290252.9,2024-01-11,"Delhi, 528234",FAC02,Factory 2,Plant 2,Delhi,India,626330,LINE020,Assembly Line 20,Testing,42089,7053,2024-08-02,2024-07-27,2024-12-12,2024-04-17,Cancelled,11,77.47,5,No,2024-12-20,2024-03-27,Delayed,9,Order ORD00000889 - Quality issues detected
ORD00000890,2024-02-14,13:26,2024,11,November,Q4,Tuesday,CUST000091,Customer 91,OEM,Bangalore,India,customer91@company.com,9230134588,PROD000141,Product 141,PC693143,Electronics,Controllers,High-quality Product 141,227,4164.37,945311.99,2024-06-11,"Bangalore, 462353",FAC03,Factory 3,Plant 3,Bangalore,India,152570,LINE021,Assembly Line 21,Assembly,19795,28191,2024-12-24,2024-11-20,2024-08-25,null,Planned,91,99.92,4,No,2024-07-28,2024-01-27,Pending,9,Order ORD00000890 - Production running smoothly
ORD00000891,2024-02-10,08:32,2024,1,January,Q1,Wednesday,CUST000092,Customer 92,Distributor,Pune,India,customer92@company.com,9901874198,PROD000142,Product 142,PC402818,Automotive,Engines,High-quality Product 142,824,4535.37,3737144.88,2024-03-11,"Pune, 604935",FAC04,Factory 4,Plant 4,Pune,India,263809,LINE022,Assembly Line 22,Welding,16796,5912,2024-02-01,2024-11-16,2024-11-12,null,In Progress,13,78.39,30,Yes,2024-11-17,null,Shipped,-5,Order ORD00000891 - Quality issues detected
ORD00000892,2024-12-12,15:33,2024,9,September,Q3,Thursday,CUST000093,Customer 93,Retailer,Hyderabad,India,customer93@company.com,9736318303,PROD000143,Product 143,PC630573,Machinery,Pumps,High-quality Product 143,102,4348.13,443509.26,2024-03-27,"Hyderabad, 581781",FAC05,Factory 5,Plant 5,Hyderabad,India,328510,LINE023,Assembly Line 23,Painting,45007,27747,2024-05-19,2024-12-01,2024-11-09,2024-12-17,Completed,29,87.2,38,Yes,2024-12-09,2024-12-26,In Transit,9,Order ORD00000892 - Production running smoothly
ORD00000893,2024-09-18,12:09,2024,4,April,Q2,Friday,CUST000094,Customer 94,Corporate,Chennai,India,customer94@company.com,9756682360,PROD000144,Product 144,PC445282,Consumer Goods,Appliances,High-quality Product 144,495,329.89,163295.55,2024-05-13,"Chennai, 347939",FAC06,Factory 6,Plant 6,Chennai,India,127985,LINE024,Assembly Line 24,Packaging,4510,19728,2024-07-21,2024-01-12,2024-02-19,2024-04-02,On Hold,61,87.7,10,No,2024-01-23,2024-05-28,Delivered,-1,Order ORD00000893 - Production running smoothly
ORD00000894,2024-07-26,11:51,2024,3,March,Q1,Saturday,CUST000095,Customer 95,Individual,Kolkata,India,customer95@company.com,9929530911,PROD000145,Product 145,PC666832,Industrial Equipment,Motors,High-quality Product 145,978,1839.43,1798962.54,2024-06-01,"Kolkata, 342099",FAC07,Factory 7,Plant 7,Kolkata,India,145243,LINE025,Assembly Line 25,Testing,15614,3992,2024-01-21,2024-05-11,2024-07-03,2024-09-15,Cancelled,16,71.45,47,Yes,2024-02-07,null,Delayed,19,Order ORD00000894 - Quality issues detected
ORD00000895,2024-12-26,10:21,2024,3,March,Q1,Sunday,CUST000096,Customer 96,OEM,Jaipur,India,customer96@company.com,9876144296,PROD000146,Product 146,PC518319,Electronics,Controllers,High-quality Product 146,832,4903.86,4080011.52,2024-02-26,"Jaipur, 638082",FAC08,Factory 8,Plant 8,Jaipur,India,130629,LINE026,Assembly Line 26,Assembly,40313,2043,2024-01-15,2024-09-18,2024-04-06,null,Planned,90,80.46,29,Yes,2024-11-20,null,Pending,8,Order ORD00000895 - Quality issues detected
ORD00000896,2024-08-13,10:50,2024,10,October,Q4,Monday,CUST000097,Customer 97,Distributor,Mumbai,India,customer97@company.com,9342736626,PROD000147,Product 147,PC970563,Automotive,Engines,High-quality Product 147,206,1221.74,251678.44,2024-08-22,"Mumbai, 240904",FAC01,Factory 1,Plant 1,Mumbai,India,987640,LINE027,Assembly Line 27,Welding,6410,4087,2024-08-19,2024-12-09,2024-01-14,2024-05-09,In Progress,54,97.13,24,Yes,2024-08-06,null,Shipped,-5,Order ORD00000896 - Production running smoothly
ORD00000897,2024-01-26,17:47,2024,8,August,Q3,Tuesday,CUST000098,Customer 98,Retailer,Delhi,India,customer98@company.com,9582230580,PROD000148,Product 148,PC396366,Machinery,Pumps,High-quality Product 148,299,1550.96,463737.04,2024-03-18,"Delhi, 380924",FAC02,Factory 2,Plant 2,Delhi,India,868145,LINE028,Assembly Line 28,Painting,8078,7580,2024-06-08,2024-04-13,2024-08-24,2024-09-04,Completed,64,88.39,1,No,2024-12-07,2024-12-17,In Transit,-4,Order ORD00000897 - Production running smoothly
ORD00000898,2024-08-11,12:39,2024,11,November,Q4,Wednesday,CUST000099,Customer 99,Corporate,Bangalore,India,customer99@company.com,9933703369,PROD000149,Product 149,PC255096,Consumer Goods,Appliances,High-quality Product 149,382,3827.5,1462105,2024-12-24,"Bangalore, 156670",FAC03,Factory 3,Plant 3,Bangalore,India,300410,LINE029,Assembly Line 29,Packaging,27525,39825,2024-12-09,2024-01-11,2024-11-09,null,On Hold,44,73.25,35,Yes,2024-06-22,2024-01-06,Delivered,11,Order ORD00000898 - Quality issues detected
ORD00000899,2024-10-01,16:17,2024,1,January,Q1,Thursday,CUST000100,Customer 100,Individual,Pune,India,customer100@company.com,9488400574,PROD000150,Product 150,PC561630,Industrial Equipment,Motors,High-quality Product 150,414,3149.39,1303847.46,2024-04-01,"Pune, 534676",FAC04,Factory 4,Plant 4,Pune,India,492325,LINE030,Assembly Line 30,Testing,13807,14007,2024-04-03,2024-11-23,2024-09-14,null,Cancelled,28,91.2,32,Yes,2024-09-18,2024-06-11,Delayed,6,Order ORD00000899 - Production running smoothly
ORD00000900,2024-07-21,16:03,2024,8,August,Q3,Friday,CUST000101,Customer 101,OEM,Hyderabad,India,customer101@company.com,9342744486,PROD000001,Product 1,PC892743,Electronics,Controllers,High-quality Product 1,193,4608.47,889434.71,2024-08-05,"Hyderabad, 358087",FAC05,Factory 5,Plant 5,Hyderabad,India,141463,LINE001,Assembly Line 1,Assembly,46673,2648,2024-11-11,2024-01-13,2024-11-04,2024-08-19,Planned,18,92.72,47,Yes,2024-05-15,null,Pending,11,Order ORD00000900 - Production running smoothly
ORD00000901,2024-08-10,16:46,2024,10,October,Q4,Saturday,CUST000102,Customer 102,Distributor,Chennai,India,customer102@company.com,9804741888,PROD000002,Product 2,PC162624,Automotive,Engines,High-quality Product 2,189,389.52,73619.28,2024-07-19,"Chennai, 203795",FAC06,Factory 6,Plant 6,Chennai,India,883391,LINE002,Assembly Line 2,Welding,46089,39274,2024-08-02,2024-09-09,2024-10-01,2024-03-04,In Progress,28,95.23,10,No,2024-09-05,2024-12-24,Shipped,16,Order ORD00000901 - Production running smoothly
ORD00000902,2024-08-01,11:07,2024,6,June,Q2,Sunday,CUST000103,Customer 103,Retailer,Kolkata,India,customer103@company.com,9520876216,PROD000003,Product 3,PC240495,Machinery,Pumps,High-quality Product 3,395,4290.09,1694585.55,2024-04-22,"Kolkata, 202506",FAC07,Factory 7,Plant 7,Kolkata,India,897740,LINE003,Assembly Line 3,Painting,29772,31216,2024-11-08,2024-09-07,2024-07-17,2024-03-04,Completed,57,90.95,19,Yes,2024-12-02,2024-03-27,In Transit,-3,Order ORD00000902 - Production running smoothly
ORD00000903,2024-03-21,17:14,2024,10,October,Q4,Monday,CUST000104,Customer 104,Corporate,Jaipur,India,customer104@company.com,9334881940,PROD000004,Product 4,PC731098,Consumer Goods,Appliances,High-quality Product 4,940,1093.41,1027805.4,2024-05-13,"Jaipur, 181464",FAC08,Factory 8,Plant 8,Jaipur,India,714221,LINE004,Assembly Line 4,Packaging,5006,2081,2024-05-16,2024-12-06,2024-09-02,null,On Hold,39,93.17,38,Yes,2024-06-05,2024-03-08,Delivered,18,Order ORD00000903 - Production running smoothly
ORD00000904,2024-04-02,16:41,2024,2,February,Q1,Tuesday,CUST000105,Customer 105,Individual,Mumbai,India,customer105@company.com,9174728729,PROD000005,Product 5,PC672781,Industrial Equipment,Motors,High-quality Product 5,795,1932.36,1536226.2,2024-11-09,"Mumbai, 961098",FAC01,Factory 1,Plant 1,Mumbai,India,663496,LINE005,Assembly Line 5,Testing,26023,39326,2024-09-03,2024-04-12,2024-05-23,2024-06-28,Cancelled,65,79.99,31,Yes,2024-02-18,2024-02-19,Delayed,16,Order ORD00000904 - Quality issues detected
ORD00000905,2024-12-04,13:50,2024,7,July,Q3,Wednesday,CUST000106,Customer 106,OEM,Delhi,India,customer106@company.com,9788276586,PROD000006,Product 6,PC354367,Electronics,Controllers,High-quality Product 6,681,2285.17,1556200.77,2024-11-17,"Delhi, 235148",FAC02,Factory 2,Plant 2,Delhi,India,457219,LINE006,Assembly Line 6,Assembly,28473,17247,2024-09-06,2024-08-10,2024-07-13,2024-06-02,Planned,60,74.81,37,Yes,2024-01-28,2024-12-03,Pending,19,Order ORD00000905 - Quality issues detected
ORD00000906,2024-01-14,10:05,2024,5,May,Q2,Thursday,CUST000107,Customer 107,Distributor,Bangalore,India,customer107@company.com,9855036770,PROD000007,Product 7,PC925370,Automotive,Engines,High-quality Product 7,777,2570.39,1997193.03,2024-04-12,"Bangalore, 919570",FAC03,Factory 3,Plant 3,Bangalore,India,473298,LINE007,Assembly Line 7,Welding,14745,8768,2024-05-27,2024-12-22,2024-01-10,null,In Progress,70,83.59,49,Yes,2024-04-20,2024-10-12,Shipped,-3,Order ORD00000906 - Quality issues detected
ORD00000907,2024-03-03,12:34,2024,11,November,Q4,Friday,CUST000108,Customer 108,Retailer,Pune,India,customer108@company.com,9973919124,PROD000008,Product 8,PC620219,Machinery,Pumps,High-quality Product 8,321,4862.58,1560888.18,2024-06-13,"Pune, 982060",FAC04,Factory 4,Plant 4,Pune,India,619846,LINE008,Assembly Line 8,Painting,13021,36446,2024-04-11,2024-09-25,2024-09-03,null,Completed,3,87.25,12,Yes,2024-07-05,2024-03-22,In Transit,16,Order ORD00000907 - Production running smoothly
ORD00000908,2024-03-19,15:09,2024,10,October,Q4,Saturday,CUST000109,Customer 109,Corporate,Hyderabad,India,customer109@company.com,9374177013,PROD000009,Product 9,PC637021,Consumer Goods,Appliances,High-quality Product 9,999,2477.33,2474852.67,2024-09-10,"Hyderabad, 554389",FAC05,Factory 5,Plant 5,Hyderabad,India,792514,LINE009,Assembly Line 9,Packaging,17630,38822,2024-08-18,2024-12-09,2024-09-18,2024-11-08,On Hold,22,82.79,39,Yes,2024-04-07,null,Delivered,19,Order ORD00000908 - Quality issues detected
ORD00000909,2024-09-09,14:32,2024,7,July,Q3,Sunday,CUST000110,Customer 110,Individual,Chennai,India,customer110@company.com,9845460592,PROD000010,Product 10,PC426521,Industrial Equipment,Motors,High-quality Product 10,470,2204.85,1036279.5,2024-10-20,"Chennai, 750269",FAC06,Factory 6,Plant 6,Chennai,India,830707,LINE010,Assembly Line 10,Testing,42469,16833,2024-04-18,2024-09-06,2024-04-07,null,Cancelled,16,79.59,3,No,2024-10-07,null,Delayed,10,Order ORD00000909 - Quality issues detected
ORD00000910,2024-02-19,17:15,2024,12,December,Q4,Monday,CUST000111,Customer 111,OEM,Kolkata,India,customer111@company.com,9319003395,PROD000011,Product 11,PC729447,Electronics,Controllers,High-quality Product 11,333,211.08,70289.64,2024-12-19,"Kolkata, 592701",FAC07,Factory 7,Plant 7,Kolkata,India,910666,LINE011,Assembly Line 11,Assembly,24180,1021,2024-03-26,2024-12-09,2024-08-19,2024-12-03,Planned,36,81.65,13,Yes,2024-09-25,2024-07-03,Pending,7,Order ORD00000910 - Quality issues detected
ORD00000911,2024-04-06,14:05,2024,3,March,Q1,Tuesday,CUST000112,Customer 112,Distributor,Jaipur,India,customer112@company.com,9207233459,PROD000012,Product 12,PC649701,Automotive,Engines,High-quality Product 12,990,1461.28,1446667.2,2024-04-07,"Jaipur, 970840",FAC08,Factory 8,Plant 8,Jaipur,India,732319,LINE012,Assembly Line 12,Welding,26811,9150,2024-12-04,2024-05-14,2024-03-27,null,In Progress,30,79.83,4,No,2024-04-22,2024-05-04,Shipped,14,Order ORD00000911 - Quality issues detected
ORD00000912,2024-08-11,11:50,2024,6,June,Q2,Wednesday,CUST000113,Customer 113,Retailer,Mumbai,India,customer113@company.com,9632959810,PROD000013,Product 13,PC162923,Machinery,Pumps,High-quality Product 13,658,3008.94,1979882.52,2024-01-26,"Mumbai, 597759",FAC01,Factory 1,Plant 1,Mumbai,India,508284,LINE013,Assembly Line 13,Painting,33270,29757,2024-02-23,null,2024-12-26,null,Completed,7,72.78,32,Yes,2024-01-22,2024-03-05,In Transit,7,Order ORD00000912 - Quality issues detected
ORD00000913,2024-01-19,17:06,2024,12,December,Q4,Thursday,CUST000114,Customer 114,Corporate,Delhi,India,customer114@company.com,9908613576,PROD000014,Product 14,PC607728,Consumer Goods,Appliances,High-quality Product 14,430,581.3,249959,2024-04-16,"Delhi, 562767",FAC02,Factory 2,Plant 2,Delhi,India,186269,LINE014,Assembly Line 14,Packaging,35914,29357,2024-04-28,2024-10-24,2024-10-12,null,On Hold,31,96.84,2,No,2024-06-08,2024-12-11,Delivered,-5,Order ORD00000913 - Production running smoothly
ORD00000914,2024-10-14,16:05,2024,4,April,Q2,Friday,CUST000115,Customer 115,Individual,Bangalore,India,customer115@company.com,9446618225,PROD000015,Product 15,PC183045,Industrial Equipment,Motors,High-quality Product 15,852,897.72,764857.44,2024-09-01,"Bangalore, 547339",FAC03,Factory 3,Plant 3,Bangalore,India,252017,LINE015,Assembly Line 15,Testing,41356,39576,2024-03-05,2024-04-23,2024-09-24,2024-02-02,Cancelled,56,86.36,1,No,2024-04-17,null,Delayed,11,Order ORD00000914 - Production running smoothly
ORD00000915,2024-01-20,15:18,2024,1,January,Q1,Saturday,CUST000116,Customer 116,OEM,Pune,India,customer116@company.com,9629014474,PROD000016,Product 16,PC862196,Electronics,Controllers,High-quality Product 16,331,574.93,190301.83,2024-08-15,"Pune, 853106",FAC04,Factory 4,Plant 4,Pune,India,954418,LINE016,Assembly Line 16,Assembly,30598,18681,2024-12-05,2024-02-21,2024-02-12,2024-08-05,Planned,60,84.52,27,Yes,2024-03-23,2024-01-27,Pending,-1,Order ORD00000915 - Quality issues detected
ORD00000916,2024-08-19,11:27,2024,6,June,Q2,Sunday,CUST000117,Customer 117,Distributor,Hyderabad,India,customer117@company.com,9992883847,PROD000017,Product 17,PC150307,Automotive,Engines,High-quality Product 17,444,1761.02,781892.88,2024-04-20,"Hyderabad, 788334",FAC05,Factory 5,Plant 5,Hyderabad,India,857029,LINE017,Assembly Line 17,Welding,8732,25622,2024-09-04,2024-11-20,2024-08-27,null,In Progress,77,76.62,6,No,2024-01-21,2024-03-01,Shipped,12,Order ORD00000916 - Quality issues detected
ORD00000917,2024-08-01,10:01,2024,11,November,Q4,Monday,CUST000118,Customer 118,Retailer,Chennai,India,customer118@company.com,9568601183,PROD000018,Product 18,PC709068,Machinery,Pumps,High-quality Product 18,371,3956.14,1467727.94,2024-12-23,"Chennai, 280548",FAC06,Factory 6,Plant 6,Chennai,India,401865,LINE018,Assembly Line 18,Painting,45291,37945,2024-08-26,2024-04-01,2024-06-26,null,Completed,3,85.89,20,Yes,2024-11-21,2024-09-05,In Transit,5,Order ORD00000917 - Production running smoothly
ORD00000918,2024-10-23,14:39,2024,11,November,Q4,Tuesday,CUST000119,Customer 119,Corporate,Kolkata,India,customer119@company.com,9777118384,PROD000019,Product 19,PC861997,Consumer Goods,Appliances,High-quality Product 19,844,1746.11,1473716.84,2024-04-16,"Kolkata, 553003",FAC07,Factory 7,Plant 7,Kolkata,India,817151,LINE019,Assembly Line 19,Packaging,5086,15675,2024-01-27,2024-10-17,2024-07-12,null,On Hold,26,70.69,7,No,2024-03-15,2024-12-25,Delivered,-2,Order ORD00000918 - Quality issues detected
ORD00000919,2024-01-22,08:00,2024,5,May,Q2,Wednesday,CUST000120,Customer 120,Individual,Jaipur,India,customer120@company.com,9802606628,PROD000020,Product 20,PC254561,Industrial Equipment,Motors,High-quality Product 20,416,4305.28,1790996.48,2024-11-01,"Jaipur, 258189",FAC08,Factory 8,Plant 8,Jaipur,India,916067,LINE020,Assembly Line 20,Testing,36434,6071,2024-08-16,2024-04-06,2024-01-02,2024-08-22,Cancelled,13,83.42,0,No,2024-04-09,2024-04-26,Delayed,19,Order ORD00000919 - Quality issues detected
ORD00000920,2024-11-17,10:14,2024,5,May,Q2,Thursday,CUST000121,Customer 121,OEM,Mumbai,India,customer121@company.com,9475028467,PROD000021,Product 21,PC306271,Electronics,Controllers,High-quality Product 21,720,2511.83,1808517.6,2024-03-07,"Mumbai, 298155",FAC01,Factory 1,Plant 1,Mumbai,India,487850,LINE021,Assembly Line 21,Assembly,13760,28763,2024-04-28,2024-11-12,2024-01-07,2024-12-04,Planned,65,80.95,25,Yes,2024-03-10,2024-02-20,Pending,5,Order ORD00000920 - Quality issues detected
ORD00000921,2024-01-24,08:25,2024,7,July,Q3,Friday,CUST000122,Customer 122,Distributor,Delhi,India,customer122@company.com,9290380207,PROD000022,Product 22,PC290489,Automotive,Engines,High-quality Product 22,589,3804.16,2240650.24,2024-04-24,"Delhi, 117748",FAC02,Factory 2,Plant 2,Delhi,India,630160,LINE022,Assembly Line 22,Welding,4084,16176,2024-12-01,2024-07-21,2024-04-23,null,In Progress,70,79.01,26,Yes,2024-02-22,2024-03-27,Shipped,5,Order ORD00000921 - Quality issues detected
ORD00000922,2024-08-04,11:09,2024,6,June,Q2,Saturday,CUST000123,Customer 123,Retailer,Bangalore,India,customer123@company.com,9521197298,PROD000023,Product 23,PC725195,Machinery,Pumps,High-quality Product 23,714,2609.04,1862854.56,2024-11-23,"Bangalore, 796607",FAC03,Factory 3,Plant 3,Bangalore,India,233292,LINE023,Assembly Line 23,Painting,43144,6857,2024-02-02,2024-09-04,2024-04-15,null,Completed,80,87.2,10,No,2024-03-24,2024-11-09,In Transit,14,Order ORD00000922 - Production running smoothly
ORD00000923,2024-01-27,10:11,2024,3,March,Q1,Sunday,CUST000124,Customer 124,Corporate,Pune,India,customer124@company.com,9106685032,PROD000024,Product 24,PC107026,Consumer Goods,Appliances,High-quality Product 24,272,1032.14,280742.08,2024-04-03,"Pune, 449710",FAC04,Factory 4,Plant 4,Pune,India,926078,LINE024,Assembly Line 24,Packaging,14661,12147,2024-01-25,2024-12-14,2024-12-03,null,On Hold,70,91.92,48,Yes,2024-06-08,null,Delivered,-5,Order ORD00000923 - Production running smoothly
ORD00000924,2024-09-12,16:25,2024,10,October,Q4,Monday,CUST000125,Customer 125,Individual,Hyderabad,India,customer125@company.com,9204705730,PROD000025,Product 25,PC947405,Industrial Equipment,Motors,High-quality Product 25,401,3863.99,1549459.99,2024-04-13,"Hyderabad, 255913",FAC05,Factory 5,Plant 5,Hyderabad,India,873712,LINE025,Assembly Line 25,Testing,36837,17413,2024-09-10,2024-08-11,2024-09-19,null,Cancelled,6,77.95,47,Yes,2024-03-03,null,Delayed,6,Order ORD00000924 - Quality issues detected
ORD00000925,2024-10-02,09:03,2024,5,May,Q2,Tuesday,CUST000126,Customer 126,OEM,Chennai,India,customer126@company.com,9909049764,PROD000026,Product 26,PC751190,Electronics,Controllers,High-quality Product 26,519,2902.68,1506490.92,2024-01-06,"Chennai, 352697",FAC06,Factory 6,Plant 6,Chennai,India,449939,LINE026,Assembly Line 26,Assembly,29704,27121,2024-03-24,2024-02-06,2024-06-08,2024-02-18,Planned,72,80.58,12,Yes,2024-05-09,2024-08-06,Pending,17,Order ORD00000925 - Quality issues detected
ORD00000926,2024-08-10,14:11,2024,12,December,Q4,Wednesday,CUST000127,Customer 127,Distributor,Kolkata,India,customer127@company.com,9594433703,PROD000027,Product 27,PC792819,Automotive,Engines,High-quality Product 27,801,2752.63,2204856.63,2024-06-28,"Kolkata, 831884",FAC07,Factory 7,Plant 7,Kolkata,India,361630,LINE027,Assembly Line 27,Welding,37387,19261,2024-03-15,2024-02-14,2024-05-17,null,In Progress,41,77.37,43,Yes,2024-11-25,2024-11-16,Shipped,6,Order ORD00000926 - Quality issues detected
ORD00000927,2024-02-11,17:12,2024,11,November,Q4,Thursday,CUST000128,Customer 128,Retailer,Jaipur,India,customer128@company.com,9966749369,PROD000028,Product 28,PC960257,Machinery,Pumps,High-quality Product 28,782,1161.2,908058.4,2024-02-22,"Jaipur, 898718",FAC08,Factory 8,Plant 8,Jaipur,India,329000,LINE028,Assembly Line 28,Painting,13936,17592,2024-09-28,2024-01-07,2024-09-17,2024-12-10,Completed,4,93.46,31,Yes,2024-08-28,2024-07-25,In Transit,2,Order ORD00000927 - Production running smoothly
ORD00000928,2024-08-28,14:49,2024,5,May,Q2,Friday,CUST000129,Customer 129,Corporate,Mumbai,India,customer129@company.com,9861897869,PROD000029,Product 29,PC666563,Consumer Goods,Appliances,High-quality Product 29,228,2666.03,607854.84,2024-02-01,"Mumbai, 574596",FAC01,Factory 1,Plant 1,Mumbai,India,569831,LINE029,Assembly Line 29,Packaging,2963,27957,2024-06-21,2024-10-23,2024-08-10,null,On Hold,32,89.43,23,Yes,2024-05-18,2024-05-13,Delivered,12,Order ORD00000928 - Production running smoothly
ORD00000929,2024-03-28,10:29,2024,7,July,Q3,Saturday,CUST000130,Customer 130,Individual,Delhi,India,customer130@company.com,9407736936,PROD000030,Product 30,PC729735,Industrial Equipment,Motors,High-quality Product 30,606,440.1,266700.6,2024-09-23,"Delhi, 211646",FAC02,Factory 2,Plant 2,Delhi,India,710213,LINE030,Assembly Line 30,Testing,27730,23913,2024-09-18,null,2024-11-19,2024-07-14,Cancelled,54,91.21,2,No,2024-09-28,null,Delayed,17,Order ORD00000929 - Production running smoothly
ORD00000930,2024-07-06,10:15,2024,12,December,Q4,Sunday,CUST000131,Customer 131,OEM,Bangalore,India,customer131@company.com,9432810173,PROD000031,Product 31,PC934457,Electronics,Controllers,High-quality Product 31,963,2393.64,2305075.32,2024-09-16,"Bangalore, 981694",FAC03,Factory 3,Plant 3,Bangalore,India,467154,LINE001,Assembly Line 1,Assembly,43242,3328,2024-03-22,2024-01-15,2024-12-23,2024-10-21,Planned,3,77.29,20,Yes,2024-09-16,2024-04-24,Pending,20,Order ORD00000930 - Quality issues detected
ORD00000931,2024-10-27,09:46,2024,5,May,Q2,Monday,CUST000132,Customer 132,Distributor,Pune,India,customer132@company.com,9459625510,PROD000032,Product 32,PC166454,Automotive,Engines,High-quality Product 32,901,3440.89,3100241.89,2024-06-15,"Pune, 913942",FAC04,Factory 4,Plant 4,Pune,India,981017,LINE002,Assembly Line 2,Welding,5224,4984,2024-03-10,2024-06-18,2024-02-08,2024-09-05,In Progress,91,93.45,6,No,2024-09-24,2024-02-14,Shipped,9,Order ORD00000931 - Production running smoothly
ORD00000932,2024-05-08,12:03,2024,1,January,Q1,Tuesday,CUST000133,Customer 133,Retailer,Hyderabad,India,customer133@company.com,9521997089,PROD000033,Product 33,PC166967,Machinery,Pumps,High-quality Product 33,830,1248.66,1036387.8,2024-05-16,"Hyderabad, 418850",FAC05,Factory 5,Plant 5,Hyderabad,India,371659,LINE003,Assembly Line 3,Painting,3013,13283,2024-09-02,2024-01-27,2024-02-23,2024-05-26,Completed,78,93.5,46,Yes,2024-02-08,2024-04-08,In Transit,20,Order ORD00000932 - Production running smoothly
ORD00000933,2024-10-15,16:54,2024,8,August,Q3,Wednesday,CUST000134,Customer 134,Corporate,Chennai,India,customer134@company.com,9975949088,PROD000034,Product 34,PC569924,Consumer Goods,Appliances,High-quality Product 34,633,350.26,221714.58,2024-08-17,"Chennai, 256729",FAC06,Factory 6,Plant 6,Chennai,India,294565,LINE004,Assembly Line 4,Packaging,40287,24343,2024-07-19,2024-04-13,2024-06-19,2024-09-09,On Hold,80,99.91,4,No,2024-11-19,2024-07-27,Delivered,3,Order ORD00000933 - Production running smoothly
ORD00000934,2024-11-15,13:00,2024,3,March,Q1,Thursday,CUST000135,Customer 135,Individual,Kolkata,India,customer135@company.com,9862513819,PROD000035,Product 35,PC402634,Industrial Equipment,Motors,High-quality Product 35,353,478.2,168804.6,2024-11-12,"Kolkata, 333762",FAC07,Factory 7,Plant 7,Kolkata,India,173457,LINE005,Assembly Line 5,Testing,18677,26500,2024-01-25,2024-10-06,2024-03-18,null,Cancelled,1,81.86,11,Yes,2024-11-02,2024-10-03,Delayed,19,Order ORD00000934 - Quality issues detected
ORD00000935,2024-03-08,17:10,2024,5,May,Q2,Friday,CUST000136,Customer 136,OEM,Jaipur,India,customer136@company.com,9982470880,PROD000036,Product 36,PC976199,Electronics,Controllers,High-quality Product 36,379,1406.75,533158.25,2024-01-07,"Jaipur, 829666",FAC08,Factory 8,Plant 8,Jaipur,India,739278,LINE006,Assembly Line 6,Assembly,13809,3459,2024-12-03,2024-03-05,2024-12-16,2024-09-08,Planned,36,88.57,6,No,2024-04-20,2024-09-08,Pending,8,Order ORD00000935 - Production running smoothly
ORD00000936,2024-04-11,11:37,2024,7,July,Q3,Saturday,CUST000137,Customer 137,Distributor,Mumbai,India,customer137@company.com,9405041366,PROD000037,Product 37,PC930223,Automotive,Engines,High-quality Product 37,57,3210.52,182999.64,2024-05-20,"Mumbai, 838437",FAC01,Factory 1,Plant 1,Mumbai,India,896696,LINE007,Assembly Line 7,Welding,33619,18027,2024-05-08,2024-11-13,2024-02-24,2024-01-05,In Progress,2,71.72,24,Yes,2024-09-09,null,Shipped,20,Order ORD00000936 - Quality issues detected
ORD00000937,2024-02-23,15:39,2024,5,May,Q2,Sunday,CUST000138,Customer 138,Retailer,Delhi,India,customer138@company.com,9115710007,PROD000038,Product 38,PC510977,Machinery,Pumps,High-quality Product 38,256,537.99,137725.44,2024-05-05,"Delhi, 292841",FAC02,Factory 2,Plant 2,Delhi,India,309732,LINE008,Assembly Line 8,Painting,31918,22729,2024-09-18,2024-11-23,2024-09-21,2024-03-14,Completed,77,91.1,14,Yes,2024-07-04,null,In Transit,-4,Order ORD00000937 - Production running smoothly
ORD00000938,2024-01-18,12:23,2024,2,February,Q1,Monday,CUST000139,Customer 139,Corporate,Bangalore,India,customer139@company.com,9404635182,PROD000039,Product 39,PC977334,Consumer Goods,Appliances,High-quality Product 39,871,4829.87,4206816.77,2024-04-23,"Bangalore, 244665",FAC03,Factory 3,Plant 3,Bangalore,India,397844,LINE009,Assembly Line 9,Packaging,25622,689,2024-10-22,null,2024-05-05,2024-04-04,On Hold,38,75.45,13,Yes,2024-04-08,2024-03-19,Delivered,15,Order ORD00000938 - Quality issues detected
ORD00000939,2024-11-02,13:16,2024,7,July,Q3,Tuesday,CUST000140,Customer 140,Individual,Pune,India,customer140@company.com,9789592322,PROD000040,Product 40,PC112263,Industrial Equipment,Motors,High-quality Product 40,107,3452.95,369465.65,2024-11-07,"Pune, 951001",FAC04,Factory 4,Plant 4,Pune,India,426800,LINE010,Assembly Line 10,Testing,2433,19503,2024-04-08,2024-08-15,2024-04-07,null,Cancelled,30,76.83,36,Yes,2024-02-12,2024-04-26,Delayed,18,Order ORD00000939 - Quality issues detected
ORD00000940,2024-11-03,13:05,2024,6,June,Q2,Wednesday,CUST000141,Customer 141,OEM,Hyderabad,India,customer141@company.com,9494603917,PROD000041,Product 41,PC316595,Electronics,Controllers,High-quality Product 41,991,3054.99,3027495.09,2024-11-05,"Hyderabad, 176970",FAC05,Factory 5,Plant 5,Hyderabad,India,565063,LINE011,Assembly Line 11,Assembly,9901,30154,2024-08-23,2024-11-14,2024-05-25,2024-02-06,Planned,48,91.41,5,No,2024-05-14,2024-11-10,Pending,-2,Order ORD00000940 - Production running smoothly
ORD00000941,2024-01-15,17:35,2024,6,June,Q2,Thursday,CUST000142,Customer 142,Distributor,Chennai,India,customer142@company.com,9160171231,PROD000042,Product 42,PC578605,Automotive,Engines,High-quality Product 42,116,1226.49,142272.84,2024-10-05,"Chennai, 163993",FAC06,Factory 6,Plant 6,Chennai,India,421630,LINE012,Assembly Line 12,Welding,24240,1908,2024-07-01,null,2024-08-04,2024-09-17,In Progress,76,95.49,29,Yes,2024-06-08,2024-05-24,Shipped,-4,Order ORD00000941 - Production running smoothly
ORD00000942,2024-08-09,17:25,2024,6,June,Q2,Friday,CUST000143,Customer 143,Retailer,Kolkata,India,customer143@company.com,9195749128,PROD000043,Product 43,PC672679,Machinery,Pumps,High-quality Product 43,144,1555.39,223976.16,2024-10-18,"Kolkata, 720407",FAC07,Factory 7,Plant 7,Kolkata,India,770958,LINE013,Assembly Line 13,Painting,5887,37068,2024-02-04,2024-01-20,2024-10-18,2024-09-24,Completed,19,71.52,30,Yes,2024-03-12,2024-05-20,In Transit,0,Order ORD00000942 - Quality issues detected
ORD00000943,2024-11-12,14:59,2024,6,June,Q2,Saturday,CUST000144,Customer 144,Corporate,Jaipur,India,customer144@company.com,9298106167,PROD000044,Product 44,PC675851,Consumer Goods,Appliances,High-quality Product 44,548,2126.84,1165508.32,2024-06-27,"Jaipur, 730201",FAC08,Factory 8,Plant 8,Jaipur,India,543497,LINE014,Assembly Line 14,Packaging,26541,11202,2024-06-01,2024-03-07,2024-01-03,2024-08-21,On Hold,73,90.39,41,Yes,2024-11-05,null,Delivered,2,Order ORD00000943 - Production running smoothly
ORD00000944,2024-02-20,09:50,2024,5,May,Q2,Sunday,CUST000145,Customer 145,Individual,Mumbai,India,customer145@company.com,9671640505,PROD000045,Product 45,PC228083,Industrial Equipment,Motors,High-quality Product 45,361,1702.54,614616.94,2024-11-18,"Mumbai, 672242",FAC01,Factory 1,Plant 1,Mumbai,India,338368,LINE015,Assembly Line 15,Testing,4220,20830,2024-12-08,2024-10-18,2024-03-24,2024-03-17,Cancelled,77,73.52,47,Yes,2024-06-16,null,Delayed,10,Order ORD00000944 - Quality issues detected
ORD00000945,2024-03-09,08:27,2024,8,August,Q3,Monday,CUST000146,Customer 146,OEM,Delhi,India,customer146@company.com,9931137887,PROD000046,Product 46,PC204209,Electronics,Controllers,High-quality Product 46,298,2253.94,671674.12,2024-11-26,"Delhi, 591790",FAC02,Factory 2,Plant 2,Delhi,India,721327,LINE016,Assembly Line 16,Assembly,27080,7339,2024-02-08,2024-11-08,2024-05-12,null,Planned,78,77.8,32,Yes,2024-12-22,2024-11-06,Pending,3,Order ORD00000945 - Quality issues detected
ORD00000946,2024-08-26,09:58,2024,2,February,Q1,Tuesday,CUST000147,Customer 147,Distributor,Bangalore,India,customer147@company.com,9715650204,PROD000047,Product 47,PC746273,Automotive,Engines,High-quality Product 47,113,2466.74,278741.62,2024-01-26,"Bangalore, 198899",FAC03,Factory 3,Plant 3,Bangalore,India,627517,LINE017,Assembly Line 17,Welding,49919,2281,2024-05-20,2024-04-02,2024-04-27,2024-02-18,In Progress,100,84.06,37,Yes,2024-06-18,2024-08-07,Shipped,1,Order ORD00000946 - Quality issues detected
ORD00000947,2024-01-04,16:35,2024,9,September,Q3,Wednesday,CUST000148,Customer 148,Retailer,Pune,India,customer148@company.com,9437869885,PROD000048,Product 48,PC939105,Machinery,Pumps,High-quality Product 48,624,719.14,448743.36,2024-09-27,"Pune, 320935",FAC04,Factory 4,Plant 4,Pune,India,941685,LINE018,Assembly Line 18,Painting,14973,12374,2024-01-15,2024-06-16,2024-09-12,2024-03-09,Completed,10,98,45,Yes,2024-12-22,null,In Transit,1,Order ORD00000947 - Production running smoothly
ORD00000948,2024-12-27,11:33,2024,11,November,Q4,Thursday,CUST000149,Customer 149,Corporate,Hyderabad,India,customer149@company.com,9663897632,PROD000049,Product 49,PC250098,Consumer Goods,Appliances,High-quality Product 49,363,4942.84,1794250.92,2024-08-20,"Hyderabad, 668835",FAC05,Factory 5,Plant 5,Hyderabad,India,781213,LINE019,Assembly Line 19,Packaging,36044,17519,2024-07-28,2024-09-17,2024-02-14,2024-05-09,On Hold,95,90.87,4,No,2024-06-09,2024-04-20,Delivered,1,Order ORD00000948 - Production running smoothly
ORD00000949,2024-04-02,14:18,2024,1,January,Q1,Friday,CUST000150,Customer 150,Individual,Chennai,India,customer150@company.com,9445657531,PROD000050,Product 50,PC921849,Industrial Equipment,Motors,High-quality Product 50,890,3972.98,3535952.2,2024-06-05,"Chennai, 256702",FAC06,Factory 6,Plant 6,Chennai,India,223939,LINE020,Assembly Line 20,Testing,44217,32616,2024-02-18,2024-03-04,2024-07-04,null,Cancelled,26,94.56,5,No,2024-08-20,2024-02-24,Delayed,6,Order ORD00000949 - Production running smoothly
ORD00000950,2024-05-01,14:38,2024,2,February,Q1,Saturday,CUST000151,Customer 151,OEM,Kolkata,India,customer151@company.com,9390941904,PROD000051,Product 51,PC633587,Electronics,Controllers,High-quality Product 51,243,821.97,199738.71,2024-08-02,"Kolkata, 733301",FAC07,Factory 7,Plant 7,Kolkata,India,727159,LINE021,Assembly Line 21,Assembly,17849,36931,2024-11-22,2024-01-25,2024-09-19,2024-10-03,Planned,36,92.45,19,Yes,2024-10-07,2024-05-28,Pending,18,Order ORD00000950 - Production running smoothly
ORD00000951,2024-12-02,16:02,2024,6,June,Q2,Sunday,CUST000152,Customer 152,Distributor,Jaipur,India,customer152@company.com,9621876396,PROD000052,Product 52,PC418523,Automotive,Engines,High-quality Product 52,411,4647.87,1910274.57,2024-11-05,"Jaipur, 545555",FAC08,Factory 8,Plant 8,Jaipur,India,142417,LINE022,Assembly Line 22,Welding,21202,12784,2024-01-09,2024-11-20,2024-04-02,2024-11-21,In Progress,98,97.71,28,Yes,2024-04-14,2024-04-01,Shipped,19,Order ORD00000951 - Production running smoothly
ORD00000952,2024-03-05,09:16,2024,9,September,Q3,Monday,CUST000153,Customer 153,Retailer,Mumbai,India,customer153@company.com,9437838909,PROD000053,Product 53,PC296477,Machinery,Pumps,High-quality Product 53,391,3406.97,1332125.27,2024-12-04,"Mumbai, 867404",FAC01,Factory 1,Plant 1,Mumbai,India,965068,LINE023,Assembly Line 23,Painting,4041,34524,2024-07-12,2024-08-15,2024-12-23,2024-05-09,Completed,5,99.38,10,No,2024-02-27,2024-03-25,In Transit,8,Order ORD00000952 - Production running smoothly
ORD00000953,2024-05-14,17:52,2024,12,December,Q4,Tuesday,CUST000154,Customer 154,Corporate,Delhi,India,customer154@company.com,9217397810,PROD000054,Product 54,PC319914,Consumer Goods,Appliances,High-quality Product 54,318,1034.39,328936.02,2024-07-18,"Delhi, 671205",FAC02,Factory 2,Plant 2,Delhi,India,777688,LINE024,Assembly Line 24,Packaging,7444,37745,2024-03-06,2024-05-12,2024-08-03,null,On Hold,35,74.31,7,No,2024-04-22,2024-06-08,Delivered,18,Order ORD00000953 - Quality issues detected
ORD00000954,2024-02-15,14:39,2024,3,March,Q1,Wednesday,CUST000155,Customer 155,Individual,Bangalore,India,customer155@company.com,9744226073,PROD000055,Product 55,PC226707,Industrial Equipment,Motors,High-quality Product 55,957,3915.88,3747497.16,2024-10-02,"Bangalore, 794058",FAC03,Factory 3,Plant 3,Bangalore,India,536001,LINE025,Assembly Line 25,Testing,29386,28995,2024-01-28,2024-12-08,2024-11-13,null,Cancelled,75,76.14,24,Yes,2024-01-13,2024-05-18,Delayed,6,Order ORD00000954 - Quality issues detected
ORD00000955,2024-04-27,11:50,2024,2,February,Q1,Thursday,CUST000156,Customer 156,OEM,Pune,India,customer156@company.com,9819914626,PROD000056,Product 56,PC657175,Electronics,Controllers,High-quality Product 56,400,3020.77,1208308,2024-03-04,"Pune, 294659",FAC04,Factory 4,Plant 4,Pune,India,508662,LINE026,Assembly Line 26,Assembly,3303,26290,2024-05-23,2024-01-21,2024-06-23,2024-09-26,Planned,42,88.7,40,Yes,2024-10-08,2024-03-11,Pending,12,Order ORD00000955 - Production running smoothly
ORD00000956,2024-09-21,14:35,2024,7,July,Q3,Friday,CUST000157,Customer 157,Distributor,Hyderabad,India,customer157@company.com,9712122953,PROD000057,Product 57,PC607644,Automotive,Engines,High-quality Product 57,289,992.37,286794.93,2024-11-05,"Hyderabad, 801525",FAC05,Factory 5,Plant 5,Hyderabad,India,985836,LINE027,Assembly Line 27,Welding,23653,16615,2024-06-24,2024-07-07,2024-02-19,2024-09-01,In Progress,63,87.81,1,No,2024-03-21,2024-03-21,Shipped,7,Order ORD00000956 - Production running smoothly
ORD00000957,2024-09-06,08:08,2024,10,October,Q4,Saturday,CUST000158,Customer 158,Retailer,Chennai,India,customer158@company.com,9525985009,PROD000058,Product 58,PC851563,Machinery,Pumps,High-quality Product 58,554,2823.81,1564390.74,2024-03-03,"Chennai, 470302",FAC06,Factory 6,Plant 6,Chennai,India,121948,LINE028,Assembly Line 28,Painting,23929,26988,2024-08-09,null,2024-03-14,2024-10-02,Completed,5,81.31,13,Yes,2024-06-19,2024-07-07,In Transit,6,Order ORD00000957 - Quality issues detected
ORD00000958,2024-08-19,09:24,2024,5,May,Q2,Sunday,CUST000159,Customer 159,Corporate,Kolkata,India,customer159@company.com,9629312555,PROD000059,Product 59,PC685897,Consumer Goods,Appliances,High-quality Product 59,259,1835.96,475513.64,2024-08-04,"Kolkata, 505187",FAC07,Factory 7,Plant 7,Kolkata,India,403597,LINE029,Assembly Line 29,Packaging,2579,2277,2024-07-21,2024-06-27,2024-01-02,2024-08-23,On Hold,49,78.04,35,Yes,2024-08-19,2024-05-25,Delivered,13,Order ORD00000958 - Quality issues detected
ORD00000959,2024-02-25,10:41,2024,8,August,Q3,Monday,CUST000160,Customer 160,Individual,Jaipur,India,customer160@company.com,9401967459,PROD000060,Product 60,PC500931,Industrial Equipment,Motors,High-quality Product 60,216,592.54,127988.64,2024-07-28,"Jaipur, 589479",FAC08,Factory 8,Plant 8,Jaipur,India,893782,LINE030,Assembly Line 30,Testing,27084,20046,2024-03-18,2024-08-16,2024-02-13,2024-09-28,Cancelled,46,81.13,8,No,2024-06-02,2024-06-17,Delayed,15,Order ORD00000959 - Quality issues detected
ORD00000960,2024-03-12,11:04,2024,9,September,Q3,Tuesday,CUST000161,Customer 161,OEM,Mumbai,India,customer161@company.com,9638143896,PROD000061,Product 61,PC382489,Electronics,Controllers,High-quality Product 61,309,2774.4,857289.6,2024-08-28,"Mumbai, 285281",FAC01,Factory 1,Plant 1,Mumbai,India,257064,LINE001,Assembly Line 1,Assembly,14236,36792,2024-07-01,2024-12-17,2024-01-06,2024-11-14,Planned,37,93.05,2,No,2024-12-14,2024-03-02,Pending,17,Order ORD00000960 - Production running smoothly
ORD00000961,2024-12-02,09:00,2024,8,August,Q3,Wednesday,CUST000162,Customer 162,Distributor,Delhi,India,customer162@company.com,9181516139,PROD000062,Product 62,PC247593,Automotive,Engines,High-quality Product 62,682,1632.14,1113119.48,2024-06-08,"Delhi, 670423",FAC02,Factory 2,Plant 2,Delhi,India,666514,LINE002,Assembly Line 2,Welding,46803,38251,2024-09-28,2024-08-07,2024-03-17,2024-08-26,In Progress,57,77.83,35,Yes,2024-05-13,null,Shipped,11,Order ORD00000961 - Quality issues detected
ORD00000962,2024-06-26,16:07,2024,5,May,Q2,Thurrrsday,CUST000163,Customer 163,Retailer,Bangalore,India,customer163@company.com,9981790606,PROD000063,Product 63,PC708563,Machinery,Pumps,High-quality Product 63,984,1996.78,1964831.52,2024-12-04,"Bangalore, 215364",FAC03,Factory 3,Plant 3,Bangalore,India,659394,LINE003,Assembly Line 3,Painting,23026,28526,2024-04-25,2024-02-22,2024-01-15,null,Completed,26,95.86,38,Yes,2024-07-19,2024-01-16,In Transit,15,Order ORD00000962 - Production running smoothly
ORD00000963,2024-02-22,08:21,2024,1,January,Q1,Friday,CUST000164,Customer 164,Corporate,Pune,India,customer164@company.com,9738245770,PROD000064,Product 64,PC809699,Consumer Goods,Appliances,High-quality Product 64,414,4715.12,1952059.68,2024-05-21,"Pune, 210738",FAC04,Factory 4,Plant 4,Pune,India,666581,LINE004,Assembly Line 4,Packaging,49288,3247,2024-02-26,2024-11-18,2024-08-17,2024-08-15,On Hold,78,80.29,19,Yes,2024-03-13,2024-01-08,Delivered,12,Order ORD00000963 - Quality issues detected
ORD00000964,2024-07-07,14:53,2024,9,September,Q3,Saturday,CUST000165,Customer 165,Individual,Hyderabad,India,customer165@company.com,9525650414,PROD000065,Product 65,PC553900,Industrial Equipment,Motors,High-quality Product 65,268,750.4,201107.2,2024-09-08,"Hyderabad, 379118",FAC05,Factory 5,Plant 5,Hyderabad,India,497274,LINE005,Assembly Line 5,Testing,48542,33434,2024-06-09,2024-02-21,2024-03-09,2024-04-20,Cancelled,11,81.92,50,Yes,2024-08-16,null,Delayed,-3,Order ORD00000964 - Quality issues detected
ORD00000965,2024-05-12,17:28,2024,7,July,Q3,Sunday,CUST000166,Customer 166,OEM,Chennai,India,customer166@company.com,9462899765,PROD000066,Product 66,PC653153,Electronics,Controllers,High-quality Product 66,614,2097.83,1288067.62,2024-09-07,"Chennai, 991708",FAC06,Factory 6,Plant 6,Chennai,India,577090,LINE006,Assembly Line 6,Assembly,37036,7864,2024-12-19,2024-05-20,2024-06-05,null,Planned,87,94.83,17,Yes,2024-03-18,2024-11-07,Pending,15,Order ORD00000965 - Production running smoothly
ORD00000966,2024-07-02,15:53,2024,12,December,Q4,Monday,CUST000167,Customer 167,Distributor,Kolkata,India,customer167@company.com,9729193147,PROD000067,Product 67,PC215850,Automotive,Engines,High-quality Product 67,835,4585.74,3829092.9,2024-07-18,"Kolkata, 896452",FAC07,Factory 7,Plant 7,Kolkata,India,522049,LINE007,Assembly Line 7,Welding,12687,6120,2024-08-18,2024-01-05,2024-12-06,2024-11-12,In Progress,28,92.02,33,Yes,2024-05-24,null,Shipped,20,Order ORD00000966 - Production running smoothly
ORD00000967,2024-01-15,11:39,2024,7,July,Q3,Tuesday,CUST000168,Customer 168,Retailer,Jaipur,India,customer168@company.com,9702924051,PROD000068,Product 68,PC291456,Machinery,Pumps,High-quality Product 68,739,2872.17,2122533.63,2024-08-17,"Jaipur, 936421",FAC08,Factory 8,Plant 8,Jaipur,India,734043,LINE008,Assembly Line 8,Painting,48668,7003,2024-11-11,2024-05-08,2024-04-12,null,Completed,35,88.6,47,Yes,2024-10-17,2024-11-22,In Transit,-1,Order ORD00000967 - Production running smoothly
ORD00000968,2024-09-08,09:10,2024,9,September,Q3,Wednesday,CUST000169,Customer 169,Corporate,Mumbai,India,customer169@company.com,9595965644,PROD000069,Product 69,PC229602,Consumer Goods,Appliances,High-quality Product 69,983,3689.39,3626670.37,2024-11-18,"Mumbai, 352278",FAC01,Factory 1,Plant 1,Mumbai,India,953805,LINE009,Assembly Line 9,Packaging,38976,38056,2024-07-17,null,2024-08-06,2024-09-24,On Hold,82,84.41,4,No,2024-02-28,2024-07-21,Delivered,6,Order ORD00000968 - Quality issues detected
ORD00000969,2024-08-26,13:51,2024,6,June,Q2,Thurrrsday,CUST000170,Customer 170,Individual,Delhi,India,customer170@company.com,9996576427,PROD000070,Product 70,PC670077,Industrial Equipment,Motors,High-quality Product 70,846,4209.29,3561059.34,2024-12-22,"Delhi, 684449",FAC02,Factory 2,Plant 2,Delhi,India,652287,LINE010,Assembly Line 10,Testing,35980,35797,2024-03-22,2024-06-08,2024-02-02,2024-07-20,Cancelled,33,74.99,40,Yes,2024-01-02,2024-09-11,Delayed,5,Order ORD00000969 - Quality issues detected
ORD00000970,2024-03-26,11:09,2024,9,September,Q3,Friday,CUST000171,Customer 171,OEM,Bangalore,India,customer171@company.com,9556607259,PROD000071,Product 71,PC652205,Electronics,Controllers,High-quality Product 71,932,4643.31,4327564.92,2024-11-18,"Bangalore, 955380",FAC03,Factory 3,Plant 3,Bangalore,India,400580,LINE011,Assembly Line 11,Assembly,12933,34627,2024-08-28,2024-03-10,2024-12-15,2024-09-20,Planned,87,75.74,34,Yes,2024-01-14,2024-06-19,Pending,15,Order ORD00000970 - Quality issues detected
ORD00000971,2024-09-11,11:29,2024,11,November,Q4,Saturday,CUST000172,Customer 172,Distributor,Pune,India,customer172@company.com,9963423048,PROD000072,Product 72,PC785131,Automotive,Engines,High-quality Product 72,346,2131.46,737485.16,2024-10-28,"Pune, 849432",FAC04,Factory 4,Plant 4,Pune,India,612610,LINE012,Assembly Line 12,Welding,23676,12015,2024-10-12,2024-09-08,2024-02-07,null,In Progress,52,91.25,2,No,2024-11-08,null,Shipped,4,Order ORD00000971 - Production running smoothly
ORD00000972,2024-03-21,12:57,2024,2,February,Q1,Sunday,CUST000173,Customer 173,Retailer,Hyderabad,India,customer173@company.com,9239097559,PROD000073,Product 73,PC595545,Machinery,Pumps,High-quality Product 73,562,115.94,65158.28,2024-12-11,"Hyderabad, 287633",FAC05,Factory 5,Plant 5,Hyderabad,India,697770,LINE013,Assembly Line 13,Painting,45676,20794,2024-01-12,2024-04-09,2024-02-15,2024-05-15,Completed,60,89.29,45,Yes,2024-02-10,2024-06-07,In Transit,14,Order ORD00000972 - Production running smoothly
ORD00000973,2024-10-05,13:15,2024,11,November,Q4,Monday,CUST000174,Customer 174,Corporate,Chennai,India,customer174@company.com,9777151212,PROD000074,Product 74,PC326119,Consumer Goods,Appliances,High-quality Product 74,146,3476.43,507558.78,2024-04-11,"Chennai, 751671",FAC06,Factory 6,Plant 6,Chennai,India,961261,LINE014,Assembly Line 14,Packaging,24928,33200,2024-02-07,2024-05-02,2024-08-25,null,On Hold,57,95.01,30,Yes,2024-12-10,2024-12-06,Delivered,1,Order ORD00000973 - Production running smoothly
ORD00000974,2024-12-26,13:42,2024,10,October,Q4,Tuesday,CUST000175,Customer 175,Individual,Kolkata,India,customer175@company.com,9474212402,PROD000075,Product 75,PC248666,Industrial Equipment,Motors,High-quality Product 75,464,1392.44,646092.16,2024-11-14,"Kolkata, 684008",FAC07,Factory 7,Plant 7,Kolkata,India,390588,LINE015,Assembly Line 15,Testing,42230,36613,2024-09-06,2024-11-24,2024-03-17,2024-03-24,Cancelled,58,87.79,24,Yes,2024-01-23,2024-04-28,Delayed,-5,Order ORD00000974 - Production running smoothly
ORD00000975,2024-03-25,14:20,2024,6,June,Q2,Wednesday,CUST000176,Customer 176,OEM,Jaipur,India,customer176@company.com,9258943948,PROD000076,Product 76,PC347499,Electronics,Controllers,High-quality Product 76,135,1401.72,189232.2,2024-08-04,"Jaipur, 769132",FAC08,Factory 8,Plant 8,Jaipur,India,843031,LINE016,Assembly Line 16,Assembly,40557,9534,2024-10-05,2024-12-14,2024-09-17,null,Planned,33,74.52,37,Yes,2024-08-25,2024-09-22,Pending,6,Order ORD00000975 - Quality issues detected
ORD00000976,2024-01-23,13:27,2024,7,July,Q3,Thursday,CUST000177,Customer 177,Distributor,Mumbai,India,customer177@company.com,9837114076,PROD000077,Product 77,PC140706,Automotive,Engines,High-quality Product 77,38,4064.96,154468.48,2024-09-14,"Mumbai, 254916",FAC01,Factory 1,Plant 1,Mumbai,India,667779,LINE017,Assembly Line 17,Welding,3123,1238,2024-01-02,2024-09-11,2024-03-02,2024-04-28,In Progress,3,81.94,17,Yes,2024-10-26,2024-03-16,Shipped,4,Order ORD00000976 - Quality issues detected
ORD00000977,2024-11-01,12:37,2024,7,July,Q3,Friday,CUST000178,Customer 178,Retailer,Delhi,India,customer178@company.com,9395595476,PROD000078,Product 78,PC876921,Machinery,Pumps,High-quality Product 78,860,3366.2,2894932,2024-07-03,"Delhi, 539539",FAC02,Factory 2,Plant 2,Delhi,India,827857,LINE018,Assembly Line 18,Painting,16206,21685,2024-12-07,2024-06-13,2024-11-17,null,Completed,32,84.41,34,Yes,2024-09-19,2024-05-23,In Transit,-2,Order ORD00000977 - Quality issues detected
ORD00000978,2024-07-23,17:28,2024,12,December,Q4,Saturday,CUST000179,Customer 179,Corporate,Bangalore,India,customer179@company.com,9220653826,PROD000079,Product 79,PC328383,Consumer Goods,Appliances,High-quality Product 79,831,1771.63,1472224.53,2024-12-12,"Bangalore, 510557",FAC03,Factory 3,Plant 3,Bangalore,India,765014,LINE019,Assembly Line 19,Packaging,26343,38764,2024-03-03,2024-02-13,2024-07-05,null,On Hold,5,79.6,23,Yes,2024-08-19,2024-07-21,Delivered,11,Order ORD00000978 - Quality issues detected
ORD00000979,2024-06-27,13:50,2024,5,May,Q2,Sunday,CUST000180,Customer 180,Individual,Pune,India,customer180@company.com,9966249175,PROD000080,Product 80,PC923514,Industrial Equipment,Motors,High-quality Product 80,353,3720.12,1313202.36,2024-07-08,"Pune, 435014",FAC04,Factory 4,Plant 4,Pune,India,185743,LINE020,Assembly Line 20,Testing,2712,3267,2024-01-20,2024-08-15,2024-04-14,2024-11-28,Cancelled,71,89.69,43,Yes,2024-01-15,null,Delayed,10,Order ORD00000979 - Production running smoothly
ORD00000980,2024-12-10,13:15,2024,8,August,Q3,Monday,CUST000181,Customer 181,OEM,Hyderabad,India,customer181@company.com,9794633451,PROD000081,Product 81,PC343460,Electronics,Controllers,High-quality Product 81,643,1352.85,869882.55,2024-11-09,"Hyderabad, 730963",FAC05,Factory 5,Plant 5,Hyderabad,India,321417,LINE021,Assembly Line 21,Assembly,37317,30337,2024-01-17,2024-07-12,2024-09-04,2024-02-01,Planned,99,90.53,30,Yes,2024-08-18,2024-06-21,Pending,20,Order ORD00000980 - Production running smoothly
ORD00000981,2024-07-09,08:37,2024,11,November,Q4,Tuesday,CUST000182,Customer 182,Distributor,Chennai,India,customer182@company.com,9324377764,PROD000082,Product 82,PC542536,Automotive,Engines,High-quality Product 82,148,3825.75,566211,2024-12-14,"Chennai, 457628",FAC06,Factory 6,Plant 6,Chennai,India,941528,LINE022,Assembly Line 22,Welding,28955,35780,2024-11-02,2024-07-28,2024-11-15,null,In Progress,99,78.97,22,Yes,2024-11-19,null,Shipped,12,Order ORD00000981 - Quality issues detected
ORD00000982,2024-09-04,11:31,2024,12,Deccember,Q4,Wednesday,CUST000183,Customer 183,Retailer,Kolkata,India,customer183@company.com,9327250336,PROD000083,Product 83,PC814118,Machinery,Pumps,High-quality Product 83,526,2395.61,1260090.86,2024-10-19,"Kolkata, 766684",FAC07,Factory 7,Plant 7,Kolkata,India,845630,LINE023,Assembly Line 23,Painting,17977,26790,2024-02-24,2024-01-19,2024-06-23,2024-08-10,Completed,5,87.8,28,Yes,2024-08-09,2024-02-20,In Transit,20,Order ORD00000982 - Production running smoothly
ORD00000983,2024-02-27,17:10,2024,1,January,Q1,Thurrrsday,CUST000184,Customer 184,Corporate,Jaipur,India,customer184@company.com,9372386865,PROD000084,Product 84,PC498489,Consumer Goods,Appliances,High-quality Product 84,547,1217.38,665906.86,2024-04-13,"Jaipur, 766306",FAC08,Factory 8,Plant 8,Jaipur,India,678523,LINE024,Assembly Line 24,Packaging,46946,6818,2024-11-14,2024-04-25,2024-07-10,null,On Hold,32,87.26,18,Yes,2024-01-02,2024-12-08,Delivered,-1,Order ORD00000983 - Production running smoothly
ORD00000984,2024-10-02,12:01,2024,6,June,Q2,Friday,CUST000185,Customer 185,Individual,Mumbai,India,customer185@company.com,9207612708,PROD000085,Product 85,PC508457,Industrial Equipment,Motors,High-quality Product 85,902,2490.59,2246512.18,2024-12-27,"Mumbai, 909486",FAC01,Factory 1,Plant 1,Mumbai,India,270098,LINE025,Assembly Line 25,Testing,29834,8566,2024-10-09,null,2024-11-20,2024-12-06,Cancelled,58,77.45,4,No,2024-09-16,2024-10-14,Delayed,11,Order ORD00000984 - Quality issues detected
ORD00000985,2024-10-14,17:06,2024,2,February,Q1,Saturday,CUST000186,Customer 186,OEM,Delhi,India,customer186@company.com,9529457347,PROD000086,Product 86,PC351766,Electronics,Controllers,High-quality Product 86,523,3281.56,1716255.88,2024-01-11,"Delhi, 939669",FAC02,Factory 2,Plant 2,Delhi,India,169405,LINE026,Assembly Line 26,Assembly,24380,39892,2024-12-02,2024-09-10,2024-10-25,null,Planned,39,87.51,1,No,2024-12-27,2024-11-17,Pending,-3,Order ORD00000985 - Production running smoothly
ORD00000986,2024-03-10,17:06,2024,11,November,Q4,Sunday,CUST000187,Customer 187,Distributor,Bangalore,India,customer187@company.com,9220533691,PROD000087,Product 87,PC538114,Automotive,Engines,High-quality Product 87,423,3122.95,1321007.85,2024-02-10,"Bangalore, 705218",FAC03,Factory 3,Plant 3,Bangalore,India,167541,LINE027,Assembly Line 27,Welding,48298,33421,2024-03-21,2024-02-02,2024-12-12,2024-05-12,In Progress,70,84.91,2,No,2024-02-04,2024-02-13,Shipped,15,Order ORD00000986 - Quality issues detected
ORD00000987,2024-10-15,17:13,2024,4,April,Q2,Monday,CUST000188,Customer 188,Retailer,Pune,India,customer188@company.com,9824458444,PROD000088,Product 88,PC820512,Machinery,Pumps,High-quality Product 88,103,1771.68,182483.04,2024-08-28,"Pune, 612905",FAC04,Factory 4,Plant 4,Pune,India,499699,LINE028,Assembly Line 28,Painting,31606,3016,2024-12-22,2024-10-03,2024-12-11,2024-02-23,Completed,67,99.19,48,Yes,2024-02-13,2024-01-06,In Transit,-5,Order ORD00000987 - Production running smoothly
ORD00000988,2024-01-03,16:46,2024,8,August,Q3,Tuesday,CUST000189,Customer 189,Corporate,Hyderabad,India,customer189@company.com,9888718379,PROD000089,Product 89,PC581621,Consumer Goods,Appliances,High-quality Product 89,133,4096.27,544803.91,2024-06-14,"Hyderabad, 918065",FAC05,Factory 5,Plant 5,Hyderabad,India,658123,LINE029,Assembly Line 29,Packaging,30212,27678,2024-07-10,2024-01-21,2024-06-11,2024-10-11,On Hold,62,78.41,38,Yes,2024-02-17,2024-03-08,Delivered,9,Order ORD00000988 - Quality issues detected
ORD00000989,2024-12-24,15:41,2024,12,December,Q4,Wednesday,CUST000190,Customer 190,Individual,Chennai,India,customer190@company.com,9627780190,PROD000090,Product 90,PC263678,Industrial Equipment,Motors,High-quality Product 90,323,4286.77,1384626.71,2024-08-10,"Chennai, 913698",FAC06,Factory 6,Plant 6,Chennai,India,695093,LINE030,Assembly Line 30,Testing,19322,30598,2024-08-02,2024-07-05,2024-04-18,2024-03-23,Cancelled,45,90.6,4,No,2024-01-19,2024-09-17,Delayed,3,Order ORD00000989 - Production running smoothly
ORD00000990,2024-11-20,16:11,2024,12,December,Q4,Thursday,CUST000191,Customer 191,OEM,Kolkata,India,customer191@company.com,9703359696,PROD000091,Product 91,PC965491,Electronics,Controllers,High-quality Product 91,483,3751.64,1812042.12,2024-10-19,"Kolkata, 275954",FAC07,Factory 7,Plant 7,Kolkata,India,854843,LINE001,Assembly Line 1,Assembly,34776,19450,2024-02-03,2024-09-17,2024-09-12,2024-03-15,Planned,61,98.05,39,Yes,2024-02-20,2024-07-08,Pending,3,Order ORD00000990 - Production running smoothly
ORD00000991,2024-09-21,15:25,2024,12,December,Q4,Friday,CUST000192,Customer 192,Distributor,Jaipur,India,customer192@company.com,9641337113,PROD000092,Product 92,PC202571,Automotive,Engines,High-quality Product 92,816,1680.43,1371230.88,2024-04-28,"Jaipur, 925645",FAC08,Factory 8,Plant 8,Jaipur,India,657200,LINE002,Assembly Line 2,Welding,2238,8674,2024-05-28,2024-11-13,2024-09-24,2024-10-05,In Progress,59,72.57,41,Yes,2024-04-19,null,Shipped,16,Order ORD00000991 - Quality issues detected
ORD00000992,2024-11-11,11:15,2024,6,June,Q2,Saturday,CUST000193,Customer 193,Retailer,Mumbai,India,customer193@company.com,9807809490,PROD000093,Product 93,PC374357,Machinery,Pumps,High-quality Product 93,710,2456.29,1743965.9,2024-02-14,"Mumbai, 199399",FAC01,Factory 1,Plant 1,Mumbai,India,549599,LINE003,Assembly Line 3,Painting,14075,10494,2024-05-20,null,2024-03-01,null,Completed,7,93.55,31,Yes,2024-04-09,2024-08-22,In Transit,18,Order ORD00000992 - Production running smoothly
ORD00000993,2024-10-24,14:01,2024,5,May,Q2,Sunday,CUST000194,Customer 194,Corporate,Delhi,India,customer194@company.com,9905624662,PROD000094,Product 94,PC165358,Consumer Goods,Appliances,High-quality Product 94,636,2747.69,1747530.84,2024-05-04,"Delhi, 683487",FAC02,Factory 2,Plant 2,Delhi,India,215015,LINE004,Assembly Line 4,Packaging,23591,38411,2024-04-26,2024-03-10,2024-05-28,2024-11-22,On Hold,69,89.94,33,Yes,2024-05-17,null,Delivered,1,Order ORD00000993 - Production running smoothly
ORD00000994,2024-06-07,10:15,2024,11,November,Q4,Monday,CUST000195,Customer 195,Individual,Bangalore,India,customer195@company.com,9910429985,PROD000095,Product 95,PC415827,Industrial Equipment,Motors,High-quality Product 95,272,2643.5,719032,2024-11-24,"Bangalore, 890727",FAC03,Factory 3,Plant 3,Bangalore,India,403726,LINE005,Assembly Line 5,Testing,15218,16704,2024-10-10,2024-07-20,2024-07-15,2024-04-21,Cancelled,83,91.2,16,Yes,2024-04-06,2024-07-22,Delayed,14,Order ORD00000994 - Production running smoothly
ORD00000995,2024-06-02,14:40,2024,9,September,Q3,Tuesday,CUST000196,Customer 196,OEM,Pune,India,customer196@company.com,9405550009,PROD000096,Product 96,PC394342,Electronics,Controllers,High-quality Product 96,620,4770.05,2957431,2024-07-08,"Pune, 217118",FAC04,Factory 4,Plant 4,Pune,India,795134,LINE006,Assembly Line 6,Assembly,34647,39078,2024-04-04,2024-12-09,2024-10-17,null,Planned,63,94.62,46,Yes,2024-01-27,2024-12-10,Pending,1,Order ORD00000995 - Production running smoothly
ORD00000996,2024-11-24,17:35,2024,5,May,Q2,Wednesday,CUST000197,Customer 197,Distributor,Hyderabad,India,customer197@company.com,9608172217,PROD000097,Product 97,PC863555,Automotive,Engines,High-quality Product 97,394,829.26,326728.44,2024-10-03,"Hyderabad, 440686",FAC05,Factory 5,Plant 5,Hyderabad,India,498904,LINE007,Assembly Line 7,Welding,36797,35575,2024-12-09,2024-03-02,2024-04-18,null,In Progress,21,95.87,37,Yes,2024-02-08,2024-02-10,Shipped,11,Order ORD00000996 - Production running smoothly
ORD00000997,2024-11-24,10:02,2024,4,April,Q2,Thursday,CUST000198,Customer 198,Retailer,Chennai,India,customer198@company.com,9720165878,PROD000098,Product 98,PC724225,Machinery,Pumps,High-quality Product 98,594,4504.72,2675803.68,2024-11-10,"Chennai, 877694",FAC06,Factory 6,Plant 6,Chennai,India,513366,LINE008,Assembly Line 8,Painting,45824,4692,2024-01-21,2024-07-28,2024-08-13,2024-02-17,Completed,27,87.22,10,No,2024-09-17,2024-05-04,In Transit,-5,Order ORD00000997 - Production running smoothly
ORD00000998,2024-02-17,13:12,2024,12,December,Q4,Friday,CUST000199,Customer 199,Corporate,Kolkata,India,customer199@company.com,9507406583,PROD000099,Product 99,PC185282,Consumer Goods,Appliances,High-quality Product 99,853,569.7,485954.1,2024-11-11,"Kolkata, 158768",FAC07,Factory 7,Plant 7,Kolkata,India,528782,LINE009,Assembly Line 9,Packaging,20143,11845,2024-09-06,2024-12-21,2024-07-26,null,On Hold,89,86.89,19,Yes,2024-08-16,2024-09-17,Delivered,18,Order ORD00000998 - Production running smoothly
ORD00000999,2024-07-16,12:31,2024,8,August,Q3,Saturday,CUST000200,Customer 200,Individual,Jaipur,India,customer200@company.com,9652775288,PROD000100,Product 100,PC705462,Industrial Equipment,Motors,High-quality Product 100,311,4673.53,1453467.83,2024-01-24,"Jaipur, 965872",FAC08,Factory 8,Plant 8,Jaipur,India,685566,LINE010,Assembly Line 10,Testing,8801,12814,2024-07-22,2024-01-20,2024-08-09,2024-05-26,Cancelled,52,82.75,14,Yes,2024-07-08,null,Delayed,1,Order ORD00000999 - Quality issues detected
ORD00001000,2024-10-18,10:33,2024,11,November,Q4,Sunday,CUST000001,Customer 1,OEM,Mumbai,India,customer1@company.com,9527232546,PROD000101,Product 101,PC602558,Electronics,Controllers,High-quality Product 101,349,1378.74,481180.26,2024-11-20,"Mumbai, 791793",FAC01,Factory 1,Plant 1,Mumbai,India,955899,LINE011,Assembly Line 11,Assembly,4584,34229,2024-08-13,2024-08-18,2024-03-16,null,Planned,71,77.29,28,Yes,2024-03-23,null,Pending,-4,Order ORD00001000 - Quality issues detected
