"inspection_id","inspection_date","inspection_time","year","month","order_id","product_id","product_name","batch_number","inspector_id","inspector_name","inspectordepartment","department","factory_id","factory_name","assembly_line_id","assembly_line_name","quantity_inspected","quantity_defective","defect_rate","sample_size","defect_type","defect_code","defect_severity","defect_description","dimension1","dimension2","weight","visual_quality","functional_test","inspection_status","inspection_result","rework_required","approved","approvedby","notes","photopath"
"INSP00000001","2024-06-23","08:53",2024,8,"ORD00000569","PROD000002","Product 2","BATCH00001","INS0002","Inspector 2","Quality Control","QC Department","FAC02","Factory 2","LINE002","Assembly Line 2",4249,63,"1.48",3943,"Dent","D002","Major","Dent found in batch","28.47","69.94","14.89","Good","Pass","In Progress","Failed","Yes","No",NULL,"Inspection completed - 1.48% defect rate","photo_INSP00000001.jpg"
"INSP00000001","23-06-2024","08:53",2024,8,"ORD00000569","PROD000002","Product 2","BATCH00001","INS0002","Inspector 2","Quality Control","QC Department","FAC02","Factory 2","LINE002","Assembly Line 2",4249,63,"1.48",3943,"Dent","D002","Major","Dent found in batch","28.47","69.94","14.89","Good","Pass","In Progress","Failed","Yes","No",NULL,"Inspection completed - 1.48% defect rate","photo_INSP00000001.jpg"
"INSP00000002","2024-07-24","08:52",2024,8,"ORD00000470","PROD000003","Product 3","BATCH00002","INS0003","Inspector 3","Quality Control","QC Department","FAC03","Factory 3","LINE003","Assembly Line 3",5367,87,"1.62",2905,"Discoloration","D003","Minor","Discoloration found in batch","84.2","98.14","48.71","Poor","Pass","Pending","Conditional Pass","No","No","null","Inspection completed - 1.62% defect rate","photo_INSP00000002.jpg"
"INSP00000003","2024-12-14","12:08",2024,10,"ORD00000837","PROD000004","Product 4","BATCH00003","INS0004","Inspector 4","Quality Control","QC Department","FAC04","Factory 4","LINE004","Assembly Line 4",1863,44,"2.36",1219,"Misalignment","D004","Cosmetic","Misalignment found in batch","59.7","67.52","14.1","Good","Pass","On Hold","Pending","No","No","null","Inspection completed - 2.36% defect rate","null"
"INSP00000004","2024-12-09","15:19",2024,6,"ORD00000543","PROD000005","Product 5","BATCH00004","INS0005","Inspector 5","Quality Control","QC Department","FAC05","Factory 5","LINE005","Assembly Line 5",1192,67,"5.62",603,"Missing Part","D005","None","Missing Part found in batch","72.73","24.18","11.37","Fair","Fail","Completed","Passed","No","Yes","Supervisor 5","Inspection completed - 5.62% defect rate","photo_INSP00000004.jpg"
"INSP00000005","2024-02-02","16:58",2024,8,"ORD00000243","PROD000006","Product 6","BATCH00005","INS0006","Inspector 6","Quality Control","QC Department","FAC06","Factory 6","LINE006","Assembly Line 6",7574,29,"0.38",4480,"Malfunction","D006","Critical","Malfunction found in batch","70.1","69.76","18.23","Poor","Pass","In Progress","Failed","Yes","No","null","Inspection completed - 0.38% defect rate","photo_INSP00000005.jpg"
"INSP00000006","2024-04-20","08:33",2024,5,"ORD00000010","PROD000007","Product 7","BATCH00006","INS0007","Inspector 7","Quality Control","QC Department","FAC07","Factory 7","LINE007","Assembly Line 7",4180,54,"1.29",3318,"Dimension Error","D007","Major","Dimension Error found in batch","44.48","26.2","18.61","Poor","Pass","Pending","Conditional Pass","No","No","null","Inspection completed - 1.29% defect rate","null"
"INSP00000007","2024-04-27","15:03",2024,9,"ORD00000060","PROD000008","Product 8","BATCH00007","INS0008","Inspector 8","Quality Control","QC Department","FAC08","Factory 8","LINE008","Assembly Line 8",4513,72,"1.6",2355,"None","D000","Minor","None found in batch","34.15","68.82","40.41","Poor","Pass","On Hold","Pending","No","No","null","Inspection completed - 1.6% defect rate","null"
"INSP00000008","2024-07-16","14:58",2024,5,"ORD00000472","PROD000009","Product 9","BATCH00008","INS0009","Inspector 9","Quality Control","QC Department","FAC01","Factory 1","LINE009","Assembly Line 9",1479,65,"4.39",458,"Crack","D001","Cosmetic","Crack found in batch","46.74","29.53","8.59","Good","Pass","Completed","Passed","No","Yes","Supervisor 9","Inspection completed - 4.39% defect rate","photo_INSP00000008.jpg"
"INSP00000009","2024-06-11","12:03",2024,5,"ORD00000329","PROD000010","Product 10","BATCH00009","INS0010","Inspector 10","Quality Control","QC Department","FAC02","Factory 2","LINE010","Assembly Line 10",8231,38,"0.46",5802,"Dent","D002","None","Dent found in batch","43.18","16.62","45.7","Good","Fail","In Progress","Failed","Yes","No","null","Inspection completed - 0.46% defect rate","null"
"INSP00000010","2024-10-22","08:44",2024,2,"ORD00000025","PROD000011","Product 11","BATCH00010","INS0011","Inspector 11","Quality Control","QC Department","FAC03","Factory 3","LINE011","Assembly Line 11",9183,93,"1.01",2933,"Discoloration","D003","Critical","Discoloration found in batch","22.23","72.61","43.63","Good","Pass","Pending","Conditional Pass","No","No","null","Inspection completed - 1.01% defect rate","null"
"INSP00000011","2024-02-05","09:34",2024,3,"ORD00000554","PROD000012","Product 12","BATCH00011","INS0012","Inspector 12","Quality Control","QC Department","FAC04","Factory 4","LINE012","Assembly Line 12",9564,86,"0.9",853,"Misalignment","D004","Major","Misalignment found in batch","27.22","15.18","45.52","Fair","Fail","On Hold","Pending","No","No","null","Inspection completed - 0.9% defect rate","null"
"INSP00000012","2024-04-21","10:53",2024,11,"ORD00000420","PROD000013","Product 13","BATCH00012","INS0013","Inspector 13","Quality Control","QC Department","FAC05","Factory 5","LINE013","Assembly Line 13",2919,62,"2.12",1607,"Missing Part","D005","Minor","Missing Part found in batch","81.55","67.43","2.95","Fair","Pass","Completed","Passed","No","Yes","Supervisor 3","Inspection completed - 2.12% defect rate","photo_INSP00000012.jpg"
"INSP00000013","2024-11-11","13:59",2024,10,"ORD00000948","PROD000014","Product 14","BATCH00013","INS0014","Inspector 14","Quality Control","QC Department","FAC06","Factory 6","LINE014","Assembly Line 14",9057,76,"0.84",512,"Malfunction","D006","Cosmetic","Malfunction found in batch","26.94","37.07","12.33","Good","Fail","In Progress","Failed","Yes","No","null","Inspection completed - 0.84% defect rate","null"
"INSP00000014","2024-10-05","17:38",2024,4,"ORD00000736","PROD000015","Product 15","BATCH00014","INS0015","Inspector 15","Quality Control","QC Department","FAC07","Factory 7","LINE015","Assembly Line 15",6232,31,"0.5",3698,"Dimension Error","D007","None","Dimension Error found in batch","24.12","72.12","6.68","Fair","Pass","Pending","Conditional Pass","No","No","null","Inspection completed - 0.5% defect rate","photo_INSP00000014.jpg"
"INSP00000015","2024-07-15","11:31",2024,4,"ORD00000399","PROD000016","Product 16","BATCH00015","INS0016","Inspector 16","Quality Control","QC Department","FAC08","Factory 8","LINE016","Assembly Line 16",5116,35,"0.68",122,"None","D000","Critical","None found in batch","85.29","67.37","46.15","Poor","Pass","On Hold","Pending","No","No","null","Inspection completed - 0.68% defect rate","null"
"INSP00000016","2024-06-27","08:48",2024,3,"ORD00000181","PROD000017","Product 17","BATCH00016","INS0017","Inspector 17","Quality Control","QC Department","FAC01","Factory 1","LINE017","Assembly Line 17",2894,55,"1.9",2678,"Crack","D001","Major","Crack found in batch","78.48","56.09","33.43","Fair","Pass","Completed","Passed","No","Yes","Supervisor 7","Inspection completed - 1.9% defect rate","photo_INSP00000016.jpg"
"INSP00000017","2024-12-24","12:43",2024,10,"ORD00000290","PROD000018","Product 18","BATCH00017","INS0018","Inspector 18","Quality Control","QC Department","FAC02","Factory 2","LINE018","Assembly Line 18",3070,84,"2.74",1180,"Dent","D002","Minor","Dent found in batch","43.24","42.77","14.28","Poor","Fail","In Progress","Failed","Yes","No","null","Inspection completed - 2.74% defect rate","null"
"INSP00000018","2024-01-07","14:34",2024,9,"ORD00000539","PROD000019","Product 19","BATCH00018","INS0019","Inspector 19","Quality Control","QC Department","FAC03","Factory 3","LINE019","Assembly Line 19",5762,90,"1.56",5400,"Discoloration","D003","Cosmetic","Discoloration found in batch","20.17","87.16","39.55","Fair","Pass","Pending","Conditional Pass","No","No","null","Inspection completed - 1.56% defect rate","null"
"INSP00000019","2024-06-14","10:20",2024,11,"ORD00000055","PROD000020","Product 20","BATCH00019","INS0020","Inspector 20","Quality Control","QC Department","FAC04","Factory 4","LINE020","Assembly Line 20",7101,7,"0.1",620,"Misalignment","D004","None","Misalignment found in batch","32.19","82.47","48.19","Poor","Fail","On Hold","Pending","No","No","null","Inspection completed - 0.1% defect rate","photo_INSP00000019.jpg"
"INSP00000020","2024-09-17","17:33",2024,1,"ORD00000348","PROD000021","Product 21","BATCH00020","INS0021","Inspector 21","Quality Control","QC Department","FAC05","Factory 5","LINE021","Assembly Line 21",1302,42,"3.23",1280,"Missing Part","D005","Critical","Missing Part found in batch","86.54","59.71","20.92","Poor","Fail","Completed","Passed","No","Yes","Supervisor 1","Inspection completed - 3.23% defect rate","photo_INSP00000020.jpg"
"INSP00000021","2024-03-08","10:23",2024,10,"ORD00000057","PROD000022","Product 22","BATCH00021","INS0022","Inspector 22","Quality Control","QC Department","FAC06","Factory 6","LINE022","Assembly Line 22",6383,98,"1.54",2440,"Malfunction","D006","Major","Malfunction found in batch","53.11","45.32","22.22","Poor","Pass","In Progress","Failed","Yes","No","null","Inspection completed - 1.54% defect rate","photo_INSP00000021.jpg"
"INSP00000022","2024-01-08","12:30",2024,6,"ORD00000841","PROD000023","Product 23","BATCH00022","INS0023","Inspector 23","Quality Control","QC Department","FAC07","Factory 7","LINE023","Assembly Line 23",9827,90,"0.92",1687,"Dimension Error","D007","Minor","Dimension Error found in batch","51.57","67.2","29.45","Poor","Fail","Pending","Conditional Pass","No","No","null","Inspection completed - 0.92% defect rate","null"
"INSP00000023","2024-07-08","10:29",2024,5,"ORD00000400","PROD000024","Product 24","BATCH00023","INS0024","Inspector 24","Quality Control","QC Department","FAC08","Factory 8","LINE024","Assembly Line 24",3739,53,"1.42",484,"None","D000","Cosmetic","None found in batch","70.4","82.66","45.87","Poor","Pass","On Hold","Pending","No","No","null","Inspection completed - 1.42% defect rate","photo_INSP00000023.jpg"
"INSP00000024","2024-10-06","13:57",2024,4,"ORD00000141","PROD000025","Product 25","BATCH00024","INS0025","Inspector 25","Quality Control","QC Department","FAC01","Factory 1","LINE025","Assembly Line 25",3883,85,"2.19",598,"Crack","D001","None","Crack found in batch","45.66","49.45","14.84","Fair","Pass","Completed","Passed","No","Yes","Supervisor 5","Inspection completed - 2.19% defect rate","null"
"INSP00000025","2024-01-21","16:15",2024,2,"ORD00000883","PROD000026","Product 26","BATCH00025","INS0026","Inspector 26","Quality Control","QC Department","FAC02","Factory 2","LINE026","Assembly Line 26",4008,45,"1.12",3459,"Dent","D002","Critical","Dent found in batch","33.1","54.97","33.12","Fair","Pass","In Progress","Failed","Yes","No","null","Inspection completed - 1.12% defect rate","photo_INSP00000025.jpg"
"INSP00000026","2024-12-18","16:11",2024,2,"ORD00000241","PROD000027","Product 27","BATCH00026","INS0027","Inspector 27","Quality Control","QC Department","FAC03","Factory 3","LINE027","Assembly Line 27",2940,16,"0.54",825,"Discoloration","D003","Major","Discoloration found in batch","36.01","56.25","42.01","Fair","Pass","Pending","Conditional Pass","No","No","null","Inspection completed - 0.54% defect rate","null"
"INSP00000027","2024-01-12","08:40",2024,11,"ORD00000109","PROD000028","Product 28","BATCH00027","INS0028","Inspector 28","Quality Control","QC Department","FAC04","Factory 4","LINE028","Assembly Line 28",767,26,"3.39",189,"Misalignment","D004","Minor","Misalignment found in batch","62.37","21.85","9.27","Poor","Pass","On Hold","Pending","No","No","null","Inspection completed - 3.39% defect rate","null"
"INSP00000028","2024-12-17","13:00",2024,1,"ORD00000998","PROD000029","Product 29","BATCH00028","INS0029","Inspector 29","Quality Control","QC Department","FAC05","Factory 5","LINE029","Assembly Line 29",6973,61,"0.87",1755,"Missing Part","D005","Cosmetic","Missing Part found in batch","94.8","38.85","46.2","Good","Pass","Completed","Passed","No","Yes","Supervisor 9","Inspection completed - 0.87% defect rate","photo_INSP00000028.jpg"
"INSP00000029","2024-09-12","09:29",2024,1,"ORD00000176","PROD000030","Product 30","BATCH00029","INS0030","Inspector 30","Quality Control","QC Department","FAC06","Factory 6","LINE030","Assembly Line 30",5035,99,"1.97",816,"Malfunction","D006","None","Malfunction found in batch","27.8","74.43","2.19","Poor","Fail","In Progress","Failed","Yes","No","null","Inspection completed - 1.97% defect rate","photo_INSP00000029.jpg"
"INSP00000030","2024-07-12","10:49",2024,12,"ORD00000407","PROD000031","Product 31","BATCH00030","INS0031","Inspector 31","Quality Control","QC Department","FAC07","Factory 7","LINE001","Assembly Line 1",3698,27,"0.73",1309,"Dimension Error","D007","Critical","Dimension Error found in batch","59.2","80.51","22.69","Poor","Pass","Pending","Conditional Pass","No","No","null","Inspection completed - 0.73% defect rate","photo_INSP00000030.jpg"
"INSP00000031","2024-11-07","FIFTEEN:fourtyNine",2024,4,"ORD00000507","PROD000032","Product 32","BATCH00031","INS0032","Inspector 32","Quality Control","QC Department","FAC08","Factory 8","LINE002","Assembly Line 2",143,14,"9.79",100,"None","D000","Major","None found in batch","68.39","80.61","3.92","Fair","Fail","On Hold","Pending","No","No","null","Inspection completed - 9.79% defect rate","null"
"INSP00000032","2024-12-09","13:16",2024,5,"ORD00000264","PROD000033","Product 33","BATCH00032","INS0033","Inspector 33","Quality Control","QC Department","FAC01","Factory 1","LINE003","Assembly Line 3",6375,8,"0.13",4391,"Crack","D001","Minor","Crack found in batch","10.61","15.49","12.25","Good","Pass","Completed","Passed","No","Yes","Supervisor 3","Inspection completed - 0.13% defect rate","null"
"INSP00000033","2024-02-28","17:52",2024,6,"ORD00000519","PROD000034","Product 34","BATCH00033","INS0034","Inspector 34","Quality Control","QC Department","FAC02","Factory 2","LINE004","Assembly Line 4",8646,36,"0.42",3466,"Dent","D002","Cosmetic","Dent found in batch","85.19","36.34","11.13","Good","Pass","In Progress","Failed","Yes","No","null","Inspection completed - 0.42% defect rate","null"
"INSP00000034","2024-05-11","11:08",2024,12,"ORD00000880","PROD000035","Product 35","BATCH00034","INS0035","Inspector 35","Quality Control","QC Department","FAC03","Factory 3","LINE005","Assembly Line 5",6043,71,"1.17",2078,"Discoloration","D003","None","Discoloration found in batch","73.44","79.24","26.95","Good","Fail","Pending","Conditional Pass","No","No","null","Inspection completed - 1.17% defect rate","photo_INSP00000034.jpg"
"INSP00000035","2024-01-15","15:25",2024,5,"ORD00000681","PROD000036","Product 36","BATCH00035","INS0036","Inspector 36","Quality Control","QC Department","FAC04","Factory 4","LINE006","Assembly Line 6",4981,4,"0.08",4769,"Misalignment","D004","Critical","Misalignment found in batch","31.99","48.14","9.5","Fair","Fail","On Hold","Pending","No","No","null","Inspection completed - 0.08% defect rate","null"
"INSP00000036","2024-07-05","12:55",2024,12,"ORD00000154","PROD000037","Product 37","BATCH00036","INS0037","Inspector 37","Quality Control","QC Department","FAC05","Factory 5","LINE007","Assembly Line 7",3453,44,"1.27",3324,"Missing Part","D005","Major","Missing Part found in batch","45.32","76.4","47.56","Fair","Pass","Completed","Passed","No","Yes","Supervisor 7","Inspection completed - 1.27% defect rate","photo_INSP00000036.jpg"
"INSP00000037","2024-10-15","12:25",2024,3,"ORD00000723","PROD000038","Product 38","BATCH00037","INS0038","Inspector 38","Quality Control","QC Department","FAC06","Factory 6","LINE008","Assembly Line 8",4230,36,"0.85",3664,"Malfunction","D006","Minor","Malfunction found in batch","88.03","70.97","13.67","Fair","Fail","In Progress","Failed","Yes","No","null","Inspection completed - 0.85% defect rate","photo_INSP00000037.jpg"
"INSP00000038","2024-12-17","17:18",2024,1,"ORD00000741","PROD000039","Product 39","BATCH00038","INS0039","Inspector 39","Quality Control","QC Department","FAC07","Factory 7","LINE009","Assembly Line 9",7468,78,"1.04",7315,"Dimension Error","D007","Cosmetic","Dimension Error found in batch","70.44","50.66","9.44","Fair","Pass","Pending","Conditional Pass","No","No","null","Inspection completed - 1.04% defect rate","null"
"INSP00000039","2024-04-08","17:35",2024,6,"ORD00000706","PROD000040","Product 40","BATCH00039","INS0040","Inspector 40","Quality Control","QC Department","FAC08","Factory 8","LINE010","Assembly Line 10",8172,66,"0.81",6534,"None","D000","None","None found in batch","85.85","63.42","29.7","Fair","Pass","On Hold","Pending","No","No","null","Inspection completed - 0.81% defect rate","null"
"INSP00000040","2024-03-19","09:35",2024,3,"ORD00000597","PROD000041","Product 41","BATCH00040","INS0041","Inspector 41","Quality Control","QC Department","FAC01","Factory 1","LINE011","Assembly Line 11",6459,99,"1.53",1806,"Crack","D001","Critical","Crack found in batch","36.69","26.44","24.01","Good","Pass","Completed","Passed","No","Yes","Supervisor 1","Inspection completed - 1.53% defect rate","photo_INSP00000040.jpg"
"INSP00000041","2024-12-14","10:50",2024,4,"ORD00000940","PROD000042","Product 42","BATCH00041","INS0042","Inspector 42","Quality Control","QC Department","FAC02","Factory 2","LINE012","Assembly Line 12",1422,11,"0.77",501,"Dent","D002","Major","Dent found in batch","32.93","31.52","44.07","Poor","Fail","In Progress","Failed","Yes","No","null","Inspection completed - 0.77% defect rate","photo_INSP00000041.jpg"
"INSP00000042","2024-08-04","08:09",2024,11,"ORD00000315","PROD000043","Product 43","BATCH00042","INS0043","Inspector 43","Quality Control","QC Department","FAC03","Factory 3","LINE013","Assembly Line 13",1058,78,"7.37",461,"Discoloration","D003","Minor","Discoloration found in batch","34.49","44.81","25.12","Good","Pass","Pending","Conditional Pass","No","No","null","Inspection completed - 7.37% defect rate","photo_INSP00000042.jpg"
"INSP00000043","2024-12-15","14:54",2024,1,"ORD00000017","PROD000044","Product 44","BATCH00043","INS0044","Inspector 44","Quality Control","QC Department","FAC04","Factory 4","LINE014","Assembly Line 14",7081,47,"0.66",4816,"Misalignment","D004","Cosmetic","Misalignment found in batch","75.32","92.21","31.89","Fair","Pass","On Hold","Pending","No","No","null","Inspection completed - 0.66% defect rate","null"
"INSP00000044","2024-01-01","15:39",2024,12,"ORD00000161","PROD000045","Product 45","BATCH00044","INS0045","Inspector 45","Quality Control","QC Department","FAC05","Factory 5","LINE015","Assembly Line 15",9781,67,"0.69",2305,"Missing Part","D005","None","Missing Part found in batch","28.78","88.07","19.95","Poor","Fail","Completed","Passed","No","Yes","Supervisor 5","Inspection completed - 0.69% defect rate","null"
"INSP00000045","2024-01-07","09:11",2024,5,"ORD00000202","PROD000046","Product 46","BATCH00045","INS0046","Inspector 46","Quality Control","QC Department","FAC06","Factory 6","LINE016","Assembly Line 16",6796,32,"0.47",2574,"Malfunction","D006","Critical","Malfunction found in batch","98.36","37.72","22.35","Poor","Fail","In Progress","Failed","Yes","No","null","Inspection completed - 0.47% defect rate","photo_INSP00000045.jpg"
"INSP00000046","2024-01-03","16:41",2024,7,"ORD00000573","PROD000047","Product 47","BATCH00046","INS0047","Inspector 47","Quality Control","QC Department","FAC07","Factory 7","LINE017","Assembly Line 17",487,18,"3.7",24,"Dimension Error","D007","Major","Dimension Error found in batch","40.08","91.2","29.54","Poor","Fail","Pending","Conditional Pass","No","No","null","Inspection completed - 3.7% defect rate","photo_INSP00000046.jpg"
"INSP00000047","2024-05-10","10:28",2024,6,"ORD00000035","PROD000048","Product 48","BATCH00047","INS0048","Inspector 48","Quality Control","QC Department","FAC08","Factory 8","LINE018","Assembly Line 18",7122,45,"0.63",2327,"None","D000","Minor","None found in batch","55.67","68.71","48.4","Fair","Pass","On Hold","Pending","No","No","null","Inspection completed - 0.63% defect rate","photo_INSP00000047.jpg"
"INSP00000048","2024-10-28","11:44",2024,5,"ORD00000235","PROD000049","Product 49","BATCH00048","INS0049","Inspector 49","Quality Control","QC Department","FAC01","Factory 1","LINE019","Assembly Line 19",353,29,"8.22",206,"Crack","D001","Cosmetic","Crack found in batch","73.56","68.2","27.35","Good","Pass","Completed","Passed","No","Yes","Supervisor 9","Inspection completed - 8.22% defect rate","null"
"INSP00000049","2024-01-10","09:03",2024,6,"ORD00000676","PROD000050","Product 50","BATCH00049","INS0050","Inspector 50","Quality Control","QC Department","FAC02","Factory 2","LINE020","Assembly Line 20",1994,15,"0.75",1037,"Dent","D002","None","Dent found in batch","11.14","51.09","37.62","Good","Fail","In Progress","Failed","Yes","No","null","Inspection completed - 0.75% defect rate","photo_INSP00000049.jpg"
"INSP00000050","2024-07-20","12:28",2024,8,"ORD00000072","PROD000051","Product 51","BATCH00050","INS0001","Inspector 1","Quality Control","QC Department","FAC03","Factory 3","LINE021","Assembly Line 21",8302,41,"0.49",1373,"Discoloration","D003","Critical","Discoloration found in batch","40.86","75.61","28.7","Good","Fail","Pending","Conditional Pass","No","No","null","Inspection completed - 0.49% defect rate","photo_INSP00000050.jpg"
"INSP00000051","2024-04-26","16:45",2024,3,"ORD00000077","PROD000052","Product 52","BATCH00051","INS0002","Inspector 2","Quality Control","QC Department","FAC04","Factory 4","LINE022","Assembly Line 22",6296,17,"0.27",544,"Misalignment","D004","Major","Misalignment found in batch","62.84","70.51","33.66","Good","Pass","On Hold","Pending","No","No","null","Inspection completed - 0.27% defect rate","photo_INSP00000051.jpg"
"INSP00000052","2024-11-20","16:31",2024,3,"ORD00000145","PROD000053","Product 53","BATCH00052","INS0003","Inspector 3","Quality Control","QC Department","FAC05","Factory 5","LINE023","Assembly Line 23",1043,36,"3.45",328,"Missing Part","D005","Minor","Missing Part found in batch","48.82","45.73","31.8","Poor","Fail","Completed","Passed","No","Yes","Supervisor 3","Inspection completed - 3.45% defect rate","null"
"INSP00000053","2024-05-16","10:32",2024,10,"ORD00000713","PROD000054","Product 54","BATCH00053","INS0004","Inspector 4","Quality Control","QC Department","FAC06","Factory 6","LINE024","Assembly Line 24",9909,30,"0.3",5161,"Malfunction","D006","Cosmetic","Malfunction found in batch","33.13","85.63","25.29","Poor","Fail","In Progress","Failed","Yes","No","null","Inspection completed - 0.3% defect rate","photo_INSP00000053.jpg"
"INSP00000054","2024-08-20","16:42",2024,4,"ORD00000526","PROD000055","Product 55","BATCH00054","INS0005","Inspector 5","Quality Control","QC Department","FAC07","Factory 7","LINE025","Assembly Line 25",6835,5,"0.07",6688,"Dimension Error","D007","None","Dimension Error found in batch","67.84","19.17","16.72","Poor","Pass","Pending","Conditional Pass","No","No","null","Inspection completed - 0.07% defect rate","photo_INSP00000054.jpg"
"INSP00000055","2024-04-01","08:06",2024,4,"ORD00000276","PROD000056","Product 56","BATCH00055","INS0006","Inspector 6","Quality Control","QC Department","FAC08","Factory 8","LINE026","Assembly Line 26",6311,15,"0.24",3011,"None","D000","Critical","None found in batch","81.82","86.45","23","Poor","Pass","On Hold","Pending","No","No","null","Inspection completed - 0.24% defect rate","photo_INSP00000055.jpg"
"INSP00000056","2024-09-04","08:51",2024,3,"ORD00000753","PROD000057","Product 57","BATCH00056","INS0007","Inspector 7","Quality Control","QC Department","FAC01","Factory 1","LINE027","Assembly Line 27",1282,53,"4.13",368,"Crack","D001","Major","Crack found in batch","27.37","58.69","3.25","Poor","Fail","Completed","Passed","No","Yes","Supervisor 7","Inspection completed - 4.13% defect rate","photo_INSP00000056.jpg"
"INSP00000057","2024-04-09","16:41",2024,10,"ORD00000508","PROD000058","Product 58","BATCH00057","INS0008","Inspector 8","Quality Control","QC Department","FAC02","Factory 2","LINE028","Assembly Line 28",6150,36,"0.59",2014,"Dent","D002","Minor","Dent found in batch","14.63","87.56","28.69","Good","Pass","In Progress","Failed","Yes","No","null","Inspection completed - 0.59% defect rate","photo_INSP00000057.jpg"
"INSP00000058","2024-08-14","13:20",2024,12,"ORD00000007","PROD000059","Product 59","BATCH00058","INS0009","Inspector 9","Quality Control","QC Department","FAC03","Factory 3","LINE029","Assembly Line 29",8267,61,"0.74",640,"Discoloration","D003","Cosmetic","Discoloration found in batch","13.02","24.55","11.16","Fair","Pass","Pending","Conditional Pass","No","No","null","Inspection completed - 0.74% defect rate","photo_INSP00000058.jpg"
"INSP00000199","2024-10-26","13:38",2024,12,"ORD00000770","PROD000050","Product 50","BATCH00199","INS0050","Inspector 50","Quality Control","QC Department","FAC08","Factory 8","LINE020","Assembly Line 20",8532,49,"0.57",6398,"None","D000","None","None found in batch","54.81","95.58","32.18","Poor","Fail","On Hold","Pending","No","No","null","Inspection completed - 0.57% defect rate","null"
"INSP00000059","2024-12-09","09:22",2024,3,"ORD00000952","PROD000060","Product 60","BATCH00059","INS0010","Inspector 10","Quality Control","QC Department","FAC04","Factory 4","LINE030","Assembly Line 30",6372,90,"1.41",3491,"Misalignment","D004","None","Misalignment found in batch","22.41","97.32","16.54","Poor","Pass","On Hold","Pending","No","No","null","Inspection completed - 1.41% defect rate","photo_INSP00000059.jpg"
"INSP00000060","2024-10-16","17:54",2024,3,"ORD00000116","PROD000061","Product 61","BATCH00060","INS0011","Inspector 11","Quality Control","QC Department","FAC05","Factory 5","LINE001","Assembly Line 1",6026,46,"0.76",2067,"Missing Part","D005","Critical","Missing Part found in batch","62.68","55.49","26.52","Fair","Pass","Completed","Passed","No","Yes","Supervisor 1","Inspection completed - 0.76% defect rate","null"
"INSP00000061","2024-08-12","14:29",2024,1,"ORD00000209","PROD000062","Product 62","BATCH00061","INS0012","Inspector 12","Quality Control","QC Department","FAC06","Factory 6","LINE002","Assembly Line 2",8730,33,"0.38",7003,"Malfunction","D006","Major","Malfunction found in batch","98.44","85.21","29.06","Good","Fail","In Progress","Failed","Yes","No","null","Inspection completed - 0.38% defect rate","photo_INSP00000061.jpg"
"INSP00000062","2024-01-22","13:47",2024,12,"ORD00000546","PROD000063","Product 63","BATCH00062","INS0013","Inspector 13","Quality Control","QC Department","FAC07","Factory 7","LINE003","Assembly Line 3",3766,13,"0.35",3173,"Dimension Error","D007","Minor","Dimension Error found in batch","96.46","76.72","35.66","Fair","Fail","Pending","Conditional Pass","No","No","null","Inspection completed - 0.35% defect rate","photo_INSP00000062.jpg"
"INSP00000063","2024-12-21","09:20",2024,7,"ORD00000452","PROD000064","Product 64","BATCH00063","INS0014","Inspector 14","Quality Control","QC Department","FAC08","Factory 8","LINE004","Assembly Line 4",5579,12,"0.22",2516,"None","D000","Cosmetic","None found in batch","22.05","23.42","1.34","Poor","Pass","On Hold","Pending","No","No","null","Inspection completed - 0.22% defect rate","null"
"INSP00000064","2024-10-15","15:13",2024,3,"ORD00000953","PROD000065","Product 65","BATCH00064","INS0015","Inspector 15","Quality Control","QC Department","FAC01","Factory 1","LINE005","Assembly Line 5",8459,72,"0.85",143,"Crack","D001","None","Crack found in batch","19.89","64.51","41.12","Good","Pass","Completed","Passed","No","Yes","Supervisor 5","Inspection completed - 0.85% defect rate","photo_INSP00000064.jpg"
"INSP00000065","2024-10-24","10:06",2024,4,"ORD00000358","PROD000066","Product 66","BATCH00065","INS0016","Inspector 16","Quality Control","QC Department","FAC02","Factory 2","LINE006","Assembly Line 6",685,59,"8.61",677,"Dent","D002","Critical","Dent found in batch","59.87","32.07","36.46","Poor","Pass","In Progress","Failed","Yes","No","null","Inspection completed - 8.61% defect rate","photo_INSP00000065.jpg"
"INSP00000066","2024-04-21","14:39",2024,5,"ORD00000051","PROD000067","Product 67","BATCH00066","INS0017","Inspector 17","Quality Control","QC Department","FAC03","Factory 3","LINE007","Assembly Line 7",477,5,"1.05",288,"Discoloration","D003","Major","Discoloration found in batch","86.21","32.06","44.05","Fair","Fail","Pending","Conditional Pass","No","No","null","Inspection completed - 1.05% defect rate","null"
"INSP00000067","2024-01-07","14:45",2024,2,"ORD00000824","PROD000068","Product 68","BATCH00067","INS0018","Inspector 18","Quality Control","QC Department","FAC04","Factory 4","LINE008","Assembly Line 8",8190,61,"0.74",4773,"Misalignment","D004","Minor","Misalignment found in batch","98.66","57.35","30.88","Poor","Pass","On Hold","Pending","No","No","null","Inspection completed - 0.74% defect rate","null"
"INSP00000068","2024-04-19","16:47",2024,4,"ORD00000995","PROD000069","Product 69","BATCH00068","INS0019","Inspector 19","Quality Control","QC Department","FAC05","Factory 5","LINE009","Assembly Line 9",3825,39,"1.02",1882,"Missing Part","D005","Cosmetic","Missing Part found in batch","17.42","94.87","43.33","Fair","Fail","Completed","Passed","No","Yes","Supervisor 9","Inspection completed - 1.02% defect rate","null"
"INSP00000069","2024-05-02","09:24",2024,4,"ORD00000729","PROD000070","Product 70","BATCH00069","INS0020","Inspector 20","Quality Control","QC Department","FAC06","Factory 6","LINE010","Assembly Line 10",6814,58,"0.85",1181,"Malfunction","D006","None","Malfunction found in batch","51.15","76.94","43.73","Good","Pass","In Progress","Failed","Yes","No","null","Inspection completed - 0.85% defect rate","photo_INSP00000069.jpg"
"INSP00000070","2024-03-24","15:02",2024,12,"ORD00000478","PROD000071","Product 71","BATCH00070","INS0021","Inspector 21","Quality Control","QC Department","FAC07","Factory 7","LINE011","Assembly Line 11",9905,85,"0.86",1664,"Dimension Error","D007","Critical","Dimension Error found in batch","29.64","83.89","36.37","Fair","Fail","Pending","Conditional Pass","No","No","null","Inspection completed - 0.86% defect rate","photo_INSP00000070.jpg"
"INSP00000071","2024-10-02","17:35",2024,10,"ORD00000971","PROD000072","Product 72","BATCH00071","INS0022","Inspector 22","Quality Control","QC Department","FAC08","Factory 8","LINE012","Assembly Line 12",7657,25,"0.33",3200,"None","D000","Major","None found in batch","55.35","73.17","32.81","Good","Fail","On Hold","Pending","No","No","null","Inspection completed - 0.33% defect rate","photo_INSP00000071.jpg"
"INSP00000072","2024-06-10","12:03",2024,11,"ORD00000621","PROD000073","Product 73","BATCH00072","INS0023","Inspector 23","Quality Control","QC Department","FAC01","Factory 1","LINE013","Assembly Line 13",4355,72,"1.65",308,"Crack","D001","Minor","Crack found in batch","97.38","49.45","9.3","Good","Fail","Completed","Passed","No","Yes","Supervisor 3","Inspection completed - 1.65% defect rate","photo_INSP00000072.jpg"
"INSP00000073","2024-07-07","09:58",2024,2,"ORD00000033","PROD000074","Product 74","BATCH00073","INS0024","Inspector 24","Quality Control","QC Department","FAC02","Factory 2","LINE014","Assembly Line 14",6589,65,"0.99",847,"Dent","D002","Cosmetic","Dent found in batch","32.48","12.53","1.78","Fair","Fail","In Progress","Failed","Yes","No","null","Inspection completed - 0.99% defect rate","null"
"INSP00000074","2024-06-16","08:08",2024,2,"ORD00000734","PROD000075","Product 75","BATCH00074","INS0025","Inspector 25","Quality Control","QC Department","FAC03","Factory 3","LINE015","Assembly Line 15",5184,88,"1.7",4209,"Discoloration","D003","None","Discoloration found in batch","69.65","24.58","19.78","Poor","Fail","Pending","Conditional Pass","No","No","null","Inspection completed - 1.7% defect rate","null"
"INSP00000075","2024-05-25","12:40",2024,7,"ORD00000480","PROD000076","Product 76","BATCH00075","INS0026","Inspector 26","Quality Control","QC Department","FAC04","Factory 4","LINE016","Assembly Line 16",7814,79,"1.01",522,"Misalignment","D004","Critical","Misalignment found in batch","14.75","54.17","36.06","Good","Pass","On Hold","Pending","No","No","null","Inspection completed - 1.01% defect rate","null"
"INSP00000076","2024-05-26","15:15",2024,11,"ORD00000099","PROD000077","Product 77","BATCH00076","INS0027","Inspector 27","Quality Control","QC Department","FAC05","Factory 5","LINE017","Assembly Line 17",5487,75,"1.37",267,"Missing Part","D005","Major","Missing Part found in batch","56.94","21.46","38.75","Poor","Fail","Completed","Passed","No","Yes","Supervisor 7","Inspection completed - 1.37% defect rate","null"
"INSP00000077","2024-07-04","15:27",2024,5,"ORD00000979","PROD000078","Product 78","BATCH00077","INS0028","Inspector 28","Quality Control","QC Department","FAC06","Factory 6","LINE018","Assembly Line 18",9321,70,"0.75",5833,"Malfunction","D006","Minor","Malfunction found in batch","64.63","87.97","39.57","Fair","Fail","In Progress","Failed","Yes","No","null","Inspection completed - 0.75% defect rate","photo_INSP00000077.jpg"
"INSP00000078","2024-06-03","11:50",2024,12,"ORD00000976","PROD000079","Product 79","BATCH00078","INS0029","Inspector 29","Quality Control","QC Department","FAC07","Factory 7","LINE019","Assembly Line 19",2158,75,"3.48",1739,"Dimension Error","D007","Cosmetic","Dimension Error found in batch","39.47","55.64","24.05","Good","Fail","Pending","Conditional Pass","No","No","null","Inspection completed - 3.48% defect rate","null"
"INSP00000079","2024-01-17","14:09",2024,4,"ORD00000813","PROD000080","Product 80","BATCH00079","INS0030","Inspector 30","Quality Control","QC Department","FAC08","Factory 8","LINE020","Assembly Line 20",7694,97,"1.26",522,"None","D000","None","None found in batch","95.26","41.91","42.36","Good","Fail","On Hold","Pending","No","No","null","Inspection completed - 1.26% defect rate","null"
"INSP00000080","2024-06-15","08:12",2024,7,"ORD00000230","PROD000081","Product 81","BATCH00080","INS0031","Inspector 31","Quality Control","QC Department","FAC01","Factory 1","LINE021","Assembly Line 21",7511,88,"1.17",2775,"Crack","D001","Critical","Crack found in batch","49.05","14.82","31.32","Good","Pass","Completed","Passed","No","Yes","Supervisor 1","Inspection completed - 1.17% defect rate","null"
"INSP00000081","2024-11-18","13:04",2024,4,"ORD00000299","PROD000082","Product 82","BATCH00081","INS0032","Inspector 32","Quality Control","QC Department","FAC02","Factory 2","LINE022","Assembly Line 22",460,1,"0.22",121,"Dent","D002","Major","Dent found in batch","36.19","94.66","19.2","Good","Pass","In Progress","Failed","Yes","No","null","Inspection completed - 0.22% defect rate","null"
"INSP00000082","2024-09-07","15:41",2024,6,"ORD00000499","PROD000083","Product 83","BATCH00082","INS0033","Inspector 33","Quality Control","QC Department","FAC03","Factory 3","LINE023","Assembly Line 23",7260,49,"0.67",5620,"Discoloration","D003","Minor","Discoloration found in batch","69.17","55.05","21.39","Good","Fail","Pending","Conditional Pass","No","No","null","Inspection completed - 0.67% defect rate","null"
"INSP00000083","2024-09-09","16:14",2024,1,"ORD00000054","PROD000084","Product 84","BATCH00083","INS0034","Inspector 34","Quality Control","QC Department","FAC04","Factory 4","LINE024","Assembly Line 24",7565,84,"1.11",1842,"Misalignment","D004","Cosmetic","Misalignment found in batch","64.71","66.34","43.69","Fair","Fail","On Hold","Pending","No","No","null","Inspection completed - 1.11% defect rate","null"
"INSP00000084","2024-11-01","14:39",2024,9,"ORD00000839","PROD000085","Product 85","BATCH00084","INS0035","Inspector 35","Quality Control","QC Department","FAC05","Factory 5","LINE025","Assembly Line 25",5957,16,"0.27",1745,"Missing Part","D005","None","Missing Part found in batch","38.55","55.59","43.23","Fair","Pass","Completed","Passed","No","Yes","Supervisor 5","Inspection completed - 0.27% defect rate","null"
"INSP00000085","2024-11-01","10:02",2024,2,"ORD00000036","PROD000086","Product 86","BATCH00085","INS0036","Inspector 36","Quality Control","QC Department","FAC06","Factory 6","LINE026","Assembly Line 26",8104,15,"0.19",1487,"Malfunction","D006","Critical","Malfunction found in batch","63.49","32.51","23.7","Good","Fail","In Progress","Failed","Yes","No","null","Inspection completed - 0.19% defect rate","null"
"INSP00000086","2024-09-28","12:53",2024,6,"ORD00000778","PROD000087","Product 87","BATCH00086","INS0037","Inspector 37","Quality Control","QC Department","FAC07","Factory 7","LINE027","Assembly Line 27",3914,73,"1.87",2843,"Dimension Error","D007","Major","Dimension Error found in batch","72.32","36.14","46.55","Poor","Pass","Pending","Conditional Pass","No","No","null","Inspection completed - 1.87% defect rate","photo_INSP00000086.jpg"
"INSP00000087","2024-08-04","11:17",2024,6,"ORD00000848","PROD000088","Product 88","BATCH00087","INS0038","Inspector 38","Quality Control","QC Department","FAC08","Factory 8","LINE028","Assembly Line 28",238,59,"24.79",34,"None","D000","Minor","None found in batch","23.15","97.72","48.46","Fair","Pass","On Hold","Pending","No","No","null","Inspection completed - 24.79% defect rate","null"
"INSP00000088","2024-05-13","09:04",2024,8,"ORD00000710","PROD000089","Product 89","BATCH00088","INS0039","Inspector 39","Quality Control","QC Department","FAC01","Factory 1","LINE029","Assembly Line 29",858,0,"0",73,"Crack","D001","Cosmetic","Crack found in batch","29.46","10.46","4.4","Poor","Fail","Completed","Passed","No","Yes","Supervisor 9","Inspection completed - 0.0% defect rate","null"
"INSP00000089","2024-05-18","17:38",2024,1,"ORD00000029","PROD000090","Product 90","BATCH00089","INS0040","Inspector 40","Quality Control","QC Department","FAC02","Factory 2","LINE030","Assembly Line 30",8121,72,"0.89",6150,"Dent","D002","None","Dent found in batch","71.39","27.85","39.78","Fair","Pass","In Progress","Failed","Yes","No","null","Inspection completed - 0.89% defect rate","photo_INSP00000089.jpg"
"INSP00000090","2024-11-05","09:05",2024,8,"ORD00000060","PROD000091","Product 91","BATCH00090","INS0041","Inspector 41","Quality Control","QC Department","FAC03","Factory 3","LINE001","Assembly Line 1",9607,67,"0.7",6948,"Discoloration","D003","Critical","Discoloration found in batch","27.72","20.6","44.37","Fair","Fail","Pending","Conditional Pass","No","No","null","Inspection completed - 0.7% defect rate","null"
"INSP00000091","2024-01-21","13:33",2024,6,"ORD00000390","PROD000092","Product 92","BATCH00091","INS0042","Inspector 42","Quality Control","QC Department","FAC04","Factory 4","LINE002","Assembly Line 2",8797,29,"0.33",4371,"Misalignment","D004","Major","Misalignment found in batch","22.87","50.31","4.6","Poor","Pass","On Hold","Pending","No","No","null","Inspection completed - 0.33% defect rate","null"
"INSP00000092","2024-05-07","12:20",2024,3,"ORD00000301","PROD000093","Product 93","BATCH00092","INS0043","Inspector 43","Quality Control","QC Department","FAC05","Factory 5","LINE003","Assembly Line 3",482,38,"7.88",330,"Missing Part","D005","Minor","Missing Part found in batch","75.75","29.28","24.91","Poor","Fail","Completed","Passed","No","Yes","Supervisor 3","Inspection completed - 7.88% defect rate","photo_INSP00000092.jpg"
"INSP00000093","2024-06-03","15:50",2024,10,"ORD00000575","PROD000094","Product 94","BATCH00093","INS0044","Inspector 44","Quality Control","QC Department","FAC06","Factory 6","LINE004","Assembly Line 4",7280,68,"0.93",3577,"Malfunction","D006","Cosmetic","Malfunction found in batch","78.06","63.3","35.64","Good","Fail","In Progress","Failed","Yes","No","null","Inspection completed - 0.93% defect rate","null"
"INSP00000094","2024-10-14","11:49",2024,5,"ORD00000631","PROD000095","Product 95","BATCH00094","INS0045","Inspector 45","Quality Control","QC Department","FAC07","Factory 7","LINE005","Assembly Line 5",2830,51,"1.8",1670,"Dimension Error","D007","None","Dimension Error found in batch","66.65","47.14","20.4","Fair","Pass","Pending","Conditional Pass","No","No","null","Inspection completed - 1.8% defect rate","null"
"INSP00000095","2024-05-05","09:16",2024,7,"ORD00000112","PROD000096","Product 96","BATCH00095","INS0046","Inspector 46","Quality Control","QC Department","FAC08","Factory 8","LINE006","Assembly Line 6",9002,30,"0.33",1316,"None","D000","Critical","None found in batch","47.74","95.14","6.56","Good","Pass","On Hold","Pending","No","No","null","Inspection completed - 0.33% defect rate","photo_INSP00000095.jpg"
"INSP00000096","2024-12-02","15:39",2024,9,"ORD00000230","PROD000097","Product 97","BATCH00096","INS0047","Inspector 47","Quality Control","QC Department","FAC01","Factory 1","LINE007","Assembly Line 7",6910,26,"0.38",4261,"Crack","D001","Major","Crack found in batch","73.75","81.46","36.33","Fair","Fail","Completed","Passed","No","Yes","Supervisor 7","Inspection completed - 0.38% defect rate","photo_INSP00000096.jpg"
"INSP00000097","2024-06-17","09:19",2024,7,"ORD00000843","PROD000098","Product 98","BATCH00097","INS0048","Inspector 48","Quality Control","QC Department","FAC02","Factory 2","LINE008","Assembly Line 8",4117,94,"2.28",3551,"Dent","D002","Minor","Dent found in batch","65.58","76.68","21.18","Fair","Fail","In Progress","Failed","Yes","No","null","Inspection completed - 2.28% defect rate","null"
"INSP00000098","2024-11-24","11:12",2024,4,"ORD00000841","PROD000099","Product 99","BATCH00098","INS0049","Inspector 49","Quality Control","QC Department","FAC03","Factory 3","LINE009","Assembly Line 9",1428,47,"3.29",1160,"Discoloration","D003","Cosmetic","Discoloration found in batch","26.14","83.01","11.09","Fair","Pass","Pending","Conditional Pass","No","No","null","Inspection completed - 3.29% defect rate","photo_INSP00000098.jpg"
"INSP00000099","2024-06-04","16:05",2024,2,"ORD00000445","PROD000100","Product 100","BATCH00099","INS0050","Inspector 50","Quality Control","QC Department","FAC04","Factory 4","LINE010","Assembly Line 10",5333,22,"0.41",4975,"Misalignment","D004","None","Misalignment found in batch","63.36","29.42","33.01","Fair","Fail","On Hold","Pending","No","No","null","Inspection completed - 0.41% defect rate","null"
"INSP00000100","2024-02-01","16:28",2024,9,"ORD00000637","PROD000101","Product 101","BATCH00100","INS0001","Inspector 1","Quality Control","QC Department","FAC05","Factory 5","LINE011","Assembly Line 11",1842,14,"0.76",923,"Missing Part","D005","Critical","Missing Part found in batch","99.19","45.05","37.72","Poor","Fail","Completed","Passed","No","Yes","Supervisor 1","Inspection completed - 0.76% defect rate","null"
"INSP00000101","2024-03-25","12:32",2024,5,"ORD00000219","PROD000102","Product 102","BATCH00101","INS0002","Inspector 2","Quality Control","QC Department","FAC06","Factory 6","LINE012","Assembly Line 12",8494,33,"0.39",3977,"Malfunction","D006","Major","Malfunction found in batch","49.96","14.88","45.1","Poor","Fail","In Progress","Failed","Yes","No","null","Inspection completed - 0.39% defect rate","null"
"INSP00000102","2024-02-25","17:14",2024,9,"ORD00000810","PROD000103","Product 103","BATCH00102","INS0003","Inspector 3","Quality Control","QC Department","FAC07","Factory 7","LINE013","Assembly Line 13",5928,65,"1.1",387,"Dimension Error","D007","Minor","Dimension Error found in batch","49.79","64.31","4.23","Poor","Fail","Pending","Conditional Pass","No","No","null","Inspection completed - 1.1% defect rate","null"
"INSP00000103","2024-06-02","14:13",2024,8,"ORD00000639","PROD000104","Product 104","BATCH00103","INS0004","Inspector 4","Quality Control","QC Department","FAC08","Factory 8","LINE014","Assembly Line 14",7188,61,"0.85",6632,"None","D000","Cosmetic","None found in batch","31.45","17.15","9.94","Good","Pass","On Hold","Pending","No","No","null","Inspection completed - 0.85% defect rate","null"
"INSP00000104","2024-10-09","10:00",2024,11,"ORD00000704","PROD000105","Product 105","BATCH00104","INS0005","Inspector 5","Quality Control","QC Department","FAC01","Factory 1","LINE015","Assembly Line 15",8899,55,"0.62",806,"Crack","D001","None","Crack found in batch","90.75","48.69","30.92","Poor","Pass","Completed","Passed","No","Yes","Supervisor 5","Inspection completed - 0.62% defect rate","null"
"INSP00000105","2024-02-06","16:02",2024,7,"ORD00000740","PROD000106","Product 106","BATCH00105","INS0006","Inspector 6","Quality Control","QC Department","FAC02","Factory 2","LINE016","Assembly Line 16",8840,98,"1.11",5801,"Dent","D002","Critical","Dent found in batch","17.17","11.43","5.99","Poor","Fail","In Progress","Failed","Yes","No","null","Inspection completed - 1.11% defect rate","photo_INSP00000105.jpg"
"INSP00000106","2024-09-07","11:53",2024,11,"ORD00000494","PROD000107","Product 107","BATCH00106","INS0007","Inspector 7","Quality Control","QC Department","FAC03","Factory 3","LINE017","Assembly Line 17",5534,56,"1.01",1614,"Discoloration","D003","Major","Discoloration found in batch","30.78","82.38","1.38","Fair","Pass","Pending","Conditional Pass","No","No","null","Inspection completed - 1.01% defect rate","null"
"INSP00000107","2024-06-17","08:36",2024,1,"ORD00000625","PROD000108","Product 108","BATCH00107","INS0008","Inspector 8","Quality Control","QC Department","FAC04","Factory 4","LINE018","Assembly Line 18",2107,84,"3.99",339,"Misalignment","D004","Minor","Misalignment found in batch","80.09","68.83","20.05","Fair","Fail","On Hold","Pending","No","No","null","Inspection completed - 3.99% defect rate","null"
"INSP00000108","2024-05-26","12:05",2024,12,"ORD00000591","PROD000109","Product 109","BATCH00108","INS0009","Inspector 9","Quality Control","QC Department","FAC05","Factory 5","LINE019","Assembly Line 19",7747,50,"0.65",549,"Missing Part","D005","Cosmetic","Missing Part found in batch","39.73","48.88","31.68","Poor","Fail","Completed","Passed","No","Yes","Supervisor 9","Inspection completed - 0.65% defect rate","null"
"INSP00000109","2024-12-18","11:13",2024,4,"ORD00000855","PROD000110","Product 110","BATCH00109","INS0010","Inspector 10","Quality Control","QC Department","FAC06","Factory 6","LINE020","Assembly Line 20",3986,32,"0.8",179,"Malfunction","D006","None","Malfunction found in batch","61.14","69.89","17.81","Poor","Pass","In Progress","Failed","Yes","No","null","Inspection completed - 0.8% defect rate","photo_INSP00000109.jpg"
"INSP00000110","2024-01-08","15:29",2024,3,"ORD00000636","PROD000111","Product 111","BATCH00110","INS0011","Inspector 11","Quality Control","QC Department","FAC07","Factory 7","LINE021","Assembly Line 21",6675,60,"0.9",5251,"Dimension Error","D007","Critical","Dimension Error found in batch","93.42","66.72","33.5","Good","Fail","Pending","Conditional Pass","No","No","null","Inspection completed - 0.9% defect rate","null"
"INSP00000111","2024-02-22","14:13",2024,3,"ORD00000029","PROD000112","Product 112","BATCH00111","INS0012","Inspector 12","Quality Control","QC Department","FAC08","Factory 8","LINE022","Assembly Line 22",768,50,"6.51",590,"None","D000","Major","None found in batch","18.41","90.22","48.18","Poor","Pass","On Hold","Pending","No","No","null","Inspection completed - 6.51% defect rate","null"
"INSP00000112","2024-07-05","13:43",2024,6,"ORD00000244","PROD000113","Product 113","BATCH00112","INS0013","Inspector 13","Quality Control","QC Department","FAC01","Factory 1","LINE023","Assembly Line 23",1712,78,"4.56",873,"Crack","D001","Minor","Crack found in batch","38.64","65.26","31.77","Fair","Pass","Completed","Passed","No","Yes","Supervisor 3","Inspection completed - 4.56% defect rate","null"
"INSP00000113","2024-10-12","13:04",2024,2,"ORD00000822","PROD000114","Product 114","BATCH00113","INS0014","Inspector 14","Quality Control","QC Department","FAC02","Factory 2","LINE024","Assembly Line 24",5041,92,"1.83",2685,"Dent","D002","Cosmetic","Dent found in batch","80.49","42.46","31.5","Poor","Pass","In Progress","Failed","Yes","No","null","Inspection completed - 1.83% defect rate","null"
"INSP00000114","2024-06-12","12:34",2024,10,"ORD00000131","PROD000115","Product 115","BATCH00114","INS0015","Inspector 15","Quality Control","QC Department","FAC03","Factory 3","LINE025","Assembly Line 25",422,27,"6.4",348,"Discoloration","D003","None","Discoloration found in batch","26.86","57.62","48.39","Fair","Pass","Pending","Conditional Pass","No","No","null","Inspection completed - 6.4% defect rate","photo_INSP00000114.jpg"
"INSP00000115","2024-01-07","08:56",2024,7,"ORD00000407","PROD000116","Product 116","BATCH00115","INS0016","Inspector 16","Quality Control","QC Department","FAC04","Factory 4","LINE026","Assembly Line 26",3400,34,"1",1142,"Misalignment","D004","Critical","Misalignment found in batch","94.4","75.12","21.84","Poor","Fail","On Hold","Pending","No","No","null","Inspection completed - 1.0% defect rate","null"
"INSP00000116","2024-05-20","11:40",2024,5,"ORD00000357","PROD000117","Product 117","BATCH00116","INS0017","Inspector 17","Quality Control","QC Department","FAC05","Factory 5","LINE027","Assembly Line 27",6235,75,"1.2",1801,"Missing Part","D005","Major","Missing Part found in batch","36.66","46.05","42.8","Poor","Fail","Completed","Passed","No","Yes","Supervisor 7","Inspection completed - 1.2% defect rate","null"
"INSP00000117","2024-04-04","09:57",2024,9,"ORD00000918","PROD000118","Product 118","BATCH00117","INS0018","Inspector 18","Quality Control","QC Department","FAC06","Factory 6","LINE028","Assembly Line 28",8287,97,"1.17",2586,"Malfunction","D006","Minor","Malfunction found in batch","68.37","43.43","17.37","Poor","Pass","In Progress","Failed","Yes","No","null","Inspection completed - 1.17% defect rate","photo_INSP00000117.jpg"
"INSP00000118","2024-07-22","08:30",2024,8,"ORD00000589","PROD000119","Product 119","BATCH00118","INS0019","Inspector 19","Quality Control","QC Department","FAC07","Factory 7","LINE029","Assembly Line 29",5526,80,"1.45",293,"Dimension Error","D007","Cosmetic","Dimension Error found in batch","93.32","16.4","29.48","Poor","Pass","Pending","Conditional Pass","No","No","null","Inspection completed - 1.45% defect rate","photo_INSP00000118.jpg"
"INSP00000119","2024-11-16","14:00",2024,11,"ORD00000868","PROD000120","Product 120","BATCH00119","INS0020","Inspector 20","Quality Control","QC Department","FAC08","Factory 8","LINE030","Assembly Line 30",4810,30,"0.62",1454,"None","D000","None","None found in batch","47.28","14.64","29.84","Good","Fail","On Hold","Pending","No","No","null","Inspection completed - 0.62% defect rate","null"
"INSP00000120","2024-07-22","08:00",2024,6,"ORD00000088","PROD000121","Product 121","BATCH00120","INS0021","Inspector 21","Quality Control","QC Department","FAC01","Factory 1","LINE001","Assembly Line 1",2563,12,"0.47",723,"Crack","D001","Critical","Crack found in batch","50.09","23.61","47.71","Fair","Fail","Completed","Passed","No","Yes","Supervisor 1","Inspection completed - 0.47% defect rate","null"
"INSP00000121","2024-01-02","11:05",2024,10,"ORD00000552","PROD000122","Product 122","BATCH00121","INS0022","Inspector 22","Quality Control","QC Department","FAC02","Factory 2","LINE002","Assembly Line 2",711,47,"6.61",413,"Dent","D002","Major","Dent found in batch","39.27","93.12","44.31","Fair","Pass","In Progress","Failed","Yes","No","null","Inspection completed - 6.61% defect rate","photo_INSP00000121.jpg"
"INSP00000122","2024-02-28","13:47",2024,6,"ORD00000081","PROD000123","Product 123","BATCH00122","INS0023","Inspector 23","Quality Control","QC Department","FAC03","Factory 3","LINE003","Assembly Line 3",8453,44,"0.52",1953,"Discoloration","D003","Minor","Discoloration found in batch","28.35","14.68","10.65","Poor","Pass","Pending","Conditional Pass","No","No","null","Inspection completed - 0.52% defect rate","null"
"INSP00000123","2024-09-05","09:34",2024,8,"ORD00000835","PROD000124","Product 124","BATCH00123","INS0024","Inspector 24","Quality Control","QC Department","FAC04","Factory 4","LINE004","Assembly Line 4",5997,2,"0.03",5684,"Misalignment","D004","Cosmetic","Misalignment found in batch","36.1","85.98","45.8","Poor","Fail","On Hold","Pending","No","No","null","Inspection completed - 0.03% defect rate","null"
"INSP00000124","2024-12-15","11:13",2024,7,"ORD00000319","PROD000125","Product 125","BATCH00124","INS0025","Inspector 25","Quality Control","QC Department","FAC05","Factory 5","LINE005","Assembly Line 5",4333,67,"1.55",1781,"Missing Part","D005","None","Missing Part found in batch","54.77","87.23","28.06","Fair","Pass","Completed","Passed","No","Yes","Supervisor 5","Inspection completed - 1.55% defect rate","photo_INSP00000124.jpg"
"INSP00000125","2024-07-02","17:51",2024,5,"ORD00000052","PROD000126","Product 126","BATCH00125","INS0026","Inspector 26","Quality Control","QC Department","FAC06","Factory 6","LINE006","Assembly Line 6",9062,55,"0.61",835,"Malfunction","D006","Critical","Malfunction found in batch","59.36","50.07","15.65","Good","Fail","In Progress","Failed","Yes","No","null","Inspection completed - 0.61% defect rate","photo_INSP00000125.jpg"
"INSP00000126","2024-10-10","16:18",2024,3,"ORD00000201","PROD000127","Product 127","BATCH00126","INS0027","Inspector 27","Quality Control","QC Department","FAC07","Factory 7","LINE007","Assembly Line 7",8293,52,"0.63",7365,"Dimension Error","D007","Major","Dimension Error found in batch","66.66","64.19","17.01","Good","Fail","Pending","Conditional Pass","No","No","null","Inspection completed - 0.63% defect rate","photo_INSP00000126.jpg"
"INSP00000127","2024-11-16","09:26",2024,4,"ORD00000103","PROD000128","Product 128","BATCH00127","INS0028","Inspector 28","Quality Control","QC Department","FAC08","Factory 8","LINE008","Assembly Line 8",3667,65,"1.77",2960,"None","D000","Minor","None found in batch","78.74","47.32","17.06","Fair","Pass","On Hold","Pending","No","No","null","Inspection completed - 1.77% defect rate","photo_INSP00000127.jpg"
"INSP00000128","2024-08-01","16:55",2024,11,"ORD00000509","PROD000129","Product 129","BATCH00128","INS0029","Inspector 29","Quality Control","QC Department","FAC01","Factory 1","LINE009","Assembly Line 9",6610,26,"0.39",6491,"Crack","D001","Cosmetic","Crack found in batch","75.38","84.73","23.84","Poor","Pass","Completed","Passed","No","Yes","Supervisor 9","Inspection completed - 0.39% defect rate","photo_INSP00000128.jpg"
"INSP00000129","2024-01-08","10:32",2024,11,"ORD00000050","PROD000130","Product 130","BATCH00129","INS0030","Inspector 30","Quality Control","QC Department","FAC02","Factory 2","LINE010","Assembly Line 10",2277,8,"0.35",1496,"Dent","D002","None","Dent found in batch","67.52","33.3","22.85","Poor","Pass","In Progress","Failed","Yes","No","null","Inspection completed - 0.35% defect rate","photo_INSP00000129.jpg"
"INSP00000130","2024-01-05","15:03",2024,1,"ORD00000648","PROD000131","Product 131","BATCH00130","INS0031","Inspector 31","Quality Control","QC Department","FAC03","Factory 3","LINE011","Assembly Line 11",9852,37,"0.38",4764,"Discoloration","D003","Critical","Discoloration found in batch","17.42","30.63","34.92","Poor","Pass","Pending","Conditional Pass","No","No","null","Inspection completed - 0.38% defect rate","null"
"INSP00000131","2024-08-25","13:35",2024,4,"ORD00000654","PROD000132","Product 132","BATCH00131","INS0032","Inspector 32","Quality Control","QC Department","FAC04","Factory 4","LINE012","Assembly Line 12",2892,28,"0.97",998,"Misalignment","D004","Major","Misalignment found in batch","96.85","94.51","34.45","Poor","Pass","On Hold","Pending","No","No","null","Inspection completed - 0.97% defect rate","null"
"INSP00000132","2024-12-18","09:29",2024,8,"ORD00000048","PROD000133","Product 133","BATCH00132","INS0033","Inspector 33","Quality Control","QC Department","FAC05","Factory 5","LINE013","Assembly Line 13",212,29,"13.68",14,"Missing Part","D005","Minor","Missing Part found in batch","34.87","19.53","46.77","Poor","Fail","Completed","Passed","No","Yes","Supervisor 3","Inspection completed - 13.68% defect rate","photo_INSP00000132.jpg"
"INSP00000133","2024-03-21","14:49",2024,11,"ORD00000980","PROD000134","Product 134","BATCH00133","INS0034","Inspector 34","Quality Control","QC Department","FAC06","Factory 6","LINE014","Assembly Line 14",4988,42,"0.84",1408,"Malfunction","D006","Cosmetic","Malfunction found in batch","65.91","89.6","34.96","Fair","Fail","In Progress","Failed","Yes","No","null","Inspection completed - 0.84% defect rate","null"
"INSP00000134","2024-10-09","12:02",2024,5,"ORD00000350","PROD000135","Product 135","BATCH00134","INS0035","Inspector 35","Quality Control","QC Department","FAC07","Factory 7","LINE015","Assembly Line 15",1296,65,"5.02",204,"Dimension Error","D007","None","Dimension Error found in batch","87.65","77.99","29.91","Poor","Pass","Pending","Conditional Pass","No","No","null","Inspection completed - 5.02% defect rate","photo_INSP00000134.jpg"
"INSP00000135","2024-04-24","10:21",2024,6,"ORD00000235","PROD000136","Product 136","BATCH00135","INS0036","Inspector 36","Quality Control","QC Department","FAC08","Factory 8","LINE016","Assembly Line 16",8218,2,"0.02",3860,"None","D000","Critical","None found in batch","57.71","70.43","46.16","Poor","Pass","On Hold","Pending","No","No","null","Inspection completed - 0.02% defect rate","photo_INSP00000135.jpg"
"INSP00000136","2024-09-13","16:53",2024,4,"ORD00000806","PROD000137","Product 137","BATCH00136","INS0037","Inspector 37","Quality Control","QC Department","FAC01","Factory 1","LINE017","Assembly Line 17",8836,54,"0.61",2716,"Crack","D001","Major","Crack found in batch","10.17","83.74","45.28","Good","Pass","Completed","Passed","No","Yes","Supervisor 7","Inspection completed - 0.61% defect rate","photo_INSP00000136.jpg"
"INSP00000137","2024-08-02","15:05",2024,9,"ORD00000431","PROD000138","Product 138","BATCH00137","INS0038","Inspector 38","Quality Control","QC Department","FAC02","Factory 2","LINE018","Assembly Line 18",8048,50,"0.62",1140,"Dent","D002","Minor","Dent found in batch","82.66","32.21","22.92","Good","Fail","In Progress","Failed","Yes","No","null","Inspection completed - 0.62% defect rate","null"
"INSP00000138","2024-03-24","13:41",2024,1,"ORD00000019","PROD000139","Product 139","BATCH00138","INS0039","Inspector 39","Quality Control","QC Department","FAC03","Factory 3","LINE019","Assembly Line 19",2740,48,"1.75",384,"Discoloration","D003","Cosmetic","Discoloration found in batch","79.47","37.61","20.09","Fair","Fail","Pending","Conditional Pass","No","No","null","Inspection completed - 1.75% defect rate","photo_INSP00000138.jpg"
"INSP00000139","2024-12-11","09:02",2024,4,"ORD00000386","PROD000140","Product 140","BATCH00139","INS0040","Inspector 40","Quality Control","QC Department","FAC04","Factory 4","LINE020","Assembly Line 20",9787,8,"0.08",4782,"Misalignment","D004","None","Misalignment found in batch","97.81","85.7","24.13","Good","Fail","On Hold","Pending","No","No","null","Inspection completed - 0.08% defect rate","null"
"INSP00000140","2024-08-09","14:28",2024,1,"ORD00000424","PROD000141","Product 141","BATCH00140","INS0041","Inspector 41","Quality Control","QC Department","FAC05","Factory 5","LINE021","Assembly Line 21",226,32,"14.16",196,"Missing Part","D005","Critical","Missing Part found in batch","37.56","90.17","34.23","Good","Fail","Completed","Passed","No","Yes","Supervisor 1","Inspection completed - 14.16% defect rate","null"
"INSP00000141","2024-01-13","08:39",2024,5,"ORD00000959","PROD000142","Product 142","BATCH00141","INS0042","Inspector 42","Quality Control","QC Department","FAC06","Factory 6","LINE022","Assembly Line 22",6297,87,"1.38",1411,"Malfunction","D006","Major","Malfunction found in batch","90.53","73.6","49.71","Good","Fail","In Progress","Failed","Yes","No","null","Inspection completed - 1.38% defect rate","photo_INSP00000141.jpg"
"INSP00000142","2024-11-26","10:25",2024,9,"ORD00000661","PROD000143","Product 143","BATCH00142","INS0043","Inspector 43","Quality Control","QC Department","FAC07","Factory 7","LINE023","Assembly Line 23",590,71,"12.03",183,"Dimension Error","D007","Minor","Dimension Error found in batch","50.65","68.53","13.56","Good","Fail","Pending","Conditional Pass","No","No","null","Inspection completed - 12.03% defect rate","null"
"INSP00000143","2024-06-10","12:01",2024,8,"ORD00000977","PROD000144","Product 144","BATCH00143","INS0044","Inspector 44","Quality Control","QC Department","FAC08","Factory 8","LINE024","Assembly Line 24",5867,60,"1.02",1644,"None","D000","Cosmetic","None found in batch","94.26","95.83","5.23","Good","Pass","On Hold","Pending","No","No","null","Inspection completed - 1.02% defect rate","photo_INSP00000143.jpg"
"INSP00000144","2024-06-20","17:49",2024,3,"ORD00000879","PROD000145","Product 145","BATCH00144","INS0045","Inspector 45","Quality Control","QC Department","FAC01","Factory 1","LINE025","Assembly Line 25",7939,23,"0.29",4143,"Crack","D001","None","Crack found in batch","23.5","89.54","10.46","Poor","Fail","Completed","Passed","No","Yes","Supervisor 5","Inspection completed - 0.29% defect rate","null"
"INSP00000145","2024-02-11","17:10",2024,10,"ORD00000907","PROD000146","Product 146","BATCH00145","INS0046","Inspector 46","Quality Control","QC Department","FAC02","Factory 2","LINE026","Assembly Line 26",6009,47,"0.78",5734,"Dent","D002","Critical","Dent found in batch","37.15","67.81","41.85","Poor","Pass","In Progress","Failed","Yes","No","null","Inspection completed - 0.78% defect rate","null"
"INSP00000146","2024-06-08","15:24",2024,8,"ORD00000599","PROD000147","Product 147","BATCH00146","INS0047","Inspector 47","Quality Control","QC Department","FAC03","Factory 3","LINE027","Assembly Line 27",6152,30,"0.49",6057,"Discoloration","D003","Major","Discoloration found in batch","14.99","21.66","6.97","Good","Pass","Pending","Conditional Pass","No","No","null","Inspection completed - 0.49% defect rate","photo_INSP00000146.jpg"
"INSP00000147","2024-12-01","12:27",2024,11,"ORD00000435","PROD000148","Product 148","BATCH00147","INS0048","Inspector 48","Quality Control","QC Department","FAC04","Factory 4","LINE028","Assembly Line 28",4673,94,"2.01",3464,"Misalignment","D004","Minor","Misalignment found in batch","72.49","96.02","42.23","Good","Fail","On Hold","Pending","No","No","null","Inspection completed - 2.01% defect rate","null"
"INSP00000148","2024-10-09","13:49",2024,5,"ORD00000916","PROD000149","Product 149","BATCH00148","INS0049","Inspector 49","Quality Control","QC Department","FAC05","Factory 5","LINE029","Assembly Line 29",7603,43,"0.57",4141,"Missing Part","D005","Cosmetic","Missing Part found in batch","60.88","37.82","39.47","Poor","Pass","Completed","Passed","No","Yes","Supervisor 9","Inspection completed - 0.57% defect rate","photo_INSP00000148.jpg"
"INSP00000149","2024-02-06","08:42",2024,5,"ORD00000074","PROD000150","Product 150","BATCH00149","INS0050","Inspector 50","Quality Control","QC Department","FAC06","Factory 6","LINE030","Assembly Line 30",4243,94,"2.22",2916,"Malfunction","D006","None","Malfunction found in batch","17.35","42.73","21.75","Poor","Pass","In Progress","Failed","Yes","No","null","Inspection completed - 2.22% defect rate","photo_INSP00000149.jpg"
"INSP00000150","2024-12-21","11:49",2024,8,"ORD00000442","PROD000001","Product 1","BATCH00150","INS0001","Inspector 1","Quality Control","QC Department","FAC07","Factory 7","LINE001","Assembly Line 1",5865,7,"0.12",5638,"Dimension Error","D007","Critical","Dimension Error found in batch","92.8","67.47","17.23","Poor","Pass","Pending","Conditional Pass","No","No","null","Inspection completed - 0.12% defect rate","photo_INSP00000150.jpg"
"INSP00000151","2024-03-13","08:13",2024,7,"ORD00000023","PROD000002","Product 2","BATCH00151","INS0002","Inspector 2","Quality Control","QC Department","FAC08","Factory 8","LINE002","Assembly Line 2",7860,73,"0.93",4644,"None","D000","Major","None found in batch","88.63","48.26","38.26","Good","Fail","On Hold","Pending","No","No","null","Inspection completed - 0.93% defect rate","null"
"INSP00000152","2024-05-04","12:41",2024,5,"ORD00000635","PROD000003","Product 3","BATCH00152","INS0003","Inspector 3","Quality Control","QC Department","FAC01","Factory 1","LINE003","Assembly Line 3",7565,65,"0.86",1042,"Crack","D001","Minor","Crack found in batch","24.84","14.77","21.47","Poor","Fail","Completed","Passed","No","Yes","Supervisor 3","Inspection completed - 0.86% defect rate","photo_INSP00000152.jpg"
"INSP00000153","2024-01-04","17:07",2024,11,"ORD00000787","PROD000004","Product 4","BATCH00153","INS0004","Inspector 4","Quality Control","QC Department","FAC02","Factory 2","LINE004","Assembly Line 4",8673,15,"0.17",4808,"Dent","D002","Cosmetic","Dent found in batch","16.17","88.48","25.91","Fair","Pass","In Progress","Failed","Yes","No","null","Inspection completed - 0.17% defect rate","null"
"INSP00000154","2024-05-22","11:37",2024,11,"ORD00000481","PROD000005","Product 5","BATCH00154","INS0005","Inspector 5","Quality Control","QC Department","FAC03","Factory 3","LINE005","Assembly Line 5",7425,78,"1.05",2936,"Discoloration","D003","None","Discoloration found in batch","33.94","82.77","27.31","Good","Pass","Pending","Conditional Pass","No","No","null","Inspection completed - 1.05% defect rate","photo_INSP00000154.jpg"
"INSP00000155","2024-09-22","EIGHT:twentyFour",2024,11,"ORD00000359","PROD000006","Product 6","BATCH00155","INS0006","Inspector 6","Quality Control","QC Department","FAC04","Factory 4","LINE006","Assembly Line 6",6739,56,"0.83",1125,"Misalignment","D004","Critical","Misalignment found in batch","27.4","33.04","36.2","Good","Fail","On Hold","Pending","No","No","null","Inspection completed - 0.83% defect rate","null"
"INSP00000156","2024-05-11","09:31",2024,4,"ORD00000804","PROD000007","Product 7","BATCH00156","INS0007","Inspector 7","Quality Control","QC Department","FAC05","Factory 5","LINE007","Assembly Line 7",7013,26,"0.37",6993,"Missing Part","D005","Major","Missing Part found in batch","33.55","42.52","9.63","Fair","Fail","Completed","Passed","No","Yes","Supervisor 7","Inspection completed - 0.37% defect rate","photo_INSP00000156.jpg"
"INSP00000157","2024-04-15","08:52",2024,1,"ORD00000993","PROD000008","Product 8","BATCH00157","INS0008","Inspector 8","Quality Control","QC Department","FAC06","Factory 6","LINE008","Assembly Line 8",6074,89,"1.47",596,"Malfunction","D006","Minor","Malfunction found in batch","93.02","42.76","26.8","Good","Fail","In Progress","Failed","Yes","No","null","Inspection completed - 1.47% defect rate","null"
"INSP00000158","2024-07-26","11:29",2024,10,"ORD00000631","PROD000009","Product 9","BATCH00158","INS0009","Inspector 9","Quality Control","QC Department","FAC07","Factory 7","LINE009","Assembly Line 9",934,48,"5.14",564,"Dimension Error","D007","Cosmetic","Dimension Error found in batch","23.78","99.16","46.19","Good","Fail","Pending","Conditional Pass","No","No","null","Inspection completed - 5.14% defect rate","null"
"INSP00000159","2024-04-06","15:45",2024,6,"ORD00000527","PROD000010","Product 10","BATCH00159","INS0010","Inspector 10","Quality Control","QC Department","FAC08","Factory 8","LINE010","Assembly Line 10",1102,75,"6.81",1045,"None","D000","None","None found in batch","29.46","93.22","38.18","Good","Fail","On Hold","Pending","No","No","null","Inspection completed - 6.81% defect rate","photo_INSP00000159.jpg"
"INSP00000160","2024-05-02","15:54",2024,1,"ORD00000934","PROD000011","Product 11","BATCH00160","INS0011","Inspector 11","Quality Control","QC Department","FAC01","Factory 1","LINE011","Assembly Line 11",2400,88,"3.67",595,"Crack","D001","Critical","Crack found in batch","58.22","45.8","23.32","Good","Fail","Completed","Passed","No","Yes","Supervisor 1","Inspection completed - 3.67% defect rate","null"
"INSP00000161","2024-12-20","15:59",2024,4,"ORD00000615","PROD000012","Product 12","BATCH00161","INS0012","Inspector 12","Quality Control","QC Department","FAC02","Factory 2","LINE012","Assembly Line 12",7759,24,"0.31",6071,"Dent","D002","Major","Dent found in batch","45.98","93.3","21.97","Good","Fail","In Progress","Failed","Yes","No","null","Inspection completed - 0.31% defect rate","null"
"INSP00000162","2024-01-26","13:57",2024,9,"ORD00000400","PROD000013","Product 13","BATCH00162","INS0013","Inspector 13","Quality Control","QC Department","FAC03","Factory 3","LINE013","Assembly Line 13",1048,94,"8.97",845,"Discoloration","D003","Minor","Discoloration found in batch","45.96","51.36","19.41","Poor","Fail","Pending","Conditional Pass","No","No","null","Inspection completed - 8.97% defect rate","photo_INSP00000162.jpg"
"INSP00000163","2024-02-13","10:25",2024,10,"ORD00000946","PROD000014","Product 14","BATCH00163","INS0014","Inspector 14","Quality Control","QC Department","FAC04","Factory 4","LINE014","Assembly Line 14",1887,21,"1.11",900,"Misalignment","D004","Cosmetic","Misalignment found in batch","46.09","87.59","4.15","Good","Fail","On Hold","Pending","No","No","null","Inspection completed - 1.11% defect rate","null"
"INSP00000164","2024-11-01","17:10",2024,3,"ORD00000572","PROD000015","Product 15","BATCH00164","INS0015","Inspector 15","Quality Control","QC Department","FAC05","Factory 5","LINE015","Assembly Line 15",2850,5,"0.18",103,"Missing Part","D005","None","Missing Part found in batch","75.68","55.9","26.18","Good","Pass","Completed","Passed","No","Yes","Supervisor 5","Inspection completed - 0.18% defect rate","photo_INSP00000164.jpg"
"INSP00000165","2024-09-17","14:24",2024,10,"ORD00000705","PROD000016","Product 16","BATCH00165","INS0016","Inspector 16","Quality Control","QC Department","FAC06","Factory 6","LINE016","Assembly Line 16",9945,68,"0.68",1240,"Malfunction","D006","Critical","Malfunction found in batch","25.8","57.63","15.33","Good","Pass","In Progress","Failed","Yes","No","null","Inspection completed - 0.68% defect rate","null"
"INSP00000166","2024-02-28","10:47",2024,9,"ORD00000030","PROD000017","Product 17","BATCH00166","INS0017","Inspector 17","Quality Control","QC Department","FAC07","Factory 7","LINE017","Assembly Line 17",1928,83,"4.3",98,"Dimension Error","D007","Major","Dimension Error found in batch","85.75","93.92","30.43","Fair","Pass","Pending","Conditional Pass","No","No","null","Inspection completed - 4.3% defect rate","photo_INSP00000166.jpg"
"INSP00000167","2024-02-24","16:34",2024,8,"ORD00000601","PROD000018","Product 18","BATCH00167","INS0018","Inspector 18","Quality Control","QC Department","FAC08","Factory 8","LINE018","Assembly Line 18",7918,54,"0.68",7118,"None","D000","Minor","None found in batch","11.51","53.6","23.7","Fair","Fail","On Hold","Pending","No","No","null","Inspection completed - 0.68% defect rate","photo_INSP00000167.jpg"
"INSP00000168","2024-09-14","15:59",2024,1,"ORD00000777","PROD000019","Product 19","BATCH00168","INS0019","Inspector 19","Quality Control","QC Department","FAC01","Factory 1","LINE019","Assembly Line 19",3959,50,"1.26",3145,"Crack","D001","Cosmetic","Crack found in batch","27.87","87.48","3.52","Poor","Pass","Completed","Passed","No","Yes","Supervisor 9","Inspection completed - 1.26% defect rate","null"
"INSP00000169","2024-09-06","17:05",2024,3,"ORD00000173","PROD000020","Product 20","BATCH00169","INS0020","Inspector 20","Quality Control","QC Department","FAC02","Factory 2","LINE020","Assembly Line 20",3238,16,"0.49",2744,"Dent","D002","None","Dent found in batch","64.07","71.34","40.56","Fair","Pass","In Progress","Failed","Yes","No","null","Inspection completed - 0.49% defect rate","null"
"INSP00000170","2024-01-03","09:46",2024,12,"ORD00000833","PROD000021","Product 21","BATCH00170","INS0021","Inspector 21","Quality Control","QC Department","FAC03","Factory 3","LINE021","Assembly Line 21",9697,35,"0.36",8959,"Discoloration","D003","Critical","Discoloration found in batch","59.98","75.2","42.53","Good","Fail","Pending","Conditional Pass","No","No","null","Inspection completed - 0.36% defect rate","null"
"INSP00000171","2024-10-20","12:31",2024,8,"ORD00000615","PROD000022","Product 22","BATCH00171","INS0022","Inspector 22","Quality Control","QC Department","FAC04","Factory 4","LINE022","Assembly Line 22",336,62,"18.45",97,"Misalignment","D004","Major","Misalignment found in batch","77.82","15.89","13.84","Fair","Pass","On Hold","Pending","No","No","null","Inspection completed - 18.45% defect rate","photo_INSP00000171.jpg"
"INSP00000172","2024-10-17","11:01",2024,8,"ORD00000769","PROD000023","Product 23","BATCH00172","INS0023","Inspector 23","Quality Control","QC Department","FAC05","Factory 5","LINE023","Assembly Line 23",1062,84,"7.91",972,"Missing Part","D005","Minor","Missing Part found in batch","23.48","82.83","21.41","Good","Pass","Completed","Passed","No","Yes","Supervisor 3","Inspection completed - 7.91% defect rate","null"
"INSP00000173","2024-07-13","14:39",2024,11,"ORD00000175","PROD000024","Product 24","BATCH00173","INS0024","Inspector 24","Quality Control","QC Department","FAC06","Factory 6","LINE024","Assembly Line 24",900,63,"7",564,"Malfunction","D006","Cosmetic","Malfunction found in batch","75.88","57.9","27.45","Poor","Fail","In Progress","Failed","Yes","No","null","Inspection completed - 7.0% defect rate","null"
"INSP00000174","2024-05-17","13:15",2024,1,"ORD00000329","PROD000025","Product 25","BATCH00174","INS0025","Inspector 25","Quality Control","QC Department","FAC07","Factory 7","LINE025","Assembly Line 25",5597,56,"1",3217,"Dimension Error","D007","None","Dimension Error found in batch","98.03","66.4","16.81","Good","Fail","Pending","Conditional Pass","No","No","null","Inspection completed - 1.0% defect rate","photo_INSP00000174.jpg"
"INSP00000175","2024-09-06","15:37",2024,7,"ORD00000516","PROD000026","Product 26","BATCH00175","INS0026","Inspector 26","Quality Control","QC Department","FAC08","Factory 8","LINE026","Assembly Line 26",4363,30,"0.69",130,"None","D000","Critical","None found in batch","70.45","71.06","40.47","Fair","Pass","On Hold","Pending","No","No","null","Inspection completed - 0.69% defect rate","photo_INSP00000175.jpg"
"INSP00000176","2024-02-04","17:54",2024,9,"ORD00000489","PROD000027","Product 27","BATCH00176","INS0027","Inspector 27","Quality Control","QC Department","FAC01","Factory 1","LINE027","Assembly Line 27",9616,29,"0.3",5952,"Crack","D001","Major","Crack found in batch","31.15","14.78","2.8","Good","Pass","Completed","Passed","No","Yes","Supervisor 7","Inspection completed - 0.3% defect rate","photo_INSP00000176.jpg"
"INSP00000177","2024-10-21","13:07",2024,12,"ORD00000027","PROD000028","Product 28","BATCH00177","INS0028","Inspector 28","Quality Control","QC Department","FAC02","Factory 2","LINE028","Assembly Line 28",8778,85,"0.97",1055,"Dent","D002","Minor","Dent found in batch","52.7","30.38","16.84","Good","Fail","In Progress","Failed","Yes","No","null","Inspection completed - 0.97% defect rate","null"
"INSP00000178","2024-12-15","09:55",2024,3,"ORD00000152","PROD000029","Product 29","BATCH00178","INS0029","Inspector 29","null","QC Department","FAC03","Factory 3","LINE029","Assembly Line 29",5023,9,"0.18",948,"Discoloration","D003","Cosmetic","Discoloration found in batch","94.84","65.03","8.15","Poor","Pass","Pending","Conditional Pass","No","No","null","Inspection completed - 0.18% defect rate","null"
"INSP00000179","2024-07-20","11:49",2024,10,"ORD00000146","PROD000030","Product 30","BATCH00179","INS0030","Inspector 30","Quality Control","QC Department","FAC04","Factory 4","LINE030","Assembly Line 30",5360,69,"1.29",4610,"Misalignment","D004","None","Misalignment found in batch","77.4","26.8","48.39","Good","Pass","On Hold","Pending","No","No","null","Inspection completed - 1.29% defect rate","photo_INSP00000179.jpg"
"INSP00000180","2024-03-07","11:39",2024,3,"ORD00000859","PROD000031","Product 31","BATCH00180","INS0031","Inspector 31","Quality Control","QC Department","FAC05","Factory 5","LINE001","Assembly Line 1",4181,55,"1.32",1064,"Missing Part","D005","Critical","Missing Part found in batch","93.38","40.61","47.44","Fair","Pass","Completed","Passed","No","Yes","Supervisor 1","Inspection completed - 1.32% defect rate","null"
"INSP00000181","2024-08-07","16:58",2024,10,"ORD00000519","PROD000032","Product 32","BATCH00181","INS0032","Inspector 32","Quality Control","QC Department","FAC06","Factory 6","LINE002","Assembly Line 2",9424,67,"0.71",3508,"Malfunction","D006","Major","Malfunction found in batch","56.85","40.62","37.15","Good","Fail","In Progress","Failed","Yes","No","null","Inspection completed - 0.71% defect rate","null"
"INSP00000182","2024-03-16","17:18",2024,1,"ORD00000757","PROD000033","Product 33","BATCH00182","INS0033","Inspector 33","Quality Control","QC Department","FAC07","Factory 7","LINE003","Assembly Line 3",6979,17,"0.24",4025,"Dimension Error","D007","Minor","Dimension Error found in batch","13.42","97.27","41.87","Fair","Fail","Pending","Conditional Pass","No","No","null","Inspection completed - 0.24% defect rate","null"
"INSP00000183","2024-07-04","10:14",2024,5,"ORD00000371","PROD000034","Product 34","BATCH00183","INS0034","Inspector 34","Quality Control","QC Department","FAC08","Factory 8","LINE004","Assembly Line 4",2991,42,"1.4",899,"None","D000","Cosmetic","None found in batch","34.18","24.24","48.06","Fair","Pass","On Hold","Pending","No","No","null","Inspection completed - 1.4% defect rate","photo_INSP00000183.jpg"
"INSP00000184","2024-12-16","16:24",2024,12,"ORD00000985","PROD000035","Product 35","BATCH00184","INS0035","Inspector 35","null","QC Department","FAC01","Factory 1","LINE005","Assembly Line 5",3744,100,"2.67",1485,"Crack","D001","None","Crack found in batch","34.92","92.66","40.39","Good","Fail","Completed","Passed","No","Yes","Supervisor 5","Inspection completed - 2.67% defect rate","photo_INSP00000184.jpg"
"INSP00000185","2024-07-12","09:13",2024,9,"ORD00000578","PROD000036","Product 36","BATCH00185","INS0036","Inspector 36","Quality Control","QC Department","FAC02","Factory 2","LINE006","Assembly Line 6",130,26,"20",90,"Dent","D002","Critical","Dent found in batch","76.59","25.17","49.44","Fair","Pass","In Progress","Failed","Yes","No","null","Inspection completed - 20.0% defect rate","photo_INSP00000185.jpg"
"INSP00000186","2024-02-31","14:48",2024,4,"ORD00000734","PROD000037","Product 37","BATCH00186","INS0037","Inspector 37","Quality Control","QC Department","FAC03","Factory 3","LINE007","Assembly Line 7",3297,25,"0.76",1381,"Discoloration","D003","Major","Discoloration found in batch","12.99","13.18","41.61","Fair","Pass","Pending","Conditional Pass","No","No","null","Inspection completed - 0.76% defect rate","null"
"INSP00000187","2024-06-26","12:25",2024,3,"ORD00000040","PROD000038","Product 38","BATCH00187","INS0038","Inspector 38","Quality Control","QC Department","FAC04","Factory 4","LINE008","Assembly Line 8",8721,33,"0.38",4021,"Misalignment","D004","Minor","Misalignment found in batch","42.72","38.26","11.49","Fair","Pass","On Hold","Pending","No","No","null","Inspection completed - 0.38% defect rate","null"
"INSP00000188","2024-01-04","10:49",2024,10,"ORD00000805","PROD000039","Product 39","BATCH00188","INS0039","Inspector 39","Quality Control","QC Department","FAC05","Factory 5","LINE009","Assembly Line 9",5351,92,"1.72",2937,"Missing Part","D005","Cosmetic","Missing Part found in batch","15.31","28.37","25","Poor","Pass","Completed","Passed","No","Yes","Supervisor 9","Inspection completed - 1.72% defect rate","null"
"INSP00000189","2024-05-23","15:42",2024,4,"ORD00000166","PROD000040","Product 40","BATCH00189","INS0040","Inspector 40","Quality Control","QC Department","FAC06","Factory 6","LINE010","Assembly Line 10",6906,62,"0.9",4236,"Malfunction","D006","None","Malfunction found in batch","67.13","83.87","36.25","Good","Fail","In Progress","Failed","Yes","No","null","Inspection completed - 0.9% defect rate","photo_INSP00000189.jpg"
"INSP00000190","2024-08-17","14:09",2024,2,"ORD00000624","PROD000041","Product 41","BATCH00190","INS0041","Inspector 41","Quality Control","QC Department","FAC07","Factory 7","LINE011","Assembly Line 11",2923,82,"2.81",1068,"Dimension Error","D007","Critical","Dimension Error found in batch","79.84","14.3","1.41","Fair","Pass","Pending","Conditional Pass","No","No","null","Inspection completed - 2.81% defect rate","null"
"INSP00000191","2024-08-16","14:30",2024,9,"ORD00000720","PROD000042","Product 42","BATCH00191","INS0042","Inspector 42","Quality Control","QC Department","FAC08","Factory 8","LINE012","Assembly Line 12",9496,25,"0.26",868,"None","D000","Major","None found in batch","90.57","67.31","18.24","Good","Pass","On Hold","Pending","No","No","null","Inspection completed - 0.26% defect rate","null"
"INSP00000192","2024-03-28","10:50",2024,12,"ORD00000655","PROD000043","Product 43","BATCH00192","INS0043","Inspector 43","Quality Control","QC Department","FAC01","Factory 1","LINE013","Assembly Line 13",3020,35,"1.16",2280,"Crack","D001","Minor","Crack found in batch","58.22","15.7","18.76","Good","Pass","Completed","Passed","No","Yes","Supervisor 3","Inspection completed - 1.16% defect rate","null"
"INSP00000193","2024-08-06","11:09",2024,12,"ORD00000018","PROD000044","Product 44","BATCH00193","INS0044","Inspector 44","Quality Control","QC Department","FAC02","Factory 2","LINE014","Assembly Line 14",7027,13,"0.19",180,"Dent","D002","Cosmetic","Dent found in batch","82.45","45.35","48.22","Poor","Pass","In Progress","Failed","Yes","No","null","Inspection completed - 0.19% defect rate","photo_INSP00000193.jpg"
"INSP00000194","2024-11-02","09:59",2024,1,"ORD00000831","PROD000045","Product 45","BATCH00194","INS0045","Inspector 45","Quality Control","QC Department","FAC03","Factory 3","LINE015","Assembly Line 15",6760,96,"1.42",18,"Discoloration","D003","None","Discoloration found in batch","80.75","10.44","28.96","Good","Fail","Pending","Conditional Pass","No","No","null","Inspection completed - 1.42% defect rate","photo_INSP00000194.jpg"
"INSP00000195","2024-11-06","13:53",2024,11,"ORD00000509","PROD000046","Product 46","BATCH00195","INS0046","Inspector 46","Quality Control","QC Department","FAC04","Factory 4","LINE016","Assembly Line 16",3753,68,"1.81",1825,"Misalignment","D004","Critical","Misalignment found in batch","37.7","68.49","10.12","Good","Pass","On Hold","Pending","No","No","null","Inspection completed - 1.81% defect rate","null"
"INSP00000196","2024-04-18","12:29",2024,1,"ORD00000232","PROD000047","Product 47","BATCH00196","INS0047","Inspector 47","Quality Control","QC Department","FAC05","Factory 5","LINE017","Assembly Line 17",9375,40,"0.43",4758,"Missing Part","D005","Major","Missing Part found in batch","49.02","66.64","19.12","Fair","Pass","Completed","Passed","No","Yes","Supervisor 7","Inspection completed - 0.43% defect rate","photo_INSP00000196.jpg"
"INSP00000197","2024-01-02","11:20",2024,11,"ORD00000040","PROD000048","Product 48","BATCH00197","INS0048","Inspector 48","Quality Control","QC Department","FAC06","Factory 6","LINE018","Assembly Line 18",3119,85,"2.73",1004,"Malfunction","D006","Minor","Malfunction found in batch","48.61","91.53","23.89","Good","Fail","In Progress","Failed","Yes","No","null","Inspection completed - 2.73% defect rate","null"
"INSP00000198","2024-07-05","08:21",2024,8,"ORD00000095","PROD000049","Product 49","BATCH00198","INS0049","Inspector 49","Quality Control","QC Department","FAC07","Factory 7","LINE019","Assembly Line 19",388,97,"25",296,"Dimension Error","D007","Cosmetic","Dimension Error found in batch","31.1","77.02","28.07","Poor","Pass","Pending","Conditional Pass","No","No","null","Inspection completed - 25.0% defect rate","photo_INSP00000198.jpg"
"INSP00000200","2024-05-27","16:32",2024,1,"ORD00000260","PROD000051","Product 51","BATCH00200","INS0001","Inspector 1","Quality Control","QC Department","FAC01","Factory 1","LINE021","Assembly Line 21",6517,97,"1.49",4878,"Crack","D001","Critical","Crack found in batch","96.16","33.51","37.47","Poor","Fail","Completed","Passed","No","Yes","Supervisor 1","Inspection completed - 1.49% defect rate","photo_INSP00000200.jpg"
"INSP00000201","2024-09-03","11:40",2024,3,"ORD00000924","PROD000052","Product 52","BATCH00201","INS0002","Inspector 2","Quality Control","QC Department","FAC02","Factory 2","LINE022","Assembly Line 22",5190,46,"0.89",2706,"Dent","D002","Major","Dent found in batch","73.67","78.97","30.32","Good","Pass","In Progress","Failed","Yes","No","null","Inspection completed - 0.89% defect rate","photo_INSP00000201.jpg"
"INSP00000202","2024-11-25","15:41",2024,6,"ORD00000443","PROD000053","Product 53","BATCH00202","INS0003","Inspector 3","Quality Control","QC Department","FAC03","Factory 3","LINE023","Assembly Line 23",937,13,"1.39",26,"Discoloration","D003","Minor","Discoloration found in batch","28.04","17.6","41.38","Poor","Pass","Pending","Conditional Pass","No","No","null","Inspection completed - 1.39% defect rate","photo_INSP00000202.jpg"
"INSP00000203","2024-11-01","15:53",2024,8,"ORD00000924","PROD000054","Product 54","BATCH00203","INS0004","Inspector 4","Quality Control","QC Department","FAC04","Factory 4","LINE024","Assembly Line 24",7090,99,"1.4",4999,"Misalignment","D004","Cosmetic","Misalignment found in batch","64.72","41.71","28.34","Poor","Pass","On Hold","Pending","No","No","null","Inspection completed - 1.4% defect rate","null"
"INSP00000204","2024-06-16","08:41",2024,12,"ORD00000367","PROD000055","Product 55","BATCH00204","INS0005","Inspector 5","Quality Control","QC Department","FAC05","Factory 5","LINE025","Assembly Line 25",147,73,"49.66",32,"Missing Part","D005","None","Missing Part found in batch","51.43","35.56","18.75","Good","Fail","Completed","Passed","No","Yes","Supervisor 5","Inspection completed - 49.66% defect rate","null"
"INSP00000205","2024-04-19","16:43",2024,8,"ORD00000280","PROD000056","Product 56","BATCH00205","INS0006","Inspector 6","Quality Control","QC Department","FAC06","Factory 6","LINE026","Assembly Line 26",3548,75,"2.11",1064,"Malfunction","D006","Critical","Malfunction found in batch","13.93","20.07","14.79","Poor","Fail","In Progress","Failed","Yes","No","null","Inspection completed - 2.11% defect rate","photo_INSP00000205.jpg"
"INSP00000206","2024-07-16","08:21",2024,3,"ORD00000703","PROD000057","Product 57","BATCH00206","INS0007","Inspector 7","Quality Control","QC Department","FAC07","Factory 7","LINE027","Assembly Line 27",2533,97,"3.83",2100,"Dimension Error","D007","Major","Dimension Error found in batch","14.04","66.16","34.15","Good","Pass","Pending","Conditional Pass","No","No","null","Inspection completed - 3.83% defect rate","null"
"INSP00000207","2024-08-03","15:24",2024,9,"ORD00000374","PROD000058","Product 58","BATCH00207","INS0008","Inspector 8","Quality Control","QC Department","FAC08","Factory 8","LINE028","Assembly Line 28",1455,72,"4.95",406,"None","D000","Minor","None found in batch","78.85","93.16","25.33","Fair","Pass","On Hold","Pending","No","No","null","Inspection completed - 4.95% defect rate","null"
"INSP00000208","2024-01-08","10:33",2024,2,"ORD00000695","PROD000059","Product 59","BATCH00208","INS0009","Inspector 9","Quality Control","QC Department","FAC01","Factory 1","LINE029","Assembly Line 29",3499,15,"0.43",2913,"Crack","D001","Cosmetic","Crack found in batch","55.67","28.54","9.83","Fair","Pass","Completed","Passed","No","Yes","Supervisor 9","Inspection completed - 0.43% defect rate","null"
"INSP00000209","2024-05-20","13:42",2024,2,"ORD00000488","PROD000060","Product 60","BATCH00209","INS0010","Inspector 10","Quality Control","QC Department","FAC02","Factory 2","LINE030","Assembly Line 30",747,57,"7.63",134,"Dent","D002","None","Dent found in batch","18.01","14.9","4.13","Poor","Pass","In Progress","Failed","Yes","No","null","Inspection completed - 7.63% defect rate","null"
"INSP00000210","2024-10-12","10:21",2024,10,"ORD00000121","PROD000061","Product 61","BATCH00210","INS0011","Inspector 11","Quality Control","QC Department","FAC03","Factory 3","LINE001","Assembly Line 1",2204,97,"4.4",1971,"Discoloration","D003","Critical","Discoloration found in batch","83.28","90.11","35.93","Good","Fail","Pending","Conditional Pass","No","No","null","Inspection completed - 4.4% defect rate","photo_INSP00000210.jpg"
"INSP00000211","2024-09-09","10:03",2024,4,"ORD00000717","PROD000062","Product 62","BATCH00211","INS0012","Inspector 12","Quality Control","QC Department","FAC04","Factory 4","LINE002","Assembly Line 2",9209,10,"0.11",9041,"Misalignment","D004","Major","Misalignment found in batch","31","57.93","17.28","Poor","Fail","On Hold","Pending","No","No","null","Inspection completed - 0.11% defect rate","photo_INSP00000211.jpg"
"INSP00000212","2024-07-11","11:03",2024,2,"ORD00000164","PROD000063","Product 63","BATCH00212","INS0013","Inspector 13","Quality Control","QC Department","FAC05","Factory 5","LINE003","Assembly Line 3",3996,97,"2.43",2557,"Missing Part","D005","Minor","Missing Part found in batch","56.62","55.23","30.46","Good","Fail","Completed","Passed","No","Yes","Supervisor 3","Inspection completed - 2.43% defect rate","null"
"INSP00000213","2024-03-03","12:54",2024,3,"ORD00000426","PROD000064","Product 64","BATCH00213","INS0014","Inspector 14","Quality Control","QC Department","FAC06","Factory 6","LINE004","Assembly Line 4",2438,30,"1.23",671,"Malfunction","D006","Cosmetic","Malfunction found in batch","40.2","16.26","37.39","Poor","Fail","In Progress","Failed","Yes","No","null","Inspection completed - 1.23% defect rate","photo_INSP00000213.jpg"
"INSP00000214","2024-03-05","16:58",2024,2,"ORD00000752","PROD000065","Product 65","BATCH00214","INS0015","Inspector 15","Quality Control","QC Department","FAC07","Factory 7","LINE005","Assembly Line 5",8676,59,"0.68",5197,"Dimension Error","D007","None","Dimension Error found in batch","22.4","34.29","29.26","Good","Pass","Pending","Conditional Pass","No","No","null","Inspection completed - 0.68% defect rate","null"
"INSP00000215","2024-04-22","10:07",2024,7,"ORD00000166","PROD000066","Product 66","BATCH00215","INS0016","Inspector 16","Quality Control","QC Department","FAC08","Factory 8","LINE006","Assembly Line 6",1186,0,"0",285,"None","D000","Critical","None found in batch","29.49","42.55","3.99","Fair","Pass","On Hold","Pending","No","No","null","Inspection completed - 0.0% defect rate","null"
"INSP00000216","2024-02-07","09:55",2024,8,"ORD00000265","PROD000067","Product 67","BATCH00216","INS0017","Inspector 17","Quality Control","QC Department","FAC01","Factory 1","LINE007","Assembly Line 7",7600,84,"1.11",1385,"Crack","D001","Major","Crack found in batch","47.7","28.47","40.17","Good","Pass","Completed","Passed","No","Yes","Supervisor 7","Inspection completed - 1.11% defect rate","photo_INSP00000216.jpg"
"INSP00000217","2024-06-13","10:30",2024,3,"ORD00000994","PROD000068","Product 68","BATCH00217","INS0018","Inspector 18","Quality Control","QC Department","FAC02","Factory 2","LINE008","Assembly Line 8",5247,60,"1.14",1406,"Dent","D002","Minor","Dent found in batch","13.7","79.24","35.21","Good","Fail","In Progress","Failed","Yes","No","null","Inspection completed - 1.14% defect rate","null"
"INSP00000218","2024-06-11","17:10",2024,12,"ORD00000346","PROD000069","Product 69","BATCH00218","INS0019","Inspector 19","Quality Control","QC Department","FAC03","Factory 3","LINE009","Assembly Line 9",8306,33,"0.4",2104,"Discoloration","D003","Cosmetic","Discoloration found in batch","48.82","12.36","16.2","Good","Fail","Pending","Conditional Pass","No","No","null","Inspection completed - 0.4% defect rate","null"
"INSP00000219","2024-11-02","10:17",2024,8,"ORD00000918","PROD000070","Product 70","BATCH00219","INS0020","Inspector 20","Quality Control","QC Department","FAC04","Factory 4","LINE010","Assembly Line 10",9026,45,"0.5",7319,"Misalignment","D004","None","Misalignment found in batch","36.79","52.71","28.96","Poor","Pass","On Hold","Pending","No","No","null","Inspection completed - 0.5% defect rate","photo_INSP00000219.jpg"
"INSP00000220","2024-07-09","15:41",2024,11,"ORD00000507","PROD000071","Product 71","BATCH00220","INS0021","Inspector 21","Quality Control","QC Department","FAC05","Factory 5","LINE011","Assembly Line 11",3975,16,"0.4",429,"Missing Part","D005","Critical","Missing Part found in batch","62.1","12.2","43.58","Fair","Fail","Completed","Passed","No","Yes","Supervisor 1","Inspection completed - 0.4% defect rate","null"
"INSP00000221","2024-07-10","09:54",2024,1,"ORD00000886","PROD000072","Product 72","BATCH00221","INS0022","Inspector 22","Quality Control","QC Department","FAC06","Factory 6","LINE012","Assembly Line 12",4769,3,"0.06",3954,"Malfunction","D006","Major","Malfunction found in batch","43.77","47.48","35.25","Good","Pass","In Progress","Failed","Yes","No","null","Inspection completed - 0.06% defect rate","null"
"INSP00000222","2024-11-24","14:19",2024,5,"ORD00000367","PROD000073","Product 73","BATCH00222","INS0023","Inspector 23","Quality Control","QC Department","FAC07","Factory 7","LINE013","Assembly Line 13",7936,18,"0.23",5727,"Dimension Error","D007","Minor","Dimension Error found in batch","31.1","84.51","40.52","Poor","Pass","Pending","Conditional Pass","No","No","null","Inspection completed - 0.23% defect rate","photo_INSP00000222.jpg"
"INSP00000223","2024-03-03","12:51",2024,11,"ORD00000422","PROD000074","Product 74","BATCH00223","INS0024","Inspector 24","Quality Control","QC Department","FAC08","Factory 8","LINE014","Assembly Line 14",5377,81,"1.51",3199,"None","D000","Cosmetic","None found in batch","10.16","39.53","5.34","Fair","Fail","On Hold","Pending","No","No","null","Inspection completed - 1.51% defect rate","null"
"INSP00000224","2024-04-08","11:11",2024,2,"ORD00000040","PROD000075","Product 75","BATCH00224","INS0025","Inspector 25","Quality Control","QC Department","FAC01","Factory 1","LINE015","Assembly Line 15",193,49,"25.39",82,"Crack","D001","None","Crack found in batch","73.31","71.05","7.28","Fair","Pass","Completed","Passed","No","Yes","Supervisor 5","Inspection completed - 25.39% defect rate","null"
"INSP00000225","2024-09-03","15:00",2024,12,"ORD00000168","PROD000076","Product 76","BATCH00225","INS0026","Inspector 26","Quality Control","QC Department","FAC02","Factory 2","LINE016","Assembly Line 16",9779,83,"0.85",2067,"Dent","D002","Critical","Dent found in batch","20.44","59.99","16.45","Poor","Fail","In Progress","Failed","Yes","No","null","Inspection completed - 0.85% defect rate","null"
"INSP00000226","2024-12-19","10:06",2024,2,"ORD00000732","PROD000077","Product 77","BATCH00226","INS0027","Inspector 27","Quality Control","QC Department","FAC03","Factory 3","LINE017","Assembly Line 17",4275,19,"0.44",4189,"Discoloration","D003","Major","Discoloration found in batch","43.04","46.99","33.15","Fair","Pass","Pending","Conditional Pass","No","No","null","Inspection completed - 0.44% defect rate","photo_INSP00000226.jpg"
"INSP00000227","2024-12-11","08:05",2024,11,"ORD00000803","PROD000078","Product 78","BATCH00227","INS0028","Inspector 28","Quality Control","QC Department","FAC04","Factory 4","LINE018","Assembly Line 18",7677,30,"0.39",5448,"Misalignment","D004","Minor","Misalignment found in batch","61.71","56.2","49.12","Good","Fail","On Hold","Pending","No","No","null","Inspection completed - 0.39% defect rate","photo_INSP00000227.jpg"
"INSP00000228","2024-09-21","08:00",2024,7,"ORD00000488","PROD000079","Product 79","BATCH00228","INS0029","Inspector 29","Quality Control","QC Department","FAC05","Factory 5","LINE019","Assembly Line 19",3626,23,"0.63",2797,"Missing Part","D005","Cosmetic","Missing Part found in batch","41.44","21.07","6.63","Fair","Fail","Completed","Passed","No","Yes","Supervisor 9","Inspection completed - 0.63% defect rate","null"
"INSP00000229","2024-08-01","13:28",2024,12,"ORD00000985","PROD000080","Product 80","BATCH00229","INS0030","Inspector 30","Quality Control","QC Department","FAC06","Factory 6","LINE020","Assembly Line 20",5400,24,"0.44",1343,"Malfunction","D006","None","Malfunction found in batch","81.91","87.13","21.31","Fair","Pass","In Progress","Failed","Yes","No","null","Inspection completed - 0.44% defect rate","photo_INSP00000229.jpg"
"INSP00000230","2024-01-08","08:54",2024,1,"ORD00000474","PROD000081","Product 81","BATCH00230","INS0031","Inspector 31","Quality Control","QC Department","FAC07","Factory 7","LINE021","Assembly Line 21",2471,23,"0.93",1723,"Dimension Error","D007","Critical","Dimension Error found in batch","64.49","64.95","45.43","Good","Fail","Pending","Conditional Pass","No","No","null","Inspection completed - 0.93% defect rate","photo_INSP00000230.jpg"
"INSP00000231","2024-03-20","12:08",2024,10,"ORD00000526","PROD000082","Product 82","BATCH00231","INS0032","Inspector 32","Quality Control","QC Department","FAC08","Factory 8","LINE022","Assembly Line 22",8371,82,"0.98",801,"None","D000","Major","None found in batch","76.38","63.95","11.2","Fair","Pass","On Hold","Pending","No","No","null","Inspection completed - 0.98% defect rate","null"
"INSP00000232","2024-12-02","15:10",2024,2,"ORD00000068","PROD000083","Product 83","BATCH00232","INS0033","Inspector 33","Quality Control","QC Department","FAC01","Factory 1","LINE023","Assembly Line 23",6134,32,"0.52",3478,"Crack","D001","Minor","Crack found in batch","37.93","32.85","38.97","Good","Fail","Completed","Passed","No","Yes","Supervisor 3","Inspection completed - 0.52% defect rate","null"
"INSP00000233","2024-12-26","16:50",2024,4,"ORD00000885","PROD000084","Product 84","BATCH00233","INS0034","Inspector 34","Quality Control","QC Department","FAC02","Factory 2","LINE024","Assembly Line 24",7071,64,"0.91",1937,"Dent","D002","Cosmetic","Dent found in batch","72.71","80.72","47.69","Fair","Fail","In Progress","Failed","Yes","No","null","Inspection completed - 0.91% defect rate","null"
"INSP00000234","2024-05-20","14:09",2024,4,"ORD00000747","PROD000085","Product 85","BATCH00234","INS0035","Inspector 35","Quality Control","QC Department","FAC03","Factory 3","LINE025","Assembly Line 25",2441,53,"2.17",54,"Discoloration","D003","None","Discoloration found in batch","12.74","42.45","7.75","Fair","Pass","Pending","Conditional Pass","No","No","null","Inspection completed - 2.17% defect rate","photo_INSP00000234.jpg"
"INSP00000235","2024-07-15","10:10",2024,5,"ORD00000112","PROD000086","Product 86","BATCH00235","INS0036","Inspector 36","Quality Control","QC Department","FAC04","Factory 4","LINE026","Assembly Line 26",4120,25,"0.61",484,"Misalignment","D004","Critical","Misalignment found in batch","54.95","90.6","16.13","Fair","Fail","On Hold","Pending","No","No","null","Inspection completed - 0.61% defect rate","null"
"INSP00000236","2024-10-20","09:04",2024,5,"ORD00000268","PROD000087","Product 87","BATCH00236","INS0037","Inspector 37","Quality Control","QC Department","FAC05","Factory 5","LINE027","Assembly Line 27",1468,22,"1.5",1167,"Missing Part","D005","Major","Missing Part found in batch","61.05","45.46","43.43","Fair","Fail","Completed","Passed","No","Yes","Supervisor 7","Inspection completed - 1.5% defect rate","photo_INSP00000236.jpg"
"INSP00000237","2024-12-11","11:57",2024,10,"ORD00000826","PROD000088","Product 88","BATCH00237","INS0038","Inspector 38","Quality Control","QC Department","FAC06","Factory 6","LINE028","Assembly Line 28",1497,39,"2.61",482,"Malfunction","D006","Minor","Malfunction found in batch","42.29","45.68","35.86","Good","Pass","In Progress","Failed","Yes","No","null","Inspection completed - 2.61% defect rate","photo_INSP00000237.jpg"
"INSP00000238","2024-02-20","13:47",2024,10,"ORD00000316","PROD000089","Product 89","BATCH00238","INS0039","Inspector 39","Quality Control","QC Department","FAC07","Factory 7","LINE029","Assembly Line 29",8346,87,"1.04",7755,"Dimension Error","D007","Cosmetic","Dimension Error found in batch","44.24","79.97","2.85","Poor","Fail","Pending","Conditional Pass","No","No","null","Inspection completed - 1.04% defect rate","photo_INSP00000238.jpg"
"INSP00000239","2024-01-15","17:24",2024,1,"ORD00000544","PROD000090","Product 90","BATCH00239","INS0040","Inspector 40","Quality Control","QC Department","FAC08","Factory 8","LINE030","Assembly Line 30",2567,75,"2.92",628,"None","D000","None","None found in batch","38.35","28.67","34.86","Fair","Pass","On Hold","Pending","No","No","null","Inspection completed - 2.92% defect rate","photo_INSP00000239.jpg"
"INSP00000240","2024-03-18","14:01",2024,6,"ORD00000248","PROD000091","Product 91","BATCH00240","INS0041","Inspector 41","Quality Control","QC Department","FAC01","Factory 1","LINE001","Assembly Line 1",3552,94,"2.65",1035,"Crack","D001","Critical","Crack found in batch","39.27","29.94","40.02","Fair","Fail","Completed","Passed","No","Yes","Supervisor 1","Inspection completed - 2.65% defect rate","null"
"INSP00000241","2024-01-08","08:23",2024,12,"ORD00000533","PROD000092","Product 92","BATCH00241","INS0042","Inspector 42","Quality Control","QC Department","FAC02","Factory 2","LINE002","Assembly Line 2",6638,81,"1.22",6609,"Dent","D002","Major","Dent found in batch","33.26","35.19","2.5","Poor","Fail","In Progress","Failed","Yes","No","null","Inspection completed - 1.22% defect rate","photo_INSP00000241.jpg"
"INSP00000242","2024-11-13","15:47",2024,1,"ORD00000549","PROD000093","Product 93","BATCH00242","INS0043","Inspector 43","Quality Control","QC Department","FAC03","Factory 3","LINE003","Assembly Line 3",3147,32,"1.02",1318,"Discoloration","D003","Minor","Discoloration found in batch","15.2","32.27","48.73","Fair","Fail","Pending","Conditional Pass","No","No","null","Inspection completed - 1.02% defect rate","null"
"INSP00000243","2024-10-19","14:29",2024,2,"ORD00000107","PROD000094","Product 94","BATCH00243","INS0044","Inspector 44","Quality Control","QC Department","FAC04","Factory 4","LINE004","Assembly Line 4",2171,100,"4.61",615,"Misalignment","D004","Cosmetic","Misalignment found in batch","76.04","54.91","21.32","Fair","Pass","On Hold","Pending","No","No","null","Inspection completed - 4.61% defect rate","null"
"INSP00000244","2024-11-21","10:31",2024,6,"ORD00000179","PROD000095","Product 95","BATCH00244","INS0045","Inspector 45","Quality Control","QC Department","FAC05","Factory 5","LINE005","Assembly Line 5",9095,74,"0.81",2201,"Missing Part","D005","None","Missing Part found in batch","78.38","48.64","37.74","Poor","Pass","Completed","Passed","No","Yes","Supervisor 5","Inspection completed - 0.81% defect rate","photo_INSP00000244.jpg"
"INSP00000245","2024-11-19","08:13",2024,8,"ORD00000414","PROD000096","Product 96","BATCH00245","INS0046","Inspector 46","Quality Control","QC Department","FAC06","Factory 6","LINE006","Assembly Line 6",6682,69,"1.03",5827,"Malfunction","D006","Critical","Malfunction found in batch","87.21","49.04","18.73","Good","Pass","In Progress","Failed","Yes","No","null","Inspection completed - 1.03% defect rate","null"
"INSP00000246","2024-07-11","16:05",2024,1,"ORD00000961","PROD000097","Product 97","BATCH00246","INS0047","Inspector 47","Quality Control","QC Department","FAC07","Factory 7","LINE007","Assembly Line 7",7062,71,"1.01",4564,"Dimension Error","D007","Major","Dimension Error found in batch","68.51","91.9","40.19","Poor","Fail","Pending","Conditional Pass","No","No","null","Inspection completed - 1.01% defect rate","null"
"INSP00000247","2024-05-12","17:31",2024,8,"ORD00000555","PROD000098","Product 98","BATCH00247","INS0048","Inspector 48","Quality Control","QC Department","FAC08","Factory 8","LINE008","Assembly Line 8",8552,16,"0.19",8250,"None","D000","Minor","None found in batch","19.85","71.14","44.84","Fair","Pass","On Hold","Pending","No","No","null","Inspection completed - 0.19% defect rate","null"
"INSP00000248","2024-07-03","12:24",2024,7,"ORD00000266","PROD000099","Product 99","BATCH00248","INS0049","Inspector 49","Quality Control","QC Department","FAC01","Factory 1","LINE009","Assembly Line 9",1649,82,"4.97",1378,"Crack","D001","Cosmetic","Crack found in batch","34.78","63.47","38.27","Good","Pass","Completed","Passed","No","Yes","Supervisor 9","Inspection completed - 4.97% defect rate","photo_INSP00000248.jpg"
"INSP00000249","2024-06-24","16:14",2024,7,"ORD00000156","PROD000100","Product 100","BATCH00249","INS0050","Inspector 50","Quality Control","QC Department","FAC02","Factory 2","LINE010","Assembly Line 10",1260,56,"4.44",755,"Dent","D002","None","Dent found in batch","15.61","94.6","18.56","Poor","Pass","In Progress","Failed","Yes","No","null","Inspection completed - 4.44% defect rate","photo_INSP00000249.jpg"
"INSP00000250","2024-08-27","15:26",2024,4,"ORD00000556","PROD000101","Product 101","BATCH00250","INS0001","Inspector 1","Quality Control","QC Department","FAC03","Factory 3","LINE011","Assembly Line 11",8562,65,"0.76",1226,"Discoloration","D003","Critical","Discoloration found in batch","74.38","15.39","16.04","Fair","Fail","Pending","Conditional Pass","No","No","null","Inspection completed - 0.76% defect rate","photo_INSP00000250.jpg"
"INSP00000251","2024-08-20","11:12",2024,9,"ORD00000402","PROD000102","Product 102","BATCH00251","INS0002","Inspector 2","Quality Control","QC Department","FAC04","Factory 4","LINE012","Assembly Line 12",5878,30,"0.51",1541,"Misalignment","D004","Major","Misalignment found in batch","63.29","20.91","6.07","Good","Fail","On Hold","Pending","No","No","null","Inspection completed - 0.51% defect rate","null"
"INSP00000252","2024-01-05","16:04",2024,8,"ORD00000065","PROD000103","Product 103","BATCH00252","INS0003","Inspector 3","Quality Control","QC Department","FAC05","Factory 5","LINE013","Assembly Line 13",9115,21,"0.23",7267,"Missing Part","D005","Minor","Missing Part found in batch","15.33","49.24","12.84","Poor","Fail","Completed","Passed","No","Yes","Supervisor 3","Inspection completed - 0.23% defect rate","null"
"INSP00000253","2024-10-26","11:50",2024,10,"ORD00000463","PROD000104","Product 104","BATCH00253","INS0004","Inspector 4","Quality Control","QC Department","FAC06","Factory 6","LINE014","Assembly Line 14",1701,40,"2.35",727,"Malfunction","D006","Cosmetic","Malfunction found in batch","73.63","29","12.65","Poor","Pass","In Progress","Failed","Yes","No","null","Inspection completed - 2.35% defect rate","null"
"INSP00000254","2024-08-17","13:03",2024,7,"ORD00000442","PROD000105","Product 105","BATCH00254","INS0005","Inspector 5","Quality Control","QC Department","FAC07","Factory 7","LINE015","Assembly Line 15",2886,23,"0.8",684,"Dimension Error","D007","None","Dimension Error found in batch","90.11","87.61","30.89","Poor","Fail","Pending","Conditional Pass","No","No","null","Inspection completed - 0.8% defect rate","null"
"INSP00000255","2024-01-02","11:44",2024,11,"ORD00000417","PROD000106","Product 106","BATCH00255","INS0006","Inspector 6","Quality Control","QC Department","FAC08","Factory 8","LINE016","Assembly Line 16",7630,68,"0.89",7335,"None","D000","Critical","None found in batch","16.09","84.87","14.22","Poor","Fail","On Hold","Pending","No","No","null","Inspection completed - 0.89% defect rate","photo_INSP00000255.jpg"
"INSP00000256","2024-03-05","09:50",2024,4,"ORD00000521","PROD000107","Product 107","BATCH00256","INS0007","Inspector 7","Quality Control","QC Department","FAC01","Factory 1","LINE017","Assembly Line 17",8635,28,"0.32",6600,"Crack","D001","Major","Crack found in batch","77.95","12.24","1.31","Fair","Pass","Completed","Passed","No","Yes","Supervisor 7","Inspection completed - 0.32% defect rate","null"
"INSP00000257","2024-07-15","14:46",2024,4,"ORD00000238","PROD000108","Product 108","BATCH00257","INS0008","Inspector 8","Quality Control","QC Department","FAC02","Factory 2","LINE018","Assembly Line 18",6949,87,"1.25",1212,"Dent","D002","Minor","Dent found in batch","65.02","20.21","38.65","Fair","Pass","In Progress","Failed","Yes","No","null","Inspection completed - 1.25% defect rate","null"
"INSP00000258","2024-08-26","15:04",2024,4,"ORD00000973","PROD000109","Product 109","BATCH00258","INS0009","Inspector 9","Quality Control","QC Department","FAC03","Factory 3","LINE019","Assembly Line 19",2032,60,"2.95",1916,"Discoloration","D003","Cosmetic","Discoloration found in batch","67.94","76.07","31.45","Fair","Pass","Pending","Conditional Pass","No","No","null","Inspection completed - 2.95% defect rate","null"
"INSP00000259","2024-01-12","17:14",2024,10,"ORD00000991","PROD000110","Product 110","BATCH00259","INS0010","Inspector 10","Quality Control","QC Department","FAC04","Factory 4","LINE020","Assembly Line 20",436,65,"14.91",411,"Misalignment","D004","None","Misalignment found in batch","27.19","89.41","27.13","Poor","Fail","On Hold","Pending","No","No","null","Inspection completed - 14.91% defect rate","photo_INSP00000259.jpg"
"INSP00000260","2024-10-20","11:35",2024,10,"ORD00000962","PROD000111","Product 111","BATCH00260","INS0011","Inspector 11","Quality Control","QC Department","FAC05","Factory 5","LINE021","Assembly Line 21",1176,53,"4.51",142,"Missing Part","D005","Critical","Missing Part found in batch","72.33","74.05","49.84","Good","Fail","Completed","Passed","No","Yes","Supervisor 1","Inspection completed - 4.51% defect rate","photo_INSP00000260.jpg"
"INSP00000261","2024-02-20","17:03",2024,1,"ORD00000226","PROD000112","Product 112","BATCH00261","INS0012","Inspector 12","Quality Control","QC Department","FAC06","Factory 6","LINE022","Assembly Line 22",8141,62,"0.76",1158,"Malfunction","D006","Major","Malfunction found in batch","58.37","37.75","3.19","Poor","Pass","In Progress","Failed","Yes","No","null","Inspection completed - 0.76% defect rate","null"
"INSP00000262","2024-07-25","16:15",2024,5,"ORD00000596","PROD000113","Product 113","BATCH00262","INS0013","Inspector 13","Quality Control","QC Department","FAC07","Factory 7","LINE023","Assembly Line 23",8516,68,"0.8",4915,"Dimension Error","D007","Minor","Dimension Error found in batch","75.42","99.04","12.14","Poor","Pass","Pending","Conditional Pass","No","No","null","Inspection completed - 0.8% defect rate","photo_INSP00000262.jpg"
"INSP00000263","2024-12-25","16:34",2024,8,"ORD00000345","PROD000114","Product 114","BATCH00263","INS0014","Inspector 14","Quality Control","QC Department","FAC08","Factory 8","LINE024","Assembly Line 24",2278,99,"4.35",595,"None","D000","Cosmetic","None found in batch","49.81","93.44","17.17","Fair","Fail","On Hold","Pending","No","No","null","Inspection completed - 4.35% defect rate","null"
"INSP00000264","2024-03-17","10:53",2024,3,"ORD00000887","PROD000115","Product 115","BATCH00264","INS0015","Inspector 15","Quality Control","QC Department","FAC01","Factory 1","LINE025","Assembly Line 25",8273,79,"0.95",2150,"Crack","D001","None","Crack found in batch","24.98","65.89","9.3","Fair","Pass","Completed","Passed","No","Yes","Supervisor 5","Inspection completed - 0.95% defect rate","photo_INSP00000264.jpg"
"INSP00000265","2024-06-26","14:42",2024,10,"ORD00000794","PROD000116","Product 116","BATCH00265","INS0016","Inspector 16","Quality Control","QC Department","FAC02","Factory 2","LINE026","Assembly Line 26",7873,70,"0.89",1094,"Dent","D002","Critical","Dent found in batch","18.06","33.31","25.02","Fair","Fail","In Progress","Failed","Yes","No","null","Inspection completed - 0.89% defect rate","photo_INSP00000265.jpg"
"INSP00000266","2024-10-13","12:05",2024,1,"ORD00000456","PROD000117","Product 117","BATCH00266","INS0017","Inspector 17","Quality Control","QC Department","FAC03","Factory 3","LINE027","Assembly Line 27",1799,61,"3.39",1748,"Discoloration","D003","Major","Discoloration found in batch","84.11","97.64","38.3","Poor","Fail","Pending","Conditional Pass","No","No","null","Inspection completed - 3.39% defect rate","null"
"INSP00000267","2024-08-11","09:58",2024,8,"ORD00000658","PROD000118","Product 118","BATCH00267","INS0018","Inspector 18","Quality Control","QC Department","FAC04","Factory 4","LINE028","Assembly Line 28",7853,59,"0.75",2284,"Misalignment","D004","Minor","Misalignment found in batch","27.48","34.88","47.41","Poor","Fail","On Hold","Pending","No","No","null","Inspection completed - 0.75% defect rate","null"
"INSP00000268","2024-04-07","17:21",2024,9,"ORD00000263","PROD000119","Product 119","BATCH00268","INS0019","Inspector 19","Quality Control","QC Department","FAC05","Factory 5","LINE029","Assembly Line 29",5416,95,"1.75",2674,"Missing Part","D005","Cosmetic","Missing Part found in batch","23.89","69.16","45.41","Good","Pass","Completed","Passed","No","Yes","Supervisor 9","Inspection completed - 1.75% defect rate","null"
"INSP00000269","2024-09-13","16:01",2024,8,"ORD00000851","PROD000120","Product 120","BATCH00269","INS0020","Inspector 20","Quality Control","QC Department","FAC06","Factory 6","LINE030","Assembly Line 30",6510,79,"1.21",3396,"Malfunction","D006","None","Malfunction found in batch","59.73","48.05","8.39","Good","Fail","In Progress","Failed","Yes","No","null","Inspection completed - 1.21% defect rate","photo_INSP00000269.jpg"
"INSP00000270","2024-03-06","12:50",2024,3,"ORD00000298","PROD000121","Product 121","BATCH00270","INS0021","Inspector 21","Quality Control","QC Department","FAC07","Factory 7","LINE001","Assembly Line 1",3935,65,"1.65",1671,"Dimension Error","D007","Critical","Dimension Error found in batch","15.29","82.16","29.88","Fair","Fail","Pending","Conditional Pass","No","No","null","Inspection completed - 1.65% defect rate","null"
"INSP00000271","2024-06-12","10:40",2024,5,"ORD00000332","PROD000122","Product 122","BATCH00271","INS0022","Inspector 22","Quality Control","QC Department","FAC08","Factory 8","LINE002","Assembly Line 2",4367,26,"0.6",3568,"None","D000","Major","None found in batch","27","77.07","10.29","Poor","Pass","On Hold","Pending","No","No","null","Inspection completed - 0.6% defect rate","null"
"INSP00000272","2024-05-23","08:44",2024,5,"ORD00000386","PROD000123","Product 123","BATCH00272","INS0023","Inspector 23","Quality Control","QC Department","FAC01","Factory 1","LINE003","Assembly Line 3",7704,38,"0.49",7470,"Crack","D001","Minor","Crack found in batch","88.44","34.77","30.34","Poor","Fail","Completed","Passed","No","Yes","Supervisor 3","Inspection completed - 0.49% defect rate","null"
"INSP00000273","2024-09-19","08:04",2024,2,"ORD00000924","PROD000124","Product 124","BATCH00273","INS0024","Inspector 24","Quality Control","QC Department","FAC02","Factory 2","LINE004","Assembly Line 4",8032,80,"1",6767,"Dent","D002","Cosmetic","Dent found in batch","71.26","38.19","16.66","Poor","Fail","In Progress","Failed","Yes","No","null","Inspection completed - 1.0% defect rate","null"
"INSP00000274","2024-07-06","09:00",2024,7,"ORD00000668","PROD000125","Product 125","BATCH00274","INS0025","Inspector 25","Quality Control","QC Department","FAC03","Factory 3","LINE005","Assembly Line 5",6658,91,"1.37",351,"Discoloration","D003","None","Discoloration found in batch","63.43","50.94","2.56","Fair","Fail","Pending","Conditional Pass","No","No","null","Inspection completed - 1.37% defect rate","photo_INSP00000274.jpg"
"INSP00000275","2024-05-15","11:57",2024,2,"ORD00000514","PROD000126","Product 126","BATCH00275","INS0026","Inspector 26","Quality Control","QC Department","FAC04","Factory 4","LINE006","Assembly Line 6",8281,19,"0.23",7334,"Misalignment","D004","Critical","Misalignment found in batch","90.08","95.13","33.79","Fair","Fail","On Hold","Pending","No","No","null","Inspection completed - 0.23% defect rate","photo_INSP00000275.jpg"
"INSP00000276","2024-12-16","11:09",2024,12,"ORD00000967","PROD000127","Product 127","BATCH00276","INS0027","Inspector 27","Quality Control","QC Department","FAC05","Factory 5","LINE007","Assembly Line 7",3796,88,"2.32",3534,"Missing Part","D005","Major","Missing Part found in batch","28.34","62.31","7.08","Fair","Fail","Completed","Passed","No","Yes","Supervisor 7","Inspection completed - 2.32% defect rate","null"
"INSP00000277","2024-01-01","09:15",2024,8,"ORD00000976","PROD000128","Product 128","BATCH00277","INS0028","Inspector 28","Quality Control","QC Department","FAC06","Factory 6","LINE008","Assembly Line 8",5610,67,"1.19",2034,"Malfunction","D006","Minor","Malfunction found in batch","74.03","51.8","4.85","Poor","Pass","In Progress","Failed","Yes","No","null","Inspection completed - 1.19% defect rate","photo_INSP00000277.jpg"
"INSP00000278","2024-07-28","12:56",2024,6,"ORD00000868","PROD000129","Product 129","BATCH00278","INS0029","Inspector 29","Quality Control","QC Department","FAC07","Factory 7","LINE009","Assembly Line 9",8258,19,"0.23",8178,"Dimension Error","D007","Cosmetic","Dimension Error found in batch","67.71","56.9","23.93","Good","Pass","Pending","Conditional Pass","No","No","null","Inspection completed - 0.23% defect rate","photo_INSP00000278.jpg"
"INSP00000279","2024-03-05","15:27",2024,12,"ORD00000201","PROD000130","Product 130","BATCH00279","INS0030","Inspector 30","Quality Control","QC Department","FAC08","Factory 8","LINE010","Assembly Line 10",8235,39,"0.47",4745,"None","D000","None","None found in batch","28.77","60.25","28.66","Good","Pass","On Hold","Pending","No","No","null","Inspection completed - 0.47% defect rate","null"
"INSP00000280","2024-06-04","13:24",2024,2,"ORD00000872","PROD000131","Product 131","BATCH00280","INS0031","Inspector 31","Quality Control","QC Department","FAC01","Factory 1","LINE011","Assembly Line 11",7518,41,"0.55",3875,"Crack","D001","Critical","Crack found in batch","13.64","17.25","28.28","Poor","Fail","Completed","Passed","No","Yes","Supervisor 1","Inspection completed - 0.55% defect rate","photo_INSP00000280.jpg"
"INSP00000281","2024-07-08","12:36",2024,12,"ORD00000508","PROD000132","Product 132","BATCH00281","INS0032","Inspector 32","Quality Control","QC Department","FAC02","Factory 2","LINE012","Assembly Line 12",8482,20,"0.24",4540,"Dent","D002","Major","Dent found in batch","15.95","75.03","34.46","Good","Pass","In Progress","Failed","Yes","No","null","Inspection completed - 0.24% defect rate","null"
"INSP00000282","2024-08-17","14:11",2024,7,"ORD00000335","PROD000133","Product 133","BATCH00282","INS0033","Inspector 33","Quality Control","QC Department","FAC03","Factory 3","LINE013","Assembly Line 13",5674,55,"0.97",4437,"Discoloration","D003","Minor","Discoloration found in batch","20.46","25.92","42.98","Poor","Pass","Pending","Conditional Pass","No","No","null","Inspection completed - 0.97% defect rate","photo_INSP00000282.jpg"
"INSP00000283","2024-08-06","17:30",2024,11,"ORD00000375","PROD000134","Product 134","BATCH00283","INS0034","Inspector 34","Quality Control","QC Department","FAC04","Factory 4","LINE014","Assembly Line 14",675,86,"12.74",118,"Misalignment","D004","Cosmetic","Misalignment found in batch","87.33","66.48","44.05","Good","Fail","On Hold","Pending","No","No","null","Inspection completed - 12.74% defect rate","photo_INSP00000283.jpg"
"INSP00000284","2024-01-03","15:28",2024,12,"ORD00000587","PROD000135","Product 135","BATCH00284","INS0035","Inspector 35","Quality Control","QC Department","FAC05","Factory 5","LINE015","Assembly Line 15",4830,68,"1.41",1484,"Missing Part","D005","None","Missing Part found in batch","79.98","86.52","20.53","Poor","Pass","Completed","Passed","No","Yes","Supervisor 5","Inspection completed - 1.41% defect rate","null"
"INSP00000285","2024-08-13","08:41",2024,1,"ORD00000315","PROD000136","Product 136","BATCH00285","INS0036","Inspector 36","Quality Control","QC Department","FAC06","Factory 6","LINE016","Assembly Line 16",3288,20,"0.61",486,"Malfunction","D006","Critical","Malfunction found in batch","73.03","60.32","23.56","Good","Pass","In Progress","Failed","Yes","No","null","Inspection completed - 0.61% defect rate","photo_INSP00000285.jpg"
"INSP00000286","2024-08-20","13:11",2024,8,"ORD00000236","PROD000137","Product 137","BATCH00286","INS0037","Inspector 37","Quality Control","QC Department","FAC07","Factory 7","LINE017","Assembly Line 17",8542,57,"0.67",6496,"Dimension Error","D007","Major","Dimension Error found in batch","66.81","31.91","12.82","Fair","Fail","Pending","Conditional Pass","No","No","null","Inspection completed - 0.67% defect rate","photo_INSP00000286.jpg"
"INSP00000287","2024-08-20","14:48",2024,8,"ORD00000921","PROD000138","Product 138","BATCH00287","INS0038","Inspector 38","Quality Control","QC Department","FAC08","Factory 8","LINE018","Assembly Line 18",9103,86,"0.94",6171,"None","D000","Minor","None found in batch","30.54","33.61","33.77","Poor","Pass","On Hold","Pending","No","No","null","Inspection completed - 0.94% defect rate","null"
"INSP00000288","2024-11-08","10:47",2024,4,"ORD00000882","PROD000139","Product 139","BATCH00288","INS0039","Inspector 39","Quality Control","QC Department","FAC01","Factory 1","LINE019","Assembly Line 19",7798,36,"0.46",4589,"Crack","D001","Cosmetic","Crack found in batch","91.91","21.82","2.81","Poor","Fail","Completed","Passed","No","Yes","Supervisor 9","Inspection completed - 0.46% defect rate","photo_INSP00000288.jpg"
"INSP00000289","2024-09-22","10:41",2024,1,"ORD00000663","PROD000140","Product 140","BATCH00289","INS0040","Inspector 40","Quality Control","QC Department","FAC02","Factory 2","LINE020","Assembly Line 20",4339,87,"2.01",2108,"Dent","D002","None","Dent found in batch","94.36","79.47","9.1","Good","Pass","In Progress","Failed","Yes","No","null","Inspection completed - 2.01% defect rate","null"
"INSP00000290","2024-02-02","17:35",2024,5,"ORD00000681","PROD000141","Product 141","BATCH00290","INS0041","Inspector 41","Quality Control","QC Department","FAC03","Factory 3","LINE021","Assembly Line 21",1330,96,"7.22",847,"Discoloration","D003","Critical","Discoloration found in batch","86.9","25.02","36.88","Good","Pass","Pending","Conditional Pass","No","No","null","Inspection completed - 7.22% defect rate","photo_INSP00000290.jpg"
"INSP00000291","2024-10-20","12:26",2024,12,"ORD00000173","PROD000142","Product 142","BATCH00291","INS0042","Inspector 42","Quality Control","QC Department","FAC04","Factory 4","LINE022","Assembly Line 22",8242,15,"0.18",88,"Misalignment","D004","Major","Misalignment found in batch","42.14","72.61","33.69","Fair","Fail","On Hold","Pending","No","No","null","Inspection completed - 0.18% defect rate","null"
"INSP00000292","2024-12-27","09:22",2024,6,"ORD00000842","PROD000143","Product 143","BATCH00292","INS0043","Inspector 43","Quality Control","QC Department","FAC05","Factory 5","LINE023","Assembly Line 23",4503,65,"1.44",4440,"Missing Part","D005","Minor","Missing Part found in batch","75.49","98.69","32.85","Good","Fail","Completed","Passed","No","Yes","Supervisor 3","Inspection completed - 1.44% defect rate","null"
"INSP00000293","2024-06-13","10:22",2024,6,"ORD00000508","PROD000144","Product 144","BATCH00293","INS0044","Inspector 44","Quality Control","QC Department","FAC06","Factory 6","LINE024","Assembly Line 24",9931,98,"0.99",25,"Malfunction","D006","Cosmetic","Malfunction found in batch","53.27","51.1","49.07","Good","Pass","In Progress","Failed","Yes","No","null","Inspection completed - 0.99% defect rate","null"
"INSP00000294","2024-03-27","11:40",2024,10,"ORD00000078","PROD000145","Product 145","BATCH00294","INS0045","Inspector 45","Quality Control","QC Department","FAC07","Factory 7","LINE025","Assembly Line 25",6946,12,"0.17",3322,"Dimension Error","D007","None","Dimension Error found in batch","28.04","46.01","5.88","Good","Fail","Pending","Conditional Pass","No","No","null","Inspection completed - 0.17% defect rate","photo_INSP00000294.jpg"
"INSP00000295","2024-04-28","08:23",2024,6,"ORD00000419","PROD000146","Product 146","BATCH00295","INS0046","Inspector 46","Quality Control","QC Department","FAC08","Factory 8","LINE026","Assembly Line 26",5089,46,"0.9",3826,"None","D000","Critical","None found in batch","26.59","73.76","6.94","Fair","Pass","On Hold","Pending","No","No","null","Inspection completed - 0.9% defect rate","photo_INSP00000295.jpg"
"INSP00000296","2024-04-21","16:08",2024,5,"ORD00000238","PROD000147","Product 147","BATCH00296","INS0047","Inspector 47","Quality Control","QC Department","FAC01","Factory 1","LINE027","Assembly Line 27",7566,58,"0.77",2821,"Crack","D001","Major","Crack found in batch","94.99","38.03","48.12","Good","Fail","Completed","Passed","No","Yes","Supervisor 7","Inspection completed - 0.77% defect rate","photo_INSP00000296.jpg"
"INSP00000297","2024-08-01","11:05",2024,5,"ORD00000876","PROD000148","Product 148","BATCH00297","INS0048","Inspector 48","Quality Control","QC Department","FAC02","Factory 2","LINE028","Assembly Line 28",6489,43,"0.66",5979,"Dent","D002","Minor","Dent found in batch","67.86","54.28","17.93","Poor","Pass","In Progress","Failed","Yes","No","null","Inspection completed - 0.66% defect rate","photo_INSP00000297.jpg"
"INSP00000298","2024-06-23","10:43",2024,7,"ORD00000163","PROD000149","Product 149","BATCH00298","INS0049","Inspector 49","Quality Control","QC Department","FAC03","Factory 3","LINE029","Assembly Line 29",8915,29,"0.33",4807,"Discoloration","D003","Cosmetic","Discoloration found in batch","80.01","18.34","3.86","Good","Pass","Pending","Conditional Pass","No","No","null","Inspection completed - 0.33% defect rate","photo_INSP00000298.jpg"
"INSP00000299","2024-11-21","16:08",2024,4,"ORD00000625","PROD000150","Product 150","BATCH00299","INS0050","Inspector 50","Quality Control","QC Department","FAC04","Factory 4","LINE030","Assembly Line 30",9930,84,"0.85",3277,"Misalignment","D004","None","Misalignment found in batch","87.93","56.82","30.44","Good","Fail","On Hold","Pending","No","No","null","Inspection completed - 0.85% defect rate","null"
"INSP00000300","2024-11-19","12:07",2024,8,"ORD00000171","PROD000001","Product 1","BATCH00300","INS0001","Inspector 1","Quality Control","QC Department","FAC05","Factory 5","LINE001","Assembly Line 1",9043,2,"0.02",1630,"Missing Part","D005","Critical","Missing Part found in batch","18.69","11.97","10.79","Fair","Pass","Completed","Passed","No","Yes","Supervisor 1","Inspection completed - 0.02% defect rate","null"
"INSP00000301","2024-07-24","17:35",2024,2,"ORD00000621","PROD000002","Product 2","BATCH00301","INS0002","Inspector 2","Quality Control","QC Department","FAC06","Factory 6","LINE002","Assembly Line 2",1584,45,"2.84",164,"Malfunction","D006","Major","Malfunction found in batch","56.34","18.85","15.74","Poor","Fail","In Progress","Failed","Yes","No","null","Inspection completed - 2.84% defect rate","photo_INSP00000301.jpg"
"INSP00000302","2024-08-17","15:38",2024,7,"ORD00000291","PROD000003","Product 3","BATCH00302","INS0003","Inspector 3","Quality Control","QC Department","FAC07","Factory 7","LINE003","Assembly Line 3",555,59,"10.63",468,"Dimension Error","D007","Minor","Dimension Error found in batch","74.83","89.23","5.58","Good","Pass","Pending","Conditional Pass","No","No","null","Inspection completed - 10.63% defect rate","photo_INSP00000302.jpg"
"INSP00000303","2024-01-07","09:47",2024,6,"ORD00000307","PROD000004","Product 4","BATCH00303","INS0004","Inspector 4","Quality Control","QC Department","FAC08","Factory 8","LINE004","Assembly Line 4",3148,18,"0.57",1264,"None","D000","Cosmetic","None found in batch","70.67","94.35","10.11","Good","Fail","On Hold","Pending","No","No","null","Inspection completed - 0.57% defect rate","null"
"INSP00000304","2024-03-05","14:58",2024,6,"ORD00000912","PROD000005","Product 5","BATCH00304","INS0005","Inspector 5","Quality Control","QC Department","FAC01","Factory 1","LINE005","Assembly Line 5",9768,20,"0.2",6908,"Crack","D001","None","Crack found in batch","98.04","26.7","25.58","Good","Fail","Completed","Passed","No","Yes","Supervisor 5","Inspection completed - 0.2% defect rate","null"
"INSP00000305","2024-05-21","14:38",2024,1,"ORD00000398","PROD000006","Product 6","BATCH00305","INS0006","Inspector 6","Quality Control","QC Department","FAC02","Factory 2","LINE006","Assembly Line 6",7916,74,"0.93",6911,"Dent","D002","Critical","Dent found in batch","20.19","20.12","12.66","Poor","Fail","In Progress","Failed","Yes","No","null","Inspection completed - 0.93% defect rate","null"
"INSP00000306","2024-02-16","15:00",2024,10,"ORD00000379","PROD000007","Product 7","BATCH00306","INS0007","Inspector 7","Quality Control","QC Department","FAC03","Factory 3","LINE007","Assembly Line 7",6578,73,"1.11",116,"Discoloration","D003","Major","Discoloration found in batch","15.22","20.84","10.86","Fair","Pass","Pending","Conditional Pass","No","No","null","Inspection completed - 1.11% defect rate","null"
"INSP00000307","2024-03-24","09:29",2024,6,"ORD00000497","PROD000008","Product 8","BATCH00307","INS0008","Inspector 8","Quality Control","QC Department","FAC04","Factory 4","LINE008","Assembly Line 8",4666,55,"1.18",2891,"Misalignment","D004","Minor","Misalignment found in batch","68.17","51.33","25.17","Fair","Pass","On Hold","Pending","No","No","null","Inspection completed - 1.18% defect rate","null"
"INSP00000308","2024-05-06","15:12",2024,7,"ORD00000654","PROD000009","Product 9","BATCH00308","INS0009","Inspector 9","Quality Control","QC Department","FAC05","Factory 5","LINE009","Assembly Line 9",1442,90,"6.24",789,"Missing Part","D005","Cosmetic","Missing Part found in batch","29.46","74.46","17.03","Poor","Pass","Completed","Passed","No","Yes","Supervisor 9","Inspection completed - 6.24% defect rate","null"
"INSP00000309","2024-12-08","11:07",2024,2,"ORD00000584","PROD000010","Product 10","BATCH00309","INS0010","Inspector 10","Quality Control","QC Department","FAC06","Factory 6","LINE010","Assembly Line 10",3676,99,"2.69",976,"Malfunction","D006","None","Malfunction found in batch","88.88","26.97","27.6","Poor","Fail","In Progress","Failed","Yes","No","null","Inspection completed - 2.69% defect rate","null"
"INSP00000310","2024-09-11","09:38",2024,11,"ORD00000446","PROD000011","Product 11","BATCH00310","INS0011","Inspector 11","Quality Control","QC Department","FAC07","Factory 7","LINE011","Assembly Line 11",7373,52,"0.71",131,"Dimension Error","D007","Critical","Dimension Error found in batch","47.87","79.05","47.96","Fair","Pass","Pending","Conditional Pass","No","No","null","Inspection completed - 0.71% defect rate","photo_INSP00000310.jpg"
"INSP00000311","2024-03-14","11:23",2024,6,"ORD00000622","PROD000012","Product 12","BATCH00311","INS0012","Inspector 12","Quality Control","QC Department","FAC08","Factory 8","LINE012","Assembly Line 12",6274,13,"0.21",2424,"None","D000","Major","None found in batch","86.79","19.52","10.48","Poor","Pass","On Hold","Pending","No","No","null","Inspection completed - 0.21% defect rate","photo_INSP00000311.jpg"
"INSP00000312","2024-05-06","14:08",2024,7,"ORD00000339","PROD000013","Product 13","BATCH00312","INS0013","Inspector 13","Quality Control","QC Department","FAC01","Factory 1","LINE013","Assembly Line 13",1400,23,"1.64",216,"Crack","D001","Minor","Crack found in batch","55.13","43.69","16.57","Poor","Fail","Completed","Passed","No","Yes","Supervisor 3","Inspection completed - 1.64% defect rate","photo_INSP00000312.jpg"
"INSP00000313","2024-08-02","17:26",2024,10,"ORD00000279","PROD000014","Product 14","BATCH00313","INS0014","Inspector 14","Quality Control","QC Department","FAC02","Factory 2","LINE014","Assembly Line 14",1609,35,"2.18",745,"Dent","D002","Cosmetic","Dent found in batch","81.8","31.7","37.67","Poor","Pass","In Progress","Failed","Yes","No","null","Inspection completed - 2.18% defect rate","photo_INSP00000313.jpg"
"INSP00000314","2024-03-05","15:05",2024,7,"ORD00000684","PROD000015","Product 15","BATCH00314","INS0015","Inspector 15","Quality Control","QC Department","FAC03","Factory 3","LINE015","Assembly Line 15",4274,69,"1.61",3534,"Discoloration","D003","None","Discoloration found in batch","19.77","46.04","11.91","Fair","Pass","Pending","Conditional Pass","No","No","null","Inspection completed - 1.61% defect rate","null"
"INSP00000315","2024-04-24","11:06",2024,6,"ORD00000451","PROD000016","Product 16","BATCH00315","INS0016","Inspector 16","Quality Control","QC Department","FAC04","Factory 4","LINE016","Assembly Line 16",7540,48,"0.64",2855,"Misalignment","D004","Critical","Misalignment found in batch","22.43","31.4","17.81","Fair","Fail","On Hold","Pending","No","No","null","Inspection completed - 0.64% defect rate","null"
"INSP00000316","2024-03-12","14:31",2024,8,"ORD00000267","PROD000017","Product 17","BATCH00316","INS0017","Inspector 17","Quality Control","QC Department","FAC05","Factory 5","LINE017","Assembly Line 17",3426,79,"2.31",2271,"Missing Part","D005","Major","Missing Part found in batch","52.1","11.86","29.21","Fair","Pass","Completed","Passed","No","Yes","Supervisor 7","Inspection completed - 2.31% defect rate","photo_INSP00000316.jpg"
"INSP00000317","2024-01-10","12:28",2024,1,"ORD00000446","PROD000018","Product 18","BATCH00317","INS0018","Inspector 18","Quality Control","QC Department","FAC06","Factory 6","LINE018","Assembly Line 18",5440,89,"1.64",1233,"Malfunction","D006","Minor","Malfunction found in batch","85.29","40.65","33.14","Poor","Pass","In Progress","Failed","Yes","No","null","Inspection completed - 1.64% defect rate","photo_INSP00000317.jpg"
"INSP00000318","2024-04-23","11:57",2024,1,"ORD00000078","PROD000019","Product 19","BATCH00318","INS0019","Inspector 19","Quality Control","QC Department","FAC07","Factory 7","LINE019","Assembly Line 19",6167,12,"0.19",671,"Dimension Error","D007","Cosmetic","Dimension Error found in batch","99.66","47.77","18.57","Good","Fail","Pending","Conditional Pass","No","No","null","Inspection completed - 0.19% defect rate","photo_INSP00000318.jpg"
"INSP00000319","2024-12-05","10:59",2024,12,"ORD00000302","PROD000020","Product 20","BATCH00319","INS0020","Inspector 20","Quality Control","QC Department","FAC08","Factory 8","LINE020","Assembly Line 20",9268,96,"1.04",6546,"None","D000","None","None found in batch","56.42","59.72","35.38","Good","Fail","On Hold","Pending","No","No","null","Inspection completed - 1.04% defect rate","photo_INSP00000319.jpg"
"INSP00000320","2024-12-26","13:30",2024,5,"ORD00000948","PROD000021","Product 21","BATCH00320","INS0021","Inspector 21","Quality Control","QC Department","FAC01","Factory 1","LINE021","Assembly Line 21",7018,12,"0.17",4122,"Crack","D001","Critical","Crack found in batch","30.84","59.89","10.56","Fair","Pass","Completed","Passed","No","Yes","Supervisor 1","Inspection completed - 0.17% defect rate","null"
"INSP00000321","2024-04-17","15:05",2024,8,"ORD00000394","PROD000022","Product 22","BATCH00321","INS0022","Inspector 22","Quality Control","QC Department","FAC02","Factory 2","LINE022","Assembly Line 22",1455,53,"3.64",1056,"Dent","D002","Major","Dent found in batch","32.19","79.23","40.85","Poor","Pass","In Progress","Failed","Yes","No","null","Inspection completed - 3.64% defect rate","photo_INSP00000321.jpg"
"INSP00000322","2024-08-02","17:44",2024,11,"ORD00000435","PROD000023","Product 23","BATCH00322","INS0023","Inspector 23","Quality Control","QC Department","FAC03","Factory 3","LINE023","Assembly Line 23",9909,93,"0.94",6405,"Discoloration","D003","Minor","Discoloration found in batch","86.62","88.7","38.25","Poor","Fail","Pending","Conditional Pass","No","No","null","Inspection completed - 0.94% defect rate","photo_INSP00000322.jpg"
"INSP00000323","2024-08-07","10:32",2024,8,"ORD00000584","PROD000024","Product 24","BATCH00323","INS0024","Inspector 24","Quality Control","QC Department","FAC04","Factory 4","LINE024","Assembly Line 24",5329,74,"1.39",2921,"Misalignment","D004","Cosmetic","Misalignment found in batch","56.24","83.3","24.71","Fair","Fail","On Hold","Pending","No","No","null","Inspection completed - 1.39% defect rate","photo_INSP00000323.jpg"
"INSP00000324","2024-04-16","13:55",2024,3,"ORD00000638","PROD000025","Product 25","BATCH00324","INS0025","Inspector 25","Quality Control","QC Department","FAC05","Factory 5","LINE025","Assembly Line 25",5104,70,"1.37",4373,"Missing Part","D005","None","Missing Part found in batch","85.29","73.68","38.93","Poor","Pass","Completed","Passed","No","Yes","Supervisor 5","Inspection completed - 1.37% defect rate","null"
"INSP00000325","2024-08-26","17:56",2024,2,"ORD00000803","PROD000026","Product 26","BATCH00325","INS0026","Inspector 26","Quality Control","QC Department","FAC06","Factory 6","LINE026","Assembly Line 26",1362,43,"3.16",738,"Malfunction","D006","Critical","Malfunction found in batch","17.71","95.6","39.79","Good","Pass","In Progress","Failed","Yes","No","null","Inspection completed - 3.16% defect rate","photo_INSP00000325.jpg"
"INSP00000326","2024-10-02","16:24",2024,6,"ORD00000742","PROD000027","Product 27","BATCH00326","INS0027","Inspector 27","Quality Control","QC Department","FAC07","Factory 7","LINE027","Assembly Line 27",6463,84,"1.3",3644,"Dimension Error","D007","Major","Dimension Error found in batch","70.36","66.35","4.83","Fair","Pass","Pending","Conditional Pass","No","No","null","Inspection completed - 1.3% defect rate","photo_INSP00000326.jpg"
"INSP00000327","2024-05-27","14:16",2024,2,"ORD00000286","PROD000028","Product 28","BATCH00327","INS0028","Inspector 28","Quality Control","QC Department","FAC08","Factory 8","LINE028","Assembly Line 28",2451,75,"3.06",1687,"None","D000","Minor","None found in batch","64.68","29.05","15.47","Good","Fail","On Hold","Pending","No","No","null","Inspection completed - 3.06% defect rate","null"
"INSP00000328","2024-07-02","17:18",2024,12,"ORD00000106","PROD000029","Product 29","BATCH00328","INS0029","Inspector 29","Quality Control","QC Department","FAC01","Factory 1","LINE029","Assembly Line 29",3368,67,"1.99",2604,"Crack","D001","Cosmetic","Crack found in batch","33.46","61.72","22.3","Good","Pass","Completed","Passed","No","Yes","Supervisor 9","Inspection completed - 1.99% defect rate","photo_INSP00000328.jpg"
"INSP00000329","2024-10-27","12:40",2024,4,"ORD00000059","PROD000030","Product 30","BATCH00329","INS0030","Inspector 30","Quality Control","QC Department","FAC02","Factory 2","LINE030","Assembly Line 30",4804,78,"1.62",2392,"Dent","D002","None","Dent found in batch","54.4","99.67","8.41","Fair","Pass","In Progress","Failed","Yes","No","null","Inspection completed - 1.62% defect rate","photo_INSP00000329.jpg"
"INSP00000330","2024-03-16","15:35",2024,9,"ORD00000721","PROD000031","Product 31","BATCH00330","INS0031","Inspector 31","Quality Control","QC Department","FAC03","Factory 3","LINE001","Assembly Line 1",8725,49,"0.56",3655,"Discoloration","D003","Critical","Discoloration found in batch","63.36","69.01","33.93","Good","Fail","Pending","Conditional Pass","No","No","null","Inspection completed - 0.56% defect rate","photo_INSP00000330.jpg"
"INSP00000331","2024-07-24","14:50",2024,11,"ORD00000265","PROD000032","Product 32","BATCH00331","INS0032","Inspector 32","Quality Control","QC Department","FAC04","Factory 4","LINE002","Assembly Line 2",1930,20,"1.04",1619,"Misalignment","D004","Major","Misalignment found in batch","34","42.84","39.69","Poor","Pass","On Hold","Pending","No","No","null","Inspection completed - 1.04% defect rate","photo_INSP00000331.jpg"
"INSP00000332","2024-05-04","10:20",2024,7,"ORD00000238","PROD000033","Product 33","BATCH00332","INS0033","Inspector 33","Quality Control","QC Department","FAC05","Factory 5","LINE003","Assembly Line 3",9257,45,"0.49",7165,"Missing Part","D005","Minor","Missing Part found in batch","14.62","98.49","26.16","Good","Pass","Completed","Passed","No","Yes","Supervisor 3","Inspection completed - 0.49% defect rate","null"
"INSP00000333","2024-01-05","14:17",2024,10,"ORD00000635","PROD000034","Product 34","BATCH00333","INS0034","Inspector 34","Quality Control","QC Department","FAC06","Factory 6","LINE004","Assembly Line 4",7034,14,"0.2",3082,"Malfunction","D006","Cosmetic","Malfunction found in batch","83.52","32.57","36.59","Good","Pass","In Progress","Failed","Yes","No","null","Inspection completed - 0.2% defect rate","photo_INSP00000333.jpg"
"INSP00000334","2024-01-21","16:06",2024,6,"ORD00000169","PROD000035","Product 35","BATCH00334","INS0035","Inspector 35","Quality Control","QC Department","FAC07","Factory 7","LINE005","Assembly Line 5",4157,56,"1.35",386,"Dimension Error","D007","None","Dimension Error found in batch","74.02","88.52","1.76","Good","Fail","Pending","Conditional Pass","No","No","null","Inspection completed - 1.35% defect rate","null"
"INSP00000335","2024-07-20","08:43",2024,8,"ORD00000625","PROD000036","Product 36","BATCH00335","INS0036","Inspector 36","Quality Control","QC Department","FAC08","Factory 8","LINE006","Assembly Line 6",5828,87,"1.49",2560,"None","D000","Critical","None found in batch","43.26","42.02","38.11","Poor","Pass","On Hold","Pending","No","No","null","Inspection completed - 1.49% defect rate","photo_INSP00000335.jpg"
"INSP00000336","2024-07-08","09:53",2024,9,"ORD00000438","PROD000037","Product 37","BATCH00336","INS0037","Inspector 37","Quality Control","QC Department","FAC01","Factory 1","LINE007","Assembly Line 7",3059,91,"2.97",1567,"Crack","D001","Major","Crack found in batch","13.61","99.49","48.05","Fair","Fail","Completed","Passed","No","Yes","Supervisor 7","Inspection completed - 2.97% defect rate","photo_INSP00000336.jpg"
"INSP00000337","2024-04-11","08:52",2024,12,"ORD00000677","PROD000038","Product 38","BATCH00337","INS0038","Inspector 38","Quality Control","QC Department","FAC02","Factory 2","LINE008","Assembly Line 8",962,51,"5.3",106,"Dent","D002","Minor","Dent found in batch","83.42","92.76","25.91","Poor","Pass","In Progress","Failed","Yes","No","null","Inspection completed - 5.3% defect rate","photo_INSP00000337.jpg"
"INSP00000338","2024-05-19","12:01",2024,10,"ORD00000762","PROD000039","Product 39","BATCH00338","INS0039","Inspector 39","Quality Control","QC Department","FAC03","Factory 3","LINE009","Assembly Line 9",2664,66,"2.48",1124,"Discoloration","D003","Cosmetic","Discoloration found in batch","60.79","24.28","43.97","Fair","Pass","Pending","Conditional Pass","No","No","null","Inspection completed - 2.48% defect rate","null"
"INSP00000339","2024-07-20","13:13",2024,7,"ORD00000740","PROD000040","Product 40","BATCH00339","INS0040","Inspector 40","Quality Control","QC Department","FAC04","Factory 4","LINE010","Assembly Line 10",1601,32,"2",1292,"Misalignment","D004","None","Misalignment found in batch","18.11","53.93","31.8","Good","Fail","On Hold","Pending","No","No","null","Inspection completed - 2.0% defect rate","null"
"INSP00000340","2024-03-13","09:06",2024,9,"ORD00000780","PROD000041","Product 41","BATCH00340","INS0041","Inspector 41","Quality Control","QC Department","FAC05","Factory 5","LINE011","Assembly Line 11",4700,91,"1.94",486,"Missing Part","D005","Critical","Missing Part found in batch","36.32","74.65","31.32","Poor","Fail","Completed","Passed","No","Yes","Supervisor 1","Inspection completed - 1.94% defect rate","null"
"INSP00000341","2024-06-28","13:11",2024,6,"ORD00000382","PROD000042","Product 42","BATCH00341","INS0042","Inspector 42","Quality Control","QC Department","FAC06","Factory 6","LINE012","Assembly Line 12",482,74,"15.35",433,"Malfunction","D006","Major","Malfunction found in batch","26.96","62.52","3.01","Good","Fail","In Progress","Failed","Yes","No","null","Inspection completed - 15.35% defect rate","photo_INSP00000341.jpg"
"INSP00000342","2024-10-09","16:45",2024,6,"ORD00000437","PROD000043","Product 43","BATCH00342","INS0043","Inspector 43","Quality Control","QC Department","FAC07","Factory 7","LINE013","Assembly Line 13",1625,79,"4.86",944,"Dimension Error","D007","Minor","Dimension Error found in batch","84.88","74.52","29.19","Good","Fail","Pending","Conditional Pass","No","No","null","Inspection completed - 4.86% defect rate","null"
"INSP00000343","2024-09-08","11:29",2024,2,"ORD00000674","PROD000044","Product 44","BATCH00343","INS0044","Inspector 44","Quality Control","QC Department","FAC08","Factory 8","LINE014","Assembly Line 14",2150,71,"3.3",1434,"None","D000","Cosmetic","None found in batch","50.82","89.13","4.98","Fair","Fail","On Hold","Pending","No","No","null","Inspection completed - 3.3% defect rate","null"
"INSP00000344","2024-01-02","10:44",2024,2,"ORD00000233","PROD000045","Product 45","BATCH00344","INS0045","Inspector 45","Quality Control","QC Department","FAC01","Factory 1","LINE015","Assembly Line 15",8872,50,"0.56",8654,"Crack","D001","None","Crack found in batch","35.63","86.53","15.05","Fair","Pass","Completed","Passed","No","Yes","Supervisor 5","Inspection completed - 0.56% defect rate","null"
"INSP00000345","2024-07-09","16:59",2024,5,"ORD00000246","PROD000046","Product 46","BATCH00345","INS0046","Inspector 46","Quality Control","QC Department","FAC02","Factory 2","LINE016","Assembly Line 16",7711,100,"1.3",1545,"Dent","D002","Critical","Dent found in batch","48.24","95.85","11.32","Poor","Fail","In Progress","Failed","Yes","No","null","Inspection completed - 1.3% defect rate","null"
"INSP00000346","2024-01-22","14:44",2024,10,"ORD00000299","PROD000047","Product 47","BATCH00346","INS0047","Inspector 47","Quality Control","QC Department","FAC03","Factory 3","LINE017","Assembly Line 17",3092,27,"0.87",1424,"Discoloration","D003","Major","Discoloration found in batch","42.43","31.68","44.82","Fair","Fail","Pending","Conditional Pass","No","No","null","Inspection completed - 0.87% defect rate","photo_INSP00000346.jpg"
"INSP00000347","2024-11-22","17:22",2024,5,"ORD00000960","PROD000048","Product 48","BATCH00347","INS0048","Inspector 48","Quality Control","QC Department","FAC04","Factory 4","LINE018","Assembly Line 18",5724,9,"0.16",3642,"Misalignment","D004","Minor","Misalignment found in batch","94.07","19.19","16.88","Poor","Fail","On Hold","Pending","No","No","null","Inspection completed - 0.16% defect rate","null"
"INSP00000348","2024-05-11","08:46",2024,10,"ORD00000845","PROD000049","Product 49","BATCH00348","INS0049","Inspector 49","Quality Control","QC Department","FAC05","Factory 5","LINE019","Assembly Line 19",4123,58,"1.41",259,"Missing Part","D005","Cosmetic","Missing Part found in batch","73.59","92.31","3.04","Fair","Pass","Completed","Passed","No","Yes","Supervisor 9","Inspection completed - 1.41% defect rate","null"
"INSP00000349","2024-10-19","11:19",2024,10,"ORD00000241","PROD000050","Product 50","BATCH00349","INS0050","Inspector 50","Quality Control","QC Department","FAC06","Factory 6","LINE020","Assembly Line 20",4078,17,"0.42",2965,"Malfunction","D006","None","Malfunction found in batch","99.21","58.48","8.85","Good","Pass","In Progress","Failed","Yes","No","null","Inspection completed - 0.42% defect rate","photo_INSP00000349.jpg"
"INSP00000350","2024-06-21","12:24",2024,5,"ORD00000761","PROD000051","Product 51","BATCH00350","INS0001","Inspector 1","Quality Control","QC Department","FAC07","Factory 7","LINE021","Assembly Line 21",1629,41,"2.52",1553,"Dimension Error","D007","Critical","Dimension Error found in batch","85.34","43.55","25.63","Poor","Pass","Pending","Conditional Pass","No","No","null","Inspection completed - 2.52% defect rate","null"
"INSP00000351","2024-03-18","12:50",2024,6,"ORD00000947","PROD000052","Product 52","BATCH00351","INS0002","Inspector 2","Quality Control","QC Department","FAC08","Factory 8","LINE022","Assembly Line 22",5677,65,"1.14",3642,"None","D000","Major","None found in batch","14.43","73.67","19.69","Good","Fail","On Hold","Pending","No","No","null","Inspection completed - 1.14% defect rate","photo_INSP00000351.jpg"
"INSP00000352","2024-06-22","08:57",2024,9,"ORD00000492","PROD000053","Product 53","BATCH00352","INS0003","Inspector 3","Quality Control","QC Department","FAC01","Factory 1","LINE023","Assembly Line 23",2624,98,"3.73",1730,"Crack","D001","Minor","Crack found in batch","42.1","93.45","2.97","Poor","Fail","Completed","Passed","No","Yes","Supervisor 3","Inspection completed - 3.73% defect rate","photo_INSP00000352.jpg"
"INSP00000353","2024-02-13","14:57",2024,3,"ORD00000582","PROD000054","Product 54","BATCH00353","INS0004","Inspector 4","Quality Control","QC Department","FAC02","Factory 2","LINE024","Assembly Line 24",9299,87,"0.94",5241,"Dent","D002","Cosmetic","Dent found in batch","21.88","90.71","22.66","Poor","Fail","In Progress","Failed","Yes","No","null","Inspection completed - 0.94% defect rate","photo_INSP00000353.jpg"
"INSP00000354","2024-09-28","08:01",2024,6,"ORD00000140","PROD000055","Product 55","BATCH00354","INS0005","Inspector 5","Quality Control","QC Department","FAC03","Factory 3","LINE025","Assembly Line 25",8773,61,"0.7",2687,"Discoloration","D003","None","Discoloration found in batch","89.64","15.38","40.97","Poor","Fail","Pending","Conditional Pass","No","No","null","Inspection completed - 0.7% defect rate","null"
"INSP00000355","2024-06-08","12:15",2024,9,"ORD00000719","PROD000056","Product 56","BATCH00355","INS0006","Inspector 6","Quality Control","QC Department","FAC04","Factory 4","LINE026","Assembly Line 26",9815,93,"0.95",3095,"Misalignment","D004","Critical","Misalignment found in batch","32.37","19.82","32.24","Poor","Pass","On Hold","Pending","No","No","null","Inspection completed - 0.95% defect rate","null"
"INSP00000356","2024-12-22","15:47",2024,10,"ORD00000025","PROD000057","Product 57","BATCH00356","INS0007","Inspector 7","Quality Control","QC Department","FAC05","Factory 5","LINE027","Assembly Line 27",5749,54,"0.94",5089,"Missing Part","D005","Major","Missing Part found in batch","19.66","35.51","7.77","Good","Fail","Completed","Passed","No","Yes","Supervisor 7","Inspection completed - 0.94% defect rate","null"
"INSP00000357","2024-05-19","11:01",2024,1,"ORD00000973","PROD000058","Product 58","BATCH00357","INS0008","Inspector 8","Quality Control","QC Department","FAC06","Factory 6","LINE028","Assembly Line 28",6221,53,"0.85",1147,"Malfunction","D006","Minor","Malfunction found in batch","51.02","13.92","6.75","Good","Pass","In Progress","Failed","Yes","No","null","Inspection completed - 0.85% defect rate","null"
"INSP00000358","2024-01-08","10:39",2024,7,"ORD00000423","PROD000059","Product 59","BATCH00358","INS0009","Inspector 9","Quality Control","QC Department","FAC07","Factory 7","LINE029","Assembly Line 29",725,87,"12",634,"Dimension Error","D007","Cosmetic","Dimension Error found in batch","37.36","89.86","12.91","Fair","Fail","Pending","Conditional Pass","No","No","null","Inspection completed - 12.0% defect rate","photo_INSP00000358.jpg"
"INSP00000359","2024-04-28","08:19",2024,9,"ORD00000944","PROD000060","Product 60","BATCH00359","INS0010","Inspector 10","Quality Control","QC Department","FAC08","Factory 8","LINE030","Assembly Line 30",2612,51,"1.95",1846,"None","D000","None","None found in batch","33.15","39.63","24.21","Good","Fail","On Hold","Pending","No","No","null","Inspection completed - 1.95% defect rate","photo_INSP00000359.jpg"
"INSP00000360","2024-02-22","12:07",2024,2,"ORD00000983","PROD000061","Product 61","BATCH00360","INS0011","Inspector 11","Quality Control","QC Department","FAC01","Factory 1","LINE001","Assembly Line 1",2029,15,"0.74",706,"Crack","D001","Critical","Crack found in batch","94.39","89.84","46.78","Fair","Fail","Completed","Passed","No","Yes","Supervisor 1","Inspection completed - 0.74% defect rate","null"
"INSP00000361","2024-09-20","09:05",2024,4,"ORD00000518","PROD000062","Product 62","BATCH00361","INS0012","Inspector 12","Quality Control","QC Department","FAC02","Factory 2","LINE002","Assembly Line 2",907,46,"5.07",877,"Dent","D002","Major","Dent found in batch","51.98","23.63","6.69","Good","Pass","In Progress","Failed","Yes","No","null","Inspection completed - 5.07% defect rate","photo_INSP00000361.jpg"
"INSP00000362","2024-11-08","12:43",2024,4,"ORD00000606","PROD000063","Product 63","BATCH00362","INS0013","Inspector 13","Quality Control","QC Department","FAC03","Factory 3","LINE003","Assembly Line 3",644,65,"10.09",178,"Discoloration","D003","Minor","Discoloration found in batch","18.83","78.87","15.6","Poor","Pass","Pending","Conditional Pass","No","No","null","Inspection completed - 10.09% defect rate","null"
"INSP00000363","2024-02-15","09:59",2024,6,"ORD00000343","PROD000064","Product 64","BATCH00363","INS0014","Inspector 14","Quality Control","QC Department","FAC04","Factory 4","LINE004","Assembly Line 4",3266,76,"2.33",2628,"Misalignment","D004","Cosmetic","Misalignment found in batch","74.9","19.95","40.02","Good","Fail","On Hold","Pending","No","No","null","Inspection completed - 2.33% defect rate","photo_INSP00000363.jpg"
"INSP00000364","2024-11-17","13:29",2024,2,"ORD00000558","PROD000065","Product 65","BATCH00364","INS0015","Inspector 15","Quality Control","QC Department","FAC05","Factory 5","LINE005","Assembly Line 5",138,71,"51.45",130,"Missing Part","D005","None","Missing Part found in batch","91.74","52.12","34.12","Poor","Fail","Completed","Passed","No","Yes","Supervisor 5","Inspection completed - 51.45% defect rate","null"
"INSP00000365","2024-03-18","14:38",2024,6,"ORD00000534","PROD000066","Product 66","BATCH00365","INS0016","Inspector 16","Quality Control","QC Department","FAC06","Factory 6","LINE006","Assembly Line 6",6923,68,"0.98",6882,"Malfunction","D006","Critical","Malfunction found in batch","57.13","78.9","30.96","Poor","Pass","In Progress","Failed","Yes","No","null","Inspection completed - 0.98% defect rate","null"
"INSP00000366","2024-04-11","15:36",2024,1,"ORD00000602","PROD000067","Product 67","BATCH00366","INS0017","Inspector 17","Quality Control","QC Department","FAC07","Factory 7","LINE007","Assembly Line 7",2985,61,"2.04",2846,"Dimension Error","D007","Major","Dimension Error found in batch","87.77","32.43","44.22","Poor","Pass","Pending","Conditional Pass","No","No","null","Inspection completed - 2.04% defect rate","null"
"INSP00000367","2024-07-11","09:15",2024,7,"ORD00000595","PROD000068","Product 68","BATCH00367","INS0018","Inspector 18","Quality Control","QC Department","FAC08","Factory 8","LINE008","Assembly Line 8",5455,81,"1.48",3501,"None","D000","Minor","None found in batch","24.78","62.25","40.96","Fair","Fail","On Hold","Pending","No","No","null","Inspection completed - 1.48% defect rate","null"
"INSP00000368","2024-12-20","16:23",2024,2,"ORD00000039","PROD000069","Product 69","BATCH00368","INS0019","Inspector 19","Quality Control","QC Department","FAC01","Factory 1","LINE009","Assembly Line 9",8608,48,"0.56",3004,"Crack","D001","Cosmetic","Crack found in batch","57.81","85.37","26.84","Good","Fail","Completed","Passed","No","Yes","Supervisor 9","Inspection completed - 0.56% defect rate","null"
"INSP00000369","2024-08-19","16:32",2024,11,"ORD00000556","PROD000070","Product 70","BATCH00369","INS0020","Inspector 20","Quality Control","QC Department","FAC02","Factory 2","LINE010","Assembly Line 10",2388,81,"3.39",1541,"Dent","D002","None","Dent found in batch","90.32","19.24","23.9","Good","Fail","In Progress","Failed","Yes","No","null","Inspection completed - 3.39% defect rate","null"
"INSP00000370","2024-02-15","09:33",2024,4,"ORD00000806","PROD000071","Product 71","BATCH00370","INS0021","Inspector 21","Quality Control","QC Department","FAC03","Factory 3","LINE011","Assembly Line 11",9895,31,"0.31",9150,"Discoloration","D003","Critical","Discoloration found in batch","97.37","12.21","24.13","Good","Pass","Pending","Conditional Pass","No","No","null","Inspection completed - 0.31% defect rate","null"
"INSP00000371","2024-08-06","10:25",2024,1,"ORD00000566","PROD000072","Product 72","BATCH00371","INS0022","Inspector 22","Quality Control","QC Department","FAC04","Factory 4","LINE012","Assembly Line 12",6209,81,"1.3",846,"Misalignment","D004","Major","Misalignment found in batch","72.93","35.6","1.86","Poor","Fail","On Hold","Pending","No","No","null","Inspection completed - 1.3% defect rate","photo_INSP00000371.jpg"
"INSP00000372","2024-01-11","09:38",2024,2,"ORD00000722","PROD000073","Product 73","BATCH00372","INS0023","Inspector 23","Quality Control","QC Department","FAC05","Factory 5","LINE013","Assembly Line 13",4686,33,"0.7",1884,"Missing Part","D005","Minor","Missing Part found in batch","39.48","36.67","49.82","Good","Fail","Completed","Passed","No","Yes","Supervisor 3","Inspection completed - 0.7% defect rate","null"
"INSP00000373","2024-02-21","14:54",2024,3,"ORD00000365","PROD000074","Product 74","BATCH00373","INS0024","Inspector 24","Quality Control","QC Department","FAC06","Factory 6","LINE014","Assembly Line 14",2347,32,"1.36",1776,"Malfunction","D006","Cosmetic","Malfunction found in batch","89.85","45.47","9.38","Good","Pass","In Progress","Failed","Yes","No","null","Inspection completed - 1.36% defect rate","null"
"INSP00000374","2024-12-20","16:57",2024,7,"ORD00000680","PROD000075","Product 75","BATCH00374","INS0025","Inspector 25","Quality Control","QC Department","FAC07","Factory 7","LINE015","Assembly Line 15",4630,70,"1.51",4427,"Dimension Error","D007","None","Dimension Error found in batch","79.51","42.47","33.83","Good","Fail","Pending","Conditional Pass","No","No","null","Inspection completed - 1.51% defect rate","photo_INSP00000374.jpg"
"INSP00000375","2024-11-08","16:00",2024,5,"ORD00000674","PROD000076","Product 76","BATCH00375","INS0026","Inspector 26","Quality Control","QC Department","FAC08","Factory 8","LINE016","Assembly Line 16",3359,0,"0",868,"None","D000","Critical","None found in batch","51.3","94.3","5.13","Poor","Pass","On Hold","Pending","No","No","null","Inspection completed - 0.0% defect rate","photo_INSP00000375.jpg"
"INSP00000376","2024-02-02","15:01",2024,1,"ORD00000479","PROD000077","Product 77","BATCH00376","INS0027","Inspector 27","Quality Control","QC Department","FAC01","Factory 1","LINE017","Assembly Line 17",7777,74,"0.95",3930,"Crack","D001","Major","Crack found in batch","71.01","97.76","1.78","Good","Fail","Completed","Passed","No","Yes","Supervisor 7","Inspection completed - 0.95% defect rate","photo_INSP00000376.jpg"
"INSP00000377","2024-04-01","11:49",2024,1,"ORD00000964","PROD000078","Product 78","BATCH00377","INS0028","Inspector 28","Quality Control","QC Department","FAC02","Factory 2","LINE018","Assembly Line 18",9577,20,"0.21",5081,"Dent","D002","Minor","Dent found in batch","26.02","57.7","9.37","Fair","Fail","In Progress","Failed","Yes","No","null","Inspection completed - 0.21% defect rate","photo_INSP00000377.jpg"
"INSP00000378","2024-02-25","09:10",2024,1,"ORD00000848","PROD000079","Product 79","BATCH00378","INS0029","Inspector 29","Quality Control","QC Department","FAC03","Factory 3","LINE019","Assembly Line 19",2480,45,"1.81",2418,"Discoloration","D003","Cosmetic","Discoloration found in batch","53.54","11.04","45.81","Poor","Fail","Pending","Conditional Pass","No","No","null","Inspection completed - 1.81% defect rate","null"
"INSP00000379","2024-02-18","16:36",2024,5,"ORD00000385","PROD000080","Product 80","BATCH00379","INS0030","Inspector 30","Quality Control","QC Department","FAC04","Factory 4","LINE020","Assembly Line 20",6544,61,"0.93",4999,"Misalignment","D004","None","Misalignment found in batch","70.31","78.3","15.88","Fair","Fail","On Hold","Pending","No","No","null","Inspection completed - 0.93% defect rate","photo_INSP00000379.jpg"
"INSP00000380","2024-11-09","16:26",2024,12,"ORD00000496","PROD000081","Product 81","BATCH00380","INS0031","Inspector 31","Quality Control","QC Department","FAC05","Factory 5","LINE021","Assembly Line 21",3481,61,"1.75",1456,"Missing Part","D005","Critical","Missing Part found in batch","45.46","30.48","44.46","Fair","Fail","Completed","Passed","No","Yes","Supervisor 1","Inspection completed - 1.75% defect rate","null"
"INSP00000381","2024-01-06","15:20",2024,1,"ORD00000836","PROD000082","Product 82","BATCH00381","INS0032","Inspector 32","Quality Control","QC Department","FAC06","Factory 6","LINE022","Assembly Line 22",9864,10,"0.1",6334,"Malfunction","D006","Major","Malfunction found in batch","84.88","55.59","42.46","Poor","Fail","In Progress","Failed","Yes","No","null","Inspection completed - 0.1% defect rate","photo_INSP00000381.jpg"
"INSP00000382","2024-01-14","14:31",2024,1,"ORD00000790","PROD000083","Product 83","BATCH00382","INS0033","Inspector 33","Quality Control","QC Department","FAC07","Factory 7","LINE023","Assembly Line 23",5782,85,"1.47",1926,"Dimension Error","D007","Minor","Dimension Error found in batch","79.83","98.9","15.24","Good","Fail","Pending","Conditional Pass","No","No","null","Inspection completed - 1.47% defect rate","photo_INSP00000382.jpg"
"INSP00000383","2024-07-11","12:57",2024,2,"ORD00000539","PROD000084","Product 84","BATCH00383","INS0034","Inspector 34","Quality Control","QC Department","FAC08","Factory 8","LINE024","Assembly Line 24",741,81,"10.93",573,"None","D000","Cosmetic","None found in batch","19.99","57.02","22.63","Poor","Fail","On Hold","Pending","No","No","null","Inspection completed - 10.93% defect rate","photo_INSP00000383.jpg"
"INSP00000384","2024-10-26","08:59",2024,9,"ORD00000912","PROD000085","Product 85","BATCH00384","INS0035","Inspector 35","Quality Control","QC Department","FAC01","Factory 1","LINE025","Assembly Line 25",3580,4,"0.11",1997,"Crack","D001","None","Crack found in batch","20.17","81.98","43.58","Fair","Fail","Completed","Passed","No","Yes","Supervisor 5","Inspection completed - 0.11% defect rate","null"
"INSP00000385","2024-02-16","11:20",2024,4,"ORD00000972","PROD000086","Product 86","BATCH00385","INS0036","Inspector 36","Quality Control","QC Department","FAC02","Factory 2","LINE026","Assembly Line 26",7709,35,"0.45",7221,"Dent","D002","Critical","Dent found in batch","94.44","17.5","34.95","Poor","Pass","In Progress","Failed","Yes","No","null","Inspection completed - 0.45% defect rate","photo_INSP00000385.jpg"
"INSP00000386","2024-09-06","13:57",2024,7,"ORD00000453","PROD000087","Product 87","BATCH00386","INS0037","Inspector 37","Quality Control","QC Department","FAC03","Factory 3","LINE027","Assembly Line 27",4952,1,"0.02",710,"Discoloration","D003","Major","Discoloration found in batch","46.72","68.79","33.14","Fair","Pass","Pending","Conditional Pass","No","No","null","Inspection completed - 0.02% defect rate","null"
"INSP00000387","2024-01-24","16:37",2024,12,"ORD00000240","PROD000088","Product 88","BATCH00387","INS0038","Inspector 38","Quality Control","QC Department","FAC04","Factory 4","LINE028","Assembly Line 28",3817,82,"2.15",2113,"Misalignment","D004","Minor","Misalignment found in batch","50.54","37.11","6.67","Poor","Pass","On Hold","Pending","No","No","null","Inspection completed - 2.15% defect rate","photo_INSP00000387.jpg"
"INSP00000388","2024-01-13","13:21",2024,8,"ORD00000007","PROD000089","Product 89","BATCH00388","INS0039","Inspector 39","Quality Control","QC Department","FAC05","Factory 5","LINE029","Assembly Line 29",8767,21,"0.24",1182,"Missing Part","D005","Cosmetic","Missing Part found in batch","53.47","50.12","35.32","Good","Fail","Completed","Passed","No","Yes","Supervisor 9","Inspection completed - 0.24% defect rate","photo_INSP00000388.jpg"
"INSP00000389","2024-08-20","14:06",2024,6,"ORD00000630","PROD000090","Product 90","BATCH00389","INS0040","Inspector 40","Quality Control","QC Department","FAC06","Factory 6","LINE030","Assembly Line 30",2292,84,"3.66",1579,"Malfunction","D006","None","Malfunction found in batch","86.01","76.51","6.49","Good","Pass","In Progress","Failed","Yes","No","null","Inspection completed - 3.66% defect rate","photo_INSP00000389.jpg"
"INSP00000390","2024-11-10","16:44",2024,2,"ORD00000542","PROD000091","Product 91","BATCH00390","INS0041","Inspector 41","Quality Control","QC Department","FAC07","Factory 7","LINE001","Assembly Line 1",2167,23,"1.06",178,"Dimension Error","D007","Critical","Dimension Error found in batch","29.33","14.37","41.7","Poor","Pass","Pending","Conditional Pass","No","No","null","Inspection completed - 1.06% defect rate","photo_INSP00000390.jpg"
"INSP00000391","2024-09-14","08:17",2024,5,"ORD00000864","PROD000092","Product 92","BATCH00391","INS0042","Inspector 42","Quality Control","QC Department","FAC08","Factory 8","LINE002","Assembly Line 2",8890,15,"0.17",1676,"None","D000","Major","None found in batch","21.14","38.44","7.06","Poor","Pass","On Hold","Pending","No","No","null","Inspection completed - 0.17% defect rate","photo_INSP00000391.jpg"
"INSP00000392","2024-04-25","10:23",2024,3,"ORD00000083","PROD000093","Product 93","BATCH00392","INS0043","Inspector 43","Quality Control","QC Department","FAC01","Factory 1","LINE003","Assembly Line 3",2014,80,"3.97",93,"Crack","D001","Minor","Crack found in batch","86.81","86.3","15.32","Poor","Fail","Completed","Passed","No","Yes","Supervisor 3","Inspection completed - 3.97% defect rate","null"
"INSP00000393","2024-01-24","14:45",2024,7,"ORD00000689","PROD000094","Product 94","BATCH00393","INS0044","Inspector 44","Quality Control","QC Department","FAC02","Factory 2","LINE004","Assembly Line 4",5953,13,"0.22",3873,"Dent","D002","Cosmetic","Dent found in batch","79.63","18.85","11.39","Fair","Fail","In Progress","Failed","Yes","No","null","Inspection completed - 0.22% defect rate","null"
"INSP00000394","2024-02-22","14:45",2024,8,"ORD00000749","PROD000095","Product 95","BATCH00394","INS0045","Inspector 45","Quality Control","QC Department","FAC03","Factory 3","LINE005","Assembly Line 5",3591,93,"2.59",715,"Discoloration","D003","None","Discoloration found in batch","68.51","44.57","45.62","Fair","Fail","Pending","Conditional Pass","No","No","null","Inspection completed - 2.59% defect rate","photo_INSP00000394.jpg"
"INSP00000395","2024-03-13","13:17",2024,3,"ORD00000001","PROD000096","Product 96","BATCH00395","INS0046","Inspector 46","Quality Control","QC Department","FAC04","Factory 4","LINE006","Assembly Line 6",5494,4,"0.07",302,"Misalignment","D004","Critical","Misalignment found in batch","30.69","48.83","31.54","Fair","Pass","On Hold","Pending","No","No","null","Inspection completed - 0.07% defect rate","photo_INSP00000395.jpg"
"INSP00000396","2024-04-06","09:39",2024,10,"ORD00000059","PROD000097","Product 97","BATCH00396","INS0047","Inspector 47","Quality Control","QC Department","FAC05","Factory 5","LINE007","Assembly Line 7",8936,90,"1.01",8875,"Missing Part","D005","Major","Missing Part found in batch","28.48","33.92","45.63","Good","Pass","Completed","Passed","No","Yes","Supervisor 7","Inspection completed - 1.01% defect rate","photo_INSP00000396.jpg"
"INSP00000397","2024-10-09","11:04",2024,10,"ORD00000310","PROD000098","Product 98","BATCH00397","INS0048","Inspector 48","Quality Control","QC Department","FAC06","Factory 6","LINE008","Assembly Line 8",6046,44,"0.73",5270,"Malfunction","D006","Minor","Malfunction found in batch","89.51","98.3","32.78","Good","Fail","In Progress","Failed","Yes","No","null","Inspection completed - 0.73% defect rate","null"
"INSP00000398","2024-03-12","15:36",2024,11,"ORD00000532","PROD000099","Product 99","BATCH00398","INS0049","Inspector 49","Quality Control","QC Department","FAC07","Factory 7","LINE009","Assembly Line 9",5733,73,"1.27",5596,"Dimension Error","D007","Cosmetic","Dimension Error found in batch","61","16.59","9.23","Good","Fail","Pending","Conditional Pass","No","No","null","Inspection completed - 1.27% defect rate","null"
"INSP00000399","2024-03-03","14:48",2024,6,"ORD00000759","PROD000100","Product 100","BATCH00399","INS0050","Inspector 50","Quality Control","QC Department","FAC08","Factory 8","LINE010","Assembly Line 10",4006,38,"0.95",175,"None","D000","None","None found in batch","66.82","59.24","35.25","Good","Fail","On Hold","Pending","No","No","null","Inspection completed - 0.95% defect rate","null"
"INSP00000400","2024-04-28","08:46",2024,10,"ORD00000179","PROD000101","Product 101","BATCH00400","INS0001","Inspector 1","Quality Control","QC Department","FAC01","Factory 1","LINE011","Assembly Line 11",3082,29,"0.94",2482,"Crack","D001","Critical","Crack found in batch","25.85","79.87","27.85","Poor","Pass","Completed","Passed","No","Yes","Supervisor 1","Inspection completed - 0.94% defect rate","photo_INSP00000400.jpg"
"INSP00000401","2024-07-04","14:31",2024,1,"ORD00000724","PROD000102","Product 102","BATCH00401","INS0002","Inspector 2","Quality Control","QC Department","FAC02","Factory 2","LINE012","Assembly Line 12",4493,48,"1.07",4304,"Dent","D002","Major","Dent found in batch","48.41","87.42","21.3","Poor","Fail","In Progress","Failed","Yes","No","null","Inspection completed - 1.07% defect rate","null"
"INSP00000402","2024-12-19","13:23",2024,3,"ORD00000889","PROD000103","Product 103","BATCH00402","INS0003","Inspector 3","Quality Control","QC Department","FAC03","Factory 3","LINE013","Assembly Line 13",3602,22,"0.61",1664,"Discoloration","D003","Minor","Discoloration found in batch","76.37","37.2","10.02","Poor","Pass","Pending","Conditional Pass","No","No","null","Inspection completed - 0.61% defect rate","null"
"INSP00000403","2024-05-28","15:06",2024,8,"ORD00000593","PROD000104","Product 104","BATCH00403","INS0004","Inspector 4","Quality Control","QC Department","FAC04","Factory 4","LINE014","Assembly Line 14",6862,19,"0.28",249,"Misalignment","D004","Cosmetic","Misalignment found in batch","91.65","94.48","23.56","Poor","Pass","On Hold","Pending","No","No","null","Inspection completed - 0.28% defect rate","photo_INSP00000403.jpg"
"INSP00000404","2024-09-10","14:30",2024,5,"ORD00000105","PROD000105","Product 105","BATCH00404","INS0005","Inspector 5","Quality Control","QC Department","FAC05","Factory 5","LINE015","Assembly Line 15",7014,0,"0",1886,"Missing Part","D005","None","Missing Part found in batch","42.81","61.19","38.61","Fair","Fail","Completed","Passed","No","Yes","Supervisor 5","Inspection completed - 0.0% defect rate","null"
"INSP00000405","2024-06-08","15:30",2024,10,"ORD00000227","PROD000106","Product 106","BATCH00405","INS0006","Inspector 6","Quality Control","QC Department","FAC06","Factory 6","LINE016","Assembly Line 16",5601,68,"1.21",5516,"Malfunction","D006","Critical","Malfunction found in batch","82.12","99.61","48.91","Fair","Fail","In Progress","Failed","Yes","No","null","Inspection completed - 1.21% defect rate","null"
"INSP00000406","2024-09-28","12:09",2024,12,"ORD00000472","PROD000107","Product 107","BATCH00406","INS0007","Inspector 7","Quality Control","QC Department","FAC07","Factory 7","LINE017","Assembly Line 17",6407,72,"1.12",5397,"Dimension Error","D007","Major","Dimension Error found in batch","65.47","30.88","29.18","Fair","Pass","Pending","Conditional Pass","No","No","null","Inspection completed - 1.12% defect rate","photo_INSP00000406.jpg"
"INSP00000407","2024-12-07","11:38",2024,1,"ORD00000336","PROD000108","Product 108","BATCH00407","INS0008","Inspector 8","Quality Control","QC Department","FAC08","Factory 8","LINE018","Assembly Line 18",3106,70,"2.25",1515,"None","D000","Minor","None found in batch","80.26","41.49","6.26","Fair","Pass","On Hold","Pending","No","No","null","Inspection completed - 2.25% defect rate","null"
"INSP00000408","2024-07-09","09:44",2024,1,"ORD00000009","PROD000109","Product 109","BATCH00408","INS0009","Inspector 9","Quality Control","QC Department","FAC01","Factory 1","LINE019","Assembly Line 19",7702,30,"0.39",6584,"Crack","D001","Cosmetic","Crack found in batch","72.49","85.35","21.92","Fair","Pass","Completed","Passed","No","Yes","Supervisor 9","Inspection completed - 0.39% defect rate","null"
"INSP00000409","2024-05-27","08:55",2024,4,"ORD00000438","PROD000110","Product 110","BATCH00409","INS0010","Inspector 10","Quality Control","QC Department","FAC02","Factory 2","LINE020","Assembly Line 20",2678,81,"3.02",1401,"Dent","D002","None","Dent found in batch","68.36","33.71","43.77","Poor","Pass","In Progress","Failed","Yes","No","null","Inspection completed - 3.02% defect rate","null"
"INSP00000410","2024-05-22","14:22",2024,5,"ORD00000701","PROD000111","Product 111","BATCH00410","INS0011","Inspector 11","Quality Control","QC Department","FAC03","Factory 3","LINE021","Assembly Line 21",2793,74,"2.65",290,"Discoloration","D003","Critical","Discoloration found in batch","30.59","84.93","29.13","Good","Pass","Pending","Conditional Pass","No","No","null","Inspection completed - 2.65% defect rate","photo_INSP00000410.jpg"
"INSP00000411","2024-07-22","17:00",2024,12,"ORD00000388","PROD000112","Product 112","BATCH00411","INS0012","Inspector 12","Quality Control","QC Department","FAC04","Factory 4","LINE022","Assembly Line 22",6647,79,"1.19",4886,"Misalignment","D004","Major","Misalignment found in batch","13.59","36.96","3.74","Fair","Fail","On Hold","Pending","No","No","null","Inspection completed - 1.19% defect rate","null"
"INSP00000412","2024-06-02","12:35",2024,6,"ORD00000179","PROD000113","Product 113","BATCH00412","INS0013","Inspector 13","Quality Control","QC Department","FAC05","Factory 5","LINE023","Assembly Line 23",6731,47,"0.7",5704,"Missing Part","D005","Minor","Missing Part found in batch","10.97","25.27","19","Good","Fail","Completed","Passed","No","Yes","Supervisor 3","Inspection completed - 0.7% defect rate","photo_INSP00000412.jpg"
"INSP00000413","2024-05-27","15:55",2024,4,"ORD00000872","PROD000114","Product 114","BATCH00413","INS0014","Inspector 14","Quality Control","QC Department","FAC06","Factory 6","LINE024","Assembly Line 24",6271,7,"0.11",696,"Malfunction","D006","Cosmetic","Malfunction found in batch","55.93","29.21","19.85","Fair","Fail","In Progress","Failed","Yes","No","null","Inspection completed - 0.11% defect rate","photo_INSP00000413.jpg"
"INSP00000414","2024-08-19","09:54",2024,4,"ORD00000392","PROD000115","Product 115","BATCH00414","INS0015","Inspector 15","Quality Control","QC Department","FAC07","Factory 7","LINE025","Assembly Line 25",5447,5,"0.09",979,"Dimension Error","D007","None","Dimension Error found in batch","53.97","66.3","35.15","Good","Fail","Pending","Conditional Pass","No","No","null","Inspection completed - 0.09% defect rate","photo_INSP00000414.jpg"
"INSP00000415","2024-07-12","10:53",2024,7,"ORD00000053","PROD000116","Product 116","BATCH00415","INS0016","Inspector 16","Quality Control","QC Department","FAC08","Factory 8","LINE026","Assembly Line 26",775,35,"4.52",424,"None","D000","Critical","None found in batch","67.48","72.98","32.09","Good","Pass","On Hold","Pending","No","No","null","Inspection completed - 4.52% defect rate","null"
"INSP00000416","2024-04-05","14:53",2024,8,"ORD00000277","PROD000117","Product 117","BATCH00416","INS0017","Inspector 17","Quality Control","QC Department","FAC01","Factory 1","LINE027","Assembly Line 27",1173,25,"2.13",479,"Crack","D001","Major","Crack found in batch","43.12","88.96","27.14","Good","Fail","Completed","Passed","No","Yes","Supervisor 7","Inspection completed - 2.13% defect rate","photo_INSP00000416.jpg"
"INSP00000417","2024-05-06","08:49",2024,8,"ORD00000054","PROD000118","Product 118","BATCH00417","INS0018","Inspector 18","Quality Control","QC Department","FAC02","Factory 2","LINE028","Assembly Line 28",4652,31,"0.67",99,"Dent","D002","Minor","Dent found in batch","52.29","30.83","1.28","Poor","Pass","In Progress","Failed","Yes","No","null","Inspection completed - 0.67% defect rate","null"
"INSP00000418","2024-02-19","11:51",2024,1,"ORD00000224","PROD000119","Product 119","BATCH00418","INS0019","Inspector 19","Quality Control","QC Department","FAC03","Factory 3","LINE029","Assembly Line 29",6021,7,"0.12",4949,"Discoloration","D003","Cosmetic","Discoloration found in batch","27.29","48.63","39.54","Fair","Pass","Pending","Conditional Pass","No","No","null","Inspection completed - 0.12% defect rate","null"
"INSP00000419","2024-11-03","14:58",2024,12,"ORD00000899","PROD000120","Product 120","BATCH00419","INS0020","Inspector 20","Quality Control","QC Department","FAC04","Factory 4","LINE030","Assembly Line 30",5921,45,"0.76",164,"Misalignment","D004","None","Misalignment found in batch","50.15","49.3","27.91","Fair","Fail","On Hold","Pending","No","No","null","Inspection completed - 0.76% defect rate","null"
"INSP00000420","2024-12-13","13:19",2024,10,"ORD00000052","PROD000121","Product 121","BATCH00420","INS0021","Inspector 21","Quality Control","QC Department","FAC05","Factory 5","LINE001","Assembly Line 1",8583,26,"0.3",8361,"Missing Part","D005","Critical","Missing Part found in batch","55.34","77.57","22.11","Good","Pass","Completed","Passed","No","Yes","Supervisor 1","Inspection completed - 0.3% defect rate","null"
"INSP00000421","2024-06-11","09:58",2024,9,"ORD00000356","PROD000122","Product 122","BATCH00421","INS0022","Inspector 22","Quality Control","QC Department","FAC06","Factory 6","LINE002","Assembly Line 2",9159,91,"0.99",5182,"Malfunction","D006","Major","Malfunction found in batch","22.93","77.24","31.54","Good","Pass","In Progress","Failed","Yes","No","null","Inspection completed - 0.99% defect rate","photo_INSP00000421.jpg"
"INSP00000422","2024-05-23","17:57",2024,7,"ORD00000437","PROD000123","Product 123","BATCH00422","INS0023","Inspector 23","Quality Control","QC Department","FAC07","Factory 7","LINE003","Assembly Line 3",6555,89,"1.36",2961,"Dimension Error","D007","Minor","Dimension Error found in batch","74.2","60.49","7.24","Fair","Fail","Pending","Conditional Pass","No","No","null","Inspection completed - 1.36% defect rate","null"
"INSP00000423","2024-04-08","15:33",2024,9,"ORD00000867","PROD000124","Product 124","BATCH00423","INS0024","Inspector 24","Quality Control","QC Department","FAC08","Factory 8","LINE004","Assembly Line 4",7760,63,"0.81",6211,"None","D000","Cosmetic","None found in batch","41.72","58.88","12.94","Fair","Fail","On Hold","Pending","No","No","null","Inspection completed - 0.81% defect rate","photo_INSP00000423.jpg"
"INSP00000424","2024-07-27","17:17",2024,8,"ORD00000500","PROD000125","Product 125","BATCH00424","INS0025","Inspector 25","Quality Control","QC Department","FAC01","Factory 1","LINE005","Assembly Line 5",6382,0,"0",2474,"Crack","D001","None","Crack found in batch","51.93","77.93","33.23","Fair","Pass","Completed","Passed","No","Yes","Supervisor 5","Inspection completed - 0.0% defect rate","null"
"INSP00000425","2024-06-11","16:50",2024,11,"ORD00000228","PROD000126","Product 126","BATCH00425","INS0026","Inspector 26","Quality Control","QC Department","FAC02","Factory 2","LINE006","Assembly Line 6",9998,60,"0.6",1116,"Dent","D002","Critical","Dent found in batch","78.44","51.97","41.26","Good","Fail","In Progress","Failed","Yes","No","null","Inspection completed - 0.6% defect rate","null"
"INSP00000426","2024-03-16","13:19",2024,3,"ORD00000047","PROD000127","Product 127","BATCH00426","INS0027","Inspector 27","Quality Control","QC Department","FAC03","Factory 3","LINE007","Assembly Line 7",1966,12,"0.61",1080,"Discoloration","D003","Major","Discoloration found in batch","16.85","13.27","22.58","Good","Pass","Pending","Conditional Pass","No","No","null","Inspection completed - 0.61% defect rate","photo_INSP00000426.jpg"
"INSP00000427","2024-04-08","08:30",2024,1,"ORD00000938","PROD000128","Product 128","BATCH00427","INS0028","Inspector 28","Quality Control","QC Department","FAC04","Factory 4","LINE008","Assembly Line 8",9000,6,"0.07",4857,"Misalignment","D004","Minor","Misalignment found in batch","76.94","38.99","19.33","Good","Fail","On Hold","Pending","No","No","null","Inspection completed - 0.07% defect rate","null"
"INSP00000428","2024-06-24","16:19",2024,4,"ORD00000599","PROD000129","Product 129","BATCH00428","INS0029","Inspector 29","Quality Control","QC Department","FAC05","Factory 5","LINE009","Assembly Line 9",1863,13,"0.7",437,"Missing Part","D005","Cosmetic","Missing Part found in batch","30.61","86.08","28.82","Poor","Fail","Completed","Passed","No","Yes","Supervisor 9","Inspection completed - 0.7% defect rate","photo_INSP00000428.jpg"
"INSP00000429","2024-04-19","13:06",2024,11,"ORD00000160","PROD000130","Product 130","BATCH00429","INS0030","Inspector 30","Quality Control","QC Department","FAC06","Factory 6","LINE010","Assembly Line 10",2072,60,"2.9",1522,"Malfunction","D006","None","Malfunction found in batch","70.29","30.3","44.84","Good","Fail","In Progress","Failed","Yes","No","null","Inspection completed - 2.9% defect rate","photo_INSP00000429.jpg"
"INSP00000430","2024-03-28","08:38",2024,2,"ORD00000302","PROD000131","Product 131","BATCH00430","INS0031","Inspector 31","Quality Control","QC Department","FAC07","Factory 7","LINE011","Assembly Line 11",5975,47,"0.79",2919,"Dimension Error","D007","Critical","Dimension Error found in batch","41.71","90.93","16.03","Good","Fail","Pending","Conditional Pass","No","No","null","Inspection completed - 0.79% defect rate","null"
"INSP00000431","2024-06-17","17:44",2024,12,"ORD00000181","PROD000132","Product 132","BATCH00431","INS0032","Inspector 32","Quality Control","QC Department","FAC08","Factory 8","LINE012","Assembly Line 12",9132,90,"0.99",8851,"None","D000","Major","None found in batch","36.74","44.75","8.58","Poor","Pass","On Hold","Pending","No","No","null","Inspection completed - 0.99% defect rate","photo_INSP00000431.jpg"
"INSP00000432","2024-05-24","11:25",2024,11,"ORD00000475","PROD000133","Product 133","BATCH00432","INS0033","Inspector 33","Quality Control","QC Department","FAC01","Factory 1","LINE013","Assembly Line 13",8162,34,"0.42",5639,"Crack","D001","Minor","Crack found in batch","93.53","21.23","44.48","Poor","Pass","Completed","Passed","No","Yes","Supervisor 3","Inspection completed - 0.42% defect rate","null"
"INSP00000433","2024-11-25","13:29",2024,2,"ORD00000842","PROD000134","Product 134","BATCH00433","INS0034","Inspector 34","Quality Control","QC Department","FAC02","Factory 2","LINE014","Assembly Line 14",8115,65,"0.8",6780,"Dent","D002","Cosmetic","Dent found in batch","23.95","38.24","49.01","Good","Fail","In Progress","Failed","Yes","No","null","Inspection completed - 0.8% defect rate","photo_INSP00000433.jpg"
"INSP00000434","2024-01-28","10:41",2024,4,"ORD00000756","PROD000135","Product 135","BATCH00434","INS0035","Inspector 35","Quality Control","QC Department","FAC03","Factory 3","LINE015","Assembly Line 15",1347,76,"5.64",207,"Discoloration","D003","None","Discoloration found in batch","72.66","89.64","4.7","Poor","Fail","Pending","Conditional Pass","No","No","null","Inspection completed - 5.64% defect rate","photo_INSP00000434.jpg"
"INSP00000435","2024-04-03","08:13",2024,12,"ORD00000336","PROD000136","Product 136","BATCH00435","INS0036","Inspector 36","Quality Control","QC Department","FAC04","Factory 4","LINE016","Assembly Line 16",4684,42,"0.9",499,"Misalignment","D004","Critical","Misalignment found in batch","61.31","99.74","18.92","Good","Pass","On Hold","Pending","No","No","null","Inspection completed - 0.9% defect rate","photo_INSP00000435.jpg"
"INSP00000436","2024-09-21","09:11",2024,3,"ORD00000654","PROD000137","Product 137","BATCH00436","INS0037","Inspector 37","Quality Control","QC Department","FAC05","Factory 5","LINE017","Assembly Line 17",6665,10,"0.15",1952,"Missing Part","D005","Major","Missing Part found in batch","77.55","28.51","9.81","Good","Pass","Completed","Passed","No","Yes","Supervisor 7","Inspection completed - 0.15% defect rate","null"
"INSP00000437","2024-08-24","14:18",2024,1,"ORD00000883","PROD000138","Product 138","BATCH00437","INS0038","Inspector 38","Quality Control","QC Department","FAC06","Factory 6","LINE018","Assembly Line 18",5883,13,"0.22",4267,"Malfunction","D006","Minor","Malfunction found in batch","48","37.95","18.39","Good","Fail","In Progress","Failed","Yes","No","null","Inspection completed - 0.22% defect rate","photo_INSP00000437.jpg"
"INSP00000438","2024-06-03","11:36",2024,5,"ORD00000921","PROD000139","Product 139","BATCH00438","INS0039","Inspector 39","Quality Control","QC Department","FAC07","Factory 7","LINE019","Assembly Line 19",6184,29,"0.47",881,"Dimension Error","D007","Cosmetic","Dimension Error found in batch","98.01","50.95","1.23","Fair","Fail","Pending","Conditional Pass","No","No","null","Inspection completed - 0.47% defect rate","null"
"INSP00000439","2024-06-25","16:14",2024,5,"ORD00000837","PROD000140","Product 140","BATCH00439","INS0040","Inspector 40","Quality Control","QC Department","FAC08","Factory 8","LINE020","Assembly Line 20",3408,97,"2.85",2815,"None","D000","None","None found in batch","22.25","84.77","23.69","Fair","Pass","On Hold","Pending","No","No","null","Inspection completed - 2.85% defect rate","null"
"INSP00000440","2024-05-09","13:51",2024,7,"ORD00000079","PROD000141","Product 141","BATCH00440","INS0041","Inspector 41","Quality Control","QC Department","FAC01","Factory 1","LINE021","Assembly Line 21",5843,17,"0.29",1202,"Crack","D001","Critical","Crack found in batch","86.12","41.58","42.59","Poor","Fail","Completed","Passed","No","Yes","Supervisor 1","Inspection completed - 0.29% defect rate","null"
"INSP00000441","2024-11-21","11:03",2024,12,"ORD00000050","PROD000142","Product 142","BATCH00441","INS0042","Inspector 42","Quality Control","QC Department","FAC02","Factory 2","LINE022","Assembly Line 22",4002,53,"1.32",2270,"Dent","D002","Major","Dent found in batch","88.52","57.65","15.26","Good","Fail","In Progress","Failed","Yes","No","null","Inspection completed - 1.32% defect rate","null"
"INSP00000442","2024-04-01","10:54",2024,5,"ORD00000735","PROD000143","Product 143","BATCH00442","INS0043","Inspector 43","Quality Control","QC Department","FAC03","Factory 3","LINE023","Assembly Line 23",8170,92,"1.13",4740,"Discoloration","D003","Minor","Discoloration found in batch","54.11","84.98","19.41","Fair","Pass","Pending","Conditional Pass","No","No","null","Inspection completed - 1.13% defect rate","photo_INSP00000442.jpg"
"INSP00000443","2024-04-10","10:18",2024,2,"ORD00000257","PROD000144","Product 144","BATCH00443","INS0044","Inspector 44","Quality Control","QC Department","FAC04","Factory 4","LINE024","Assembly Line 24",697,32,"4.59",600,"Misalignment","D004","Cosmetic","Misalignment found in batch","55.25","36.15","8.31","Good","Fail","On Hold","Pending","No","No","null","Inspection completed - 4.59% defect rate","null"
"INSP00000444","2024-01-06","11:45",2024,2,"ORD00000511","PROD000145","Product 145","BATCH00444","INS0045","Inspector 45","Quality Control","QC Department","FAC05","Factory 5","LINE025","Assembly Line 25",6839,2,"0.03",6306,"Missing Part","D005","None","Missing Part found in batch","78.3","13.17","40.61","Fair","Pass","Completed","Passed","No","Yes","Supervisor 5","Inspection completed - 0.03% defect rate","photo_INSP00000444.jpg"
"INSP00000445","2024-02-21","12:15",2024,6,"ORD00000902","PROD000146","Product 146","BATCH00445","INS0046","Inspector 46","Quality Control","QC Department","FAC06","Factory 6","LINE026","Assembly Line 26",4889,11,"0.22",3302,"Malfunction","D006","Critical","Malfunction found in batch","83.07","73.24","45.44","Good","Pass","In Progress","Failed","Yes","No","null","Inspection completed - 0.22% defect rate","null"
"INSP00000446","2024-05-20","15:33",2024,12,"ORD00000605","PROD000147","Product 147","BATCH00446","INS0047","Inspector 47","Quality Control","QC Department","FAC07","Factory 7","LINE027","Assembly Line 27",4579,1,"0.02",2554,"Dimension Error","D007","Major","Dimension Error found in batch","56.3","75.65","11.14","Poor","Fail","Pending","Conditional Pass","No","No","null","Inspection completed - 0.02% defect rate","photo_INSP00000446.jpg"
"INSP00000447","2024-09-07","10:37",2024,7,"ORD00000864","PROD000148","Product 148","BATCH00447","INS0048","Inspector 48","Quality Control","QC Department","FAC08","Factory 8","LINE028","Assembly Line 28",8228,57,"0.69",3716,"None","D000","Minor","None found in batch","90.97","81.86","11.22","Good","Fail","On Hold","Pending","No","No","null","Inspection completed - 0.69% defect rate","null"
"INSP00000448","2024-05-02","15:35",2024,10,"ORD00000740","PROD000149","Product 149","BATCH00448","INS0049","Inspector 49","Quality Control","QC Department","FAC01","Factory 1","LINE029","Assembly Line 29",3474,18,"0.52",1880,"Crack","D001","Cosmetic","Crack found in batch","59.08","98.02","9.28","Fair","Pass","Completed","Passed","No","Yes","Supervisor 9","Inspection completed - 0.52% defect rate","null"
"INSP00000449","2024-10-17","14:19",2024,10,"ORD00000980","PROD000150","Product 150","BATCH00449","INS0050","Inspector 50","Quality Control","QC Department","FAC02","Factory 2","LINE030","Assembly Line 30",6205,91,"1.47",3200,"Dent","D002","None","Dent found in batch","71.62","37.26","37.72","Good","Fail","In Progress","Failed","Yes","No","null","Inspection completed - 1.47% defect rate","photo_INSP00000449.jpg"
"INSP00000450","2024-08-18","14:19",2024,4,"ORD00000449","PROD000001","Product 1","BATCH00450","INS0001","Inspector 1","Quality Control","QC Department","FAC03","Factory 3","LINE001","Assembly Line 1",7169,58,"0.81",228,"Discoloration","D003","Critical","Discoloration found in batch","22.34","14.19","31.12","Good","Fail","Pending","Conditional Pass","No","No","null","Inspection completed - 0.81% defect rate","null"
"INSP00000451","2024-05-08","13:55",2024,3,"ORD00000410","PROD000002","Product 2","BATCH00451","INS0002","Inspector 2","Quality Control","QC Department","FAC04","Factory 4","LINE002","Assembly Line 2",5876,13,"0.22",1842,"Misalignment","D004","Major","Misalignment found in batch","98.5","30.61","24.59","Poor","Pass","On Hold","Pending","No","No","null","Inspection completed - 0.22% defect rate","null"
"INSP00000452","2024-09-27","12:48",2024,10,"ORD00000088","PROD000003","Product 3","BATCH00452","INS0003","Inspector 3","Quality Control","QC Department","FAC05","Factory 5","LINE003","Assembly Line 3",523,4,"0.76",150,"Missing Part","D005","Minor","Missing Part found in batch","17.55","91.81","9.53","Poor","Pass","Completed","Passed","No","Yes","Supervisor 3","Inspection completed - 0.76% defect rate","null"
"INSP00000453","2024-01-13","09:48",2024,8,"ORD00000388","PROD000004","Product 4","BATCH00453","INS0004","Inspector 4","Quality Control","QC Department","FAC06","Factory 6","LINE004","Assembly Line 4",4188,1,"0.02",2339,"Malfunction","D006","Cosmetic","Malfunction found in batch","57.96","44.61","25.36","Good","Pass","In Progress","Failed","Yes","No","null","Inspection completed - 0.02% defect rate","null"
"INSP00000454","2024-05-13","10:32",2024,4,"ORD00000004","PROD000005","Product 5","BATCH00454","INS0005","Inspector 5","Quality Control","QC Department","FAC07","Factory 7","LINE005","Assembly Line 5",1718,83,"4.83",333,"Dimension Error","D007","None","Dimension Error found in batch","56.09","68.13","41.23","Fair","Fail","Pending","Conditional Pass","No","No","null","Inspection completed - 4.83% defect rate","photo_INSP00000454.jpg"
"INSP00000455","2024-09-28","13:50",2024,1,"ORD00000936","PROD000006","Product 6","BATCH00455","INS0006","Inspector 6","Quality Control","QC Department","FAC08","Factory 8","LINE006","Assembly Line 6",4939,57,"1.15",1570,"None","D000","Critical","None found in batch","90.81","39.37","17.71","Fair","Fail","On Hold","Pending","No","No","null","Inspection completed - 1.15% defect rate","photo_INSP00000455.jpg"
"INSP00000456","2024-10-26","17:13",2024,5,"ORD00000911","PROD000007","Product 7","BATCH00456","INS0007","Inspector 7","Quality Control","QC Department","FAC01","Factory 1","LINE007","Assembly Line 7",1230,16,"1.3",106,"Crack","D001","Major","Crack found in batch","12.94","59.27","7.78","Poor","Pass","Completed","Passed","No","Yes","Supervisor 7","Inspection completed - 1.3% defect rate","photo_INSP00000456.jpg"
"INSP00000457","2024-01-05","14:07",2024,9,"ORD00000861","PROD000008","Product 8","BATCH00457","INS0008","Inspector 8","Quality Control","QC Department","FAC02","Factory 2","LINE008","Assembly Line 8",9655,67,"0.69",8411,"Dent","D002","Minor","Dent found in batch","54.42","86.24","27.51","Poor","Fail","In Progress","Failed","Yes","No","null","Inspection completed - 0.69% defect rate","null"
"INSP00000458","2024-11-26","09:19",2024,1,"ORD00000398","PROD000009","Product 9","BATCH00458","INS0009","Inspector 9","Quality Control","QC Department","FAC03","Factory 3","LINE009","Assembly Line 9",9964,45,"0.45",1851,"Discoloration","D003","Cosmetic","Discoloration found in batch","87.91","71.88","22.43","Good","Fail","Pending","Conditional Pass","No","No","null","Inspection completed - 0.45% defect rate","null"
"INSP00000459","2024-09-19","12:16",2024,6,"ORD00000712","PROD000010","Product 10","BATCH00459","INS0010","Inspector 10","Quality Control","QC Department","FAC04","Factory 4","LINE010","Assembly Line 10",3263,72,"2.21",532,"Misalignment","D004","None","Misalignment found in batch","39.1","43.85","33.69","Poor","Fail","On Hold","Pending","No","No","null","Inspection completed - 2.21% defect rate","photo_INSP00000459.jpg"
"INSP00000460","2024-02-05","10:10",2024,1,"ORD00000651","PROD000011","Product 11","BATCH00460","INS0011","Inspector 11","Quality Control","QC Department","FAC05","Factory 5","LINE011","Assembly Line 11",2511,80,"3.19",606,"Missing Part","D005","Critical","Missing Part found in batch","78.91","13.55","7.76","Fair","Fail","Completed","Passed","No","Yes","Supervisor 1","Inspection completed - 3.19% defect rate","photo_INSP00000460.jpg"
"INSP00000461","2024-05-17","09:23",2024,5,"ORD00000075","PROD000012","Product 12","BATCH00461","INS0012","Inspector 12","Quality Control","QC Department","FAC06","Factory 6","LINE012","Assembly Line 12",1740,36,"2.07",1197,"Malfunction","D006","Major","Malfunction found in batch","92.52","49.28","23.95","Poor","Pass","In Progress","Failed","Yes","No","null","Inspection completed - 2.07% defect rate","photo_INSP00000461.jpg"
"INSP00000462","2024-11-07","15:23",2024,3,"ORD00000569","PROD000013","Product 13","BATCH00462","INS0013","Inspector 13","Quality Control","QC Department","FAC07","Factory 7","LINE013","Assembly Line 13",1690,81,"4.79",178,"Dimension Error","D007","Minor","Dimension Error found in batch","26.32","49.53","17.78","Fair","Fail","Pending","Conditional Pass","No","No","null","Inspection completed - 4.79% defect rate","null"
"INSP00000463","2024-07-07","13:41",2024,7,"ORD00000514","PROD000014","Product 14","BATCH00463","INS0014","Inspector 14","Quality Control","QC Department","FAC08","Factory 8","LINE014","Assembly Line 14",2704,18,"0.67",40,"None","D000","Cosmetic","None found in batch","50.31","83.53","36.34","Fair","Pass","On Hold","Pending","No","No","null","Inspection completed - 0.67% defect rate","photo_INSP00000463.jpg"
"INSP00000464","2024-01-26","17:15",2024,12,"ORD00000594","PROD000015","Product 15","BATCH00464","INS0015","Inspector 15","Quality Control","QC Department","FAC01","Factory 1","LINE015","Assembly Line 15",7239,79,"1.09",744,"Crack","D001","None","Crack found in batch","90.86","29.95","17.24","Poor","Fail","Completed","Passed","No","Yes","Supervisor 5","Inspection completed - 1.09% defect rate","photo_INSP00000464.jpg"
"INSP00000465","2024-03-03","17:31",2024,8,"ORD00000191","PROD000016","Product 16","BATCH00465","INS0016","Inspector 16","Quality Control","QC Department","FAC02","Factory 2","LINE016","Assembly Line 16",3145,42,"1.34",2646,"Dent","D002","Critical","Dent found in batch","95.34","18.24","2.69","Fair","Pass","In Progress","Failed","Yes","No","null","Inspection completed - 1.34% defect rate","null"
"INSP00000466","2024-06-14","10:56",2024,2,"ORD00000646","PROD000017","Product 17","BATCH00466","INS0017","Inspector 17","Quality Control","QC Department","FAC03","Factory 3","LINE017","Assembly Line 17",9400,22,"0.23",984,"Discoloration","D003","Major","Discoloration found in batch","47.43","22.62","36.26","Fair","Fail","Pending","Conditional Pass","No","No","null","Inspection completed - 0.23% defect rate","photo_INSP00000466.jpg"
"INSP00000467","2024-12-13","14:45",2024,2,"ORD00000080","PROD000018","Product 18","BATCH00467","INS0018","Inspector 18","Quality Control","QC Department","FAC04","Factory 4","LINE018","Assembly Line 18",9648,79,"0.82",182,"Misalignment","D004","Minor","Misalignment found in batch","55.38","79.76","43.69","Good","Pass","On Hold","Pending","No","No","null","Inspection completed - 0.82% defect rate","photo_INSP00000467.jpg"
"INSP00000468","2024-08-05","17:20",2024,12,"ORD00000155","PROD000019","Product 19","BATCH00468","INS0019","Inspector 19","Quality Control","QC Department","FAC05","Factory 5","LINE019","Assembly Line 19",6558,46,"0.7",4513,"Missing Part","D005","Cosmetic","Missing Part found in batch","72.39","37.28","48.66","Poor","Pass","Completed","Passed","No","Yes","Supervisor 9","Inspection completed - 0.7% defect rate","null"
"INSP00000469","2024-10-16","10:06",2024,2,"ORD00000438","PROD000020","Product 20","BATCH00469","INS0020","Inspector 20","Quality Control","QC Department","FAC06","Factory 6","LINE020","Assembly Line 20",5533,36,"0.65",641,"Malfunction","D006","None","Malfunction found in batch","66.08","47.18","35.25","Fair","Fail","In Progress","Failed","Yes","No","null","Inspection completed - 0.65% defect rate","null"
"INSP00000470","2024-02-21","17:41",2024,11,"ORD00000446","PROD000021","Product 21","BATCH00470","INS0021","Inspector 21","Quality Control","QC Department","FAC07","Factory 7","LINE021","Assembly Line 21",348,86,"24.71",252,"Dimension Error","D007","Critical","Dimension Error found in batch","86.09","72.31","36.58","Fair","Pass","Pending","Conditional Pass","No","No","null","Inspection completed - 24.71% defect rate","null"
"INSP00000471","2024-12-06","11:23",2024,11,"ORD00000216","PROD000022","Product 22","BATCH00471","INS0022","Inspector 22","Quality Control","QC Department","FAC08","Factory 8","LINE022","Assembly Line 22",894,62,"6.94",859,"None","D000","Major","None found in batch","91.09","80.63","36.93","Poor","Pass","On Hold","Pending","No","No","null","Inspection completed - 6.94% defect rate","photo_INSP00000471.jpg"
"INSP00000472","2024-06-08","11:45",2024,2,"ORD00000909","PROD000023","Product 23","BATCH00472","INS0023","Inspector 23","Quality Control","QC Department","FAC01","Factory 1","LINE023","Assembly Line 23",4684,90,"1.92",2054,"Crack","D001","Minor","Crack found in batch","20.97","71.01","24.25","Poor","Fail","Completed","Passed","No","Yes","Supervisor 3","Inspection completed - 1.92% defect rate","null"
"INSP00000473","2024-07-01","13:09",2024,9,"ORD00000454","PROD000024","Product 24","BATCH00473","INS0024","Inspector 24","Quality Control","QC Department","FAC02","Factory 2","LINE024","Assembly Line 24",2595,2,"0.08",1446,"Dent","D002","Cosmetic","Dent found in batch","49.68","55.23","17.18","Poor","Pass","In Progress","Failed","Yes","No","null","Inspection completed - 0.08% defect rate","null"
"INSP00000474","2024-11-03","12:12",2024,3,"ORD00000043","PROD000025","Product 25","BATCH00474","INS0025","Inspector 25","Quality Control","QC Department","FAC03","Factory 3","LINE025","Assembly Line 25",8108,11,"0.14",920,"Discoloration","D003","None","Discoloration found in batch","11.54","41.76","14.71","Poor","Fail","Pending","Conditional Pass","No","No","null","Inspection completed - 0.14% defect rate","photo_INSP00000474.jpg"
"INSP00000475","2024-10-17","10:28",2024,6,"ORD00000483","PROD000026","Product 26","BATCH00475","INS0026","Inspector 26","Quality Control","QC Department","FAC04","Factory 4","LINE026","Assembly Line 26",4242,21,"0.5",1957,"Misalignment","D004","Critical","Misalignment found in batch","45.32","89.26","17.31","Good","Pass","On Hold","Pending","No","No","null","Inspection completed - 0.5% defect rate","null"
"INSP00000476","2024-02-04","12:53",2024,6,"ORD00000040","PROD000027","Product 27","BATCH00476","INS0027","Inspector 27","Quality Control","QC Department","FAC05","Factory 5","LINE027","Assembly Line 27",5833,3,"0.05",4861,"Missing Part","D005","Major","Missing Part found in batch","10.09","81.01","38.39","Fair","Pass","Completed","Passed","No","Yes","Supervisor 7","Inspection completed - 0.05% defect rate","null"
"INSP00000477","2024-04-02","11:03",2024,4,"ORD00000476","PROD000028","Product 28","BATCH00477","INS0028","Inspector 28","Quality Control","QC Department","FAC06","Factory 6","LINE028","Assembly Line 28",9665,64,"0.66",8737,"Malfunction","D006","Minor","Malfunction found in batch","27.5","63.89","38.32","Poor","Fail","In Progress","Failed","Yes","No","null","Inspection completed - 0.66% defect rate","null"
"INSP00000478","2024-06-20","12:39",2024,8,"ORD00000906","PROD000029","Product 29","BATCH00478","INS0029","Inspector 29","Quality Control","QC Department","FAC07","Factory 7","LINE029","Assembly Line 29",7046,81,"1.15",4525,"Dimension Error","D007","Cosmetic","Dimension Error found in batch","68.41","99.82","20.98","Fair","Pass","Pending","Conditional Pass","No","No","null","Inspection completed - 1.15% defect rate","photo_INSP00000478.jpg"
"INSP00000479","2024-11-08","10:27",2024,6,"ORD00000777","PROD000030","Product 30","BATCH00479","INS0030","Inspector 30","Quality Control","QC Department","FAC08","Factory 8","LINE030","Assembly Line 30",6490,14,"0.22",4705,"None","D000","None","None found in batch","20.63","95.57","24.06","Poor","Fail","On Hold","Pending","No","No","null","Inspection completed - 0.22% defect rate","photo_INSP00000479.jpg"
"INSP00000480","2024-07-22","15:49",2024,6,"ORD00000162","PROD000031","Product 31","BATCH00480","INS0031","Inspector 31","Quality Control","QC Department","FAC01","Factory 1","LINE001","Assembly Line 1",1655,66,"3.99",267,"Crack","D001","Critical","Crack found in batch","59.24","61.93","30.1","Poor","Pass","Completed","Passed","No","Yes","Supervisor 1","Inspection completed - 3.99% defect rate","photo_INSP00000480.jpg"
"INSP00000481","2024-03-08","13:37",2024,6,"ORD00000041","PROD000032","Product 32","BATCH00481","INS0032","Inspector 32","Quality Control","QC Department","FAC02","Factory 2","LINE002","Assembly Line 2",4792,29,"0.61",2741,"Dent","D002","Major","Dent found in batch","36.56","57.07","48.71","Good","Pass","In Progress","Failed","Yes","No","null","Inspection completed - 0.61% defect rate","photo_INSP00000481.jpg"
"INSP00000482","2024-01-20","16:16",2024,12,"ORD00000238","PROD000033","Product 33","BATCH00482","INS0033","Inspector 33","Quality Control","QC Department","FAC03","Factory 3","LINE003","Assembly Line 3",1339,100,"7.47",891,"Discoloration","D003","Minor","Discoloration found in batch","33.36","18.57","41.69","Fair","Fail","Pending","Conditional Pass","No","No","null","Inspection completed - 7.47% defect rate","null"
"INSP00000483","2024-10-17","10:24",2024,8,"ORD00000683","PROD000034","Product 34","BATCH00483","INS0034","Inspector 34","Quality Control","QC Department","FAC04","Factory 4","LINE004","Assembly Line 4",4823,75,"1.56",1193,"Misalignment","D004","Cosmetic","Misalignment found in batch","75.46","59.88","45.24","Poor","Fail","On Hold","Pending","No","No","null","Inspection completed - 1.56% defect rate","photo_INSP00000483.jpg"
"INSP00000484","2024-02-13","16:50",2024,9,"ORD00000170","PROD000035","Product 35","BATCH00484","INS0035","Inspector 35","Quality Control","QC Department","FAC05","Factory 5","LINE005","Assembly Line 5",9131,88,"0.96",4046,"Missing Part","D005","None","Missing Part found in batch","79.85","80.29","8.02","Good","Pass","Completed","Passed","No","Yes","Supervisor 5","Inspection completed - 0.96% defect rate","photo_INSP00000484.jpg"
"INSP00000485","2024-02-18","12:57",2024,9,"ORD00000367","PROD000036","Product 36","BATCH00485","INS0036","Inspector 36","Quality Control","QC Department","FAC06","Factory 6","LINE006","Assembly Line 6",2363,20,"0.85",756,"Malfunction","D006","Critical","Malfunction found in batch","19.39","45.08","29.91","Good","Fail","In Progress","Failed","Yes","No","null","Inspection completed - 0.85% defect rate","null"
"INSP00000486","2024-04-21","14:07",2024,5,"ORD00000176","PROD000037","Product 37","BATCH00486","INS0037","Inspector 37","Quality Control","QC Department","FAC07","Factory 7","LINE007","Assembly Line 7",4237,95,"2.24",3080,"Dimension Error","D007","Major","Dimension Error found in batch","22.02","23.54","9.65","Poor","Pass","Pending","Conditional Pass","No","No","null","Inspection completed - 2.24% defect rate","photo_INSP00000486.jpg"
"INSP00000487","2024-07-16","12:33",2024,7,"ORD00000345","PROD000038","Product 38","BATCH00487","INS0038","Inspector 38","Quality Control","QC Department","FAC08","Factory 8","LINE008","Assembly Line 8",849,59,"6.95",844,"None","D000","Minor","None found in batch","41.59","20.93","13.04","Fair","Pass","On Hold","Pending","No","No","null","Inspection completed - 6.95% defect rate","photo_INSP00000487.jpg"
"INSP00000488","2024-03-18","09:58",2024,11,"ORD00000047","PROD000039","Product 39","BATCH00488","INS0039","Inspector 39","Quality Control","QC Department","FAC01","Factory 1","LINE009","Assembly Line 9",6586,88,"1.34",1804,"Crack","D001","Cosmetic","Crack found in batch","86.97","64.44","40.46","Poor","Fail","Completed","Passed","No","Yes","Supervisor 9","Inspection completed - 1.34% defect rate","null"
"INSP00000489","2024-12-01","08:32",2024,5,"ORD00000623","PROD000040","Product 40","BATCH00489","INS0040","Inspector 40","Quality Control","QC Department","FAC02","Factory 2","LINE010","Assembly Line 10",7787,14,"0.18",3441,"Dent","D002","None","Dent found in batch","86.89","65.7","11.28","Fair","Pass","In Progress","Failed","Yes","No","null","Inspection completed - 0.18% defect rate","null"
"INSP00000490","2024-12-12","17:35",2024,12,"ORD00000919","PROD000041","Product 41","BATCH00490","INS0041","Inspector 41","Quality Control","QC Department","FAC03","Factory 3","LINE011","Assembly Line 11",6211,73,"1.18",1132,"Discoloration","D003","Critical","Discoloration found in batch","21","32.26","20.05","Poor","Fail","Pending","Conditional Pass","No","No","null","Inspection completed - 1.18% defect rate","null"
"INSP00000491","2024-01-11","09:26",2024,5,"ORD00000930","PROD000042","Product 42","BATCH00491","INS0042","Inspector 42","Quality Control","QC Department","FAC04","Factory 4","LINE012","Assembly Line 12",7544,32,"0.42",5019,"Misalignment","D004","Major","Misalignment found in batch","67.87","20.46","47.87","Poor","Pass","On Hold","Pending","No","No","null","Inspection completed - 0.42% defect rate","null"
"INSP00000492","2024-08-27","13:07",2024,12,"ORD00000556","PROD000043","Product 43","BATCH00492","INS0043","Inspector 43","Quality Control","QC Department","FAC05","Factory 5","LINE013","Assembly Line 13",8080,76,"0.94",3806,"Missing Part","D005","Minor","Missing Part found in batch","10.56","11.11","7.92","Fair","Pass","Completed","Passed","No","Yes","Supervisor 3","Inspection completed - 0.94% defect rate","null"
"INSP00000493","2024-04-18","10:57",2024,9,"ORD00000569","PROD000044","Product 44","BATCH00493","INS0044","Inspector 44","Quality Control","QC Department","FAC06","Factory 6","LINE014","Assembly Line 14",9184,69,"0.75",3581,"Malfunction","D006","Cosmetic","Malfunction found in batch","25.37","87.1","44.6","Fair","Fail","In Progress","Failed","Yes","No","null","Inspection completed - 0.75% defect rate","null"
"INSP00000494","2024-11-12","14:03",2024,2,"ORD00000725","PROD000045","Product 45","BATCH00494","INS0045","Inspector 45","Quality Control","QC Department","FAC07","Factory 7","LINE015","Assembly Line 15",4193,92,"2.19",2527,"Dimension Error","D007","None","Dimension Error found in batch","42.53","13.56","25.21","Good","Fail","Pending","Conditional Pass","No","No","null","Inspection completed - 2.19% defect rate","photo_INSP00000494.jpg"
"INSP00000495","2024-09-01","12:18",2024,1,"ORD00000079","PROD000046","Product 46","BATCH00495","INS0046","Inspector 46","Quality Control","QC Department","FAC08","Factory 8","LINE016","Assembly Line 16",2235,2,"0.09",301,"None","D000","Critical","None found in batch","75.61","75.02","45.33","Fair","Pass","On Hold","Pending","No","No","null","Inspection completed - 0.09% defect rate","photo_INSP00000495.jpg"
"INSP00000496","2024-06-02","16:43",2024,7,"ORD00000392","PROD000047","Product 47","BATCH00496","INS0047","Inspector 47","Quality Control","QC Department","FAC01","Factory 1","LINE017","Assembly Line 17",3544,82,"2.31",3047,"Crack","D001","Major","Crack found in batch","33.96","12.52","45.91","Poor","Pass","Completed","Passed","No","Yes","Supervisor 7","Inspection completed - 2.31% defect rate","null"
"INSP00000497","2024-04-19","08:21",2024,3,"ORD00000049","PROD000048","Product 48","BATCH00497","INS0048","Inspector 48","Quality Control","QC Department","FAC02","Factory 2","LINE018","Assembly Line 18",8365,78,"0.93",8364,"Dent","D002","Minor","Dent found in batch","68.97","88.56","21.65","Poor","Fail","In Progress","Failed","Yes","No","null","Inspection completed - 0.93% defect rate","photo_INSP00000497.jpg"
"INSP00000498","2024-12-26","14:12",2024,3,"ORD00000726","PROD000049","Product 49","BATCH00498","INS0049","Inspector 49","Quality Control","QC Department","FAC03","Factory 3","LINE019","Assembly Line 19",7378,29,"0.39",3298,"Discoloration","D003","Cosmetic","Discoloration found in batch","54.3","33.8","11.86","Good","Pass","Pending","Conditional Pass","No","No","null","Inspection completed - 0.39% defect rate","null"
"INSP00000499","2024-04-20","15:12",2024,5,"ORD00000789","PROD000050","Product 50","BATCH00499","INS0050","Inspector 50","Quality Control","QC Department","FAC04","Factory 4","LINE020","Assembly Line 20",2200,14,"0.64",887,"Misalignment","D004","None","Misalignment found in batch","96.74","79.64","26.25","Poor","Fail","On Hold","Pending","No","No","null","Inspection completed - 0.64% defect rate","null"
"INSP00000500","2024-01-18","16:36",2024,6,"ORD00000299","PROD000051","Product 51","BATCH00500","INS0001","Inspector 1","Quality Control","QC Department","FAC05","Factory 5","LINE021","Assembly Line 21",8074,72,"0.89",2366,"Missing Part","D005","Critical","Missing Part found in batch","18.16","59.46","44.23","Fair","Pass","Completed","Passed","No","Yes","Supervisor 1","Inspection completed - 0.89% defect rate","photo_INSP00000500.jpg"
"INSP00000501","2024-10-20","14:58",2024,11,"ORD00000402","PROD000052","Product 52","BATCH00501","INS0002","Inspector 2","Quality Control","QC Department","FAC06","Factory 6","LINE022","Assembly Line 22",4721,58,"1.23",586,"Malfunction","D006","Major","Malfunction found in batch","95.1","12.83","5.94","Fair","Fail","In Progress","Failed","Yes","No","null","Inspection completed - 1.23% defect rate","null"
"INSP00000502","2024-11-10","12:08",2024,11,"ORD00000285","PROD000053","Product 53","BATCH00502","INS0003","Inspector 3","Quality Control","QC Department","FAC07","Factory 7","LINE023","Assembly Line 23",6796,5,"0.07",1978,"Dimension Error","D007","Minor","Dimension Error found in batch","56.06","93.87","31.3","Fair","Pass","Pending","Conditional Pass","No","No","null","Inspection completed - 0.07% defect rate","photo_INSP00000502.jpg"
"INSP00000503","2024-06-26","13:44",2024,5,"ORD00000545","PROD000054","Product 54","BATCH00503","INS0004","Inspector 4","Quality Control","QC Department","FAC08","Factory 8","LINE024","Assembly Line 24",8563,7,"0.08",843,"None","D000","Cosmetic","None found in batch","62.48","49.41","32.48","Poor","Fail","On Hold","Pending","No","No","null","Inspection completed - 0.08% defect rate","photo_INSP00000503.jpg"
"INSP00000504","2024-10-24","09:16",2024,9,"ORD00000475","PROD000055","Product 55","BATCH00504","INS0005","Inspector 5","Quality Control","QC Department","FAC01","Factory 1","LINE025","Assembly Line 25",4894,17,"0.35",1993,"Crack","D001","None","Crack found in batch","83.59","71.92","23.9","Good","Pass","Completed","Passed","No","Yes","Supervisor 5","Inspection completed - 0.35% defect rate","null"
"INSP00000505","2024-10-25","16:05",2024,3,"ORD00000803","PROD000056","Product 56","BATCH00505","INS0006","Inspector 6","Quality Control","QC Department","FAC02","Factory 2","LINE026","Assembly Line 26",4657,33,"0.71",3026,"Dent","D002","Critical","Dent found in batch","60.97","55.14","17.89","Good","Pass","In Progress","Failed","Yes","No","null","Inspection completed - 0.71% defect rate","photo_INSP00000505.jpg"
"INSP00000506","2024-03-23","10:16",2024,6,"ORD00000904","PROD000057","Product 57","BATCH00506","INS0007","Inspector 7","Quality Control","QC Department","FAC03","Factory 3","LINE027","Assembly Line 27",6619,39,"0.59",1848,"Discoloration","D003","Major","Discoloration found in batch","66.18","61.95","19.41","Poor","Pass","Pending","Conditional Pass","No","No","null","Inspection completed - 0.59% defect rate","null"
"INSP00000507","2024-04-06","09:24",2024,11,"ORD00000520","PROD000058","Product 58","BATCH00507","INS0008","Inspector 8","Quality Control","QC Department","FAC04","Factory 4","LINE028","Assembly Line 28",4663,67,"1.44",1856,"Misalignment","D004","Minor","Misalignment found in batch","55.78","92.71","8.01","Poor","Fail","On Hold","Pending","No","No","null","Inspection completed - 1.44% defect rate","null"
"INSP00000508","2024-06-03","10:56",2024,3,"ORD00000695","PROD000059","Product 59","BATCH00508","INS0009","Inspector 9","Quality Control","QC Department","FAC05","Factory 5","LINE029","Assembly Line 29",8468,33,"0.39",2761,"Missing Part","D005","Cosmetic","Missing Part found in batch","49.86","84.84","49.73","Poor","Fail","Completed","Passed","No","Yes","Supervisor 9","Inspection completed - 0.39% defect rate","photo_INSP00000508.jpg"
"INSP00000509","2024-11-22","15:09",2024,6,"ORD00000949","PROD000060","Product 60","BATCH00509","INS0010","Inspector 10","Quality Control","QC Department","FAC06","Factory 6","LINE030","Assembly Line 30",8774,76,"0.87",8312,"Malfunction","D006","None","Malfunction found in batch","59.42","49.76","46.77","Fair","Fail","In Progress","Failed","Yes","No","null","Inspection completed - 0.87% defect rate","null"
"INSP00000510","2024-12-01","17:50",2024,9,"ORD00000529","PROD000061","Product 61","BATCH00510","INS0011","Inspector 11","Quality Control","QC Department","FAC07","Factory 7","LINE001","Assembly Line 1",5292,89,"1.68",5284,"Dimension Error","D007","Critical","Dimension Error found in batch","42.73","36.49","9.96","Good","Fail","Pending","Conditional Pass","No","No","null","Inspection completed - 1.68% defect rate","photo_INSP00000510.jpg"
"INSP00000511","2024-06-09","13:07",2024,2,"ORD00000799","PROD000062","Product 62","BATCH00511","INS0012","Inspector 12","Quality Control","QC Department","FAC08","Factory 8","LINE002","Assembly Line 2",2791,36,"1.29",630,"None","D000","Major","None found in batch","50.21","21.61","18.23","Poor","Fail","On Hold","Pending","No","No","null","Inspection completed - 1.29% defect rate","photo_INSP00000511.jpg"
"INSP00000512","2024-06-17","14:51",2024,3,"ORD00000756","PROD000063","Product 63","BATCH00512","INS0013","Inspector 13","Quality Control","QC Department","FAC01","Factory 1","LINE003","Assembly Line 3",3545,76,"2.14",389,"Crack","D001","Minor","Crack found in batch","69.05","24.3","1.47","Good","Pass","Completed","Passed","No","Yes","Supervisor 3","Inspection completed - 2.14% defect rate","photo_INSP00000512.jpg"
"INSP00000513","2024-12-01","16:16",2024,1,"ORD00000936","PROD000064","Product 64","BATCH00513","INS0014","Inspector 14","Quality Control","QC Department","FAC02","Factory 2","LINE004","Assembly Line 4",7482,65,"0.87",5270,"Dent","D002","Cosmetic","Dent found in batch","93.01","46.9","19.16","Good","Fail","In Progress","Failed","Yes","No","null","Inspection completed - 0.87% defect rate","null"
"INSP00000514","2024-04-21","12:03",2024,4,"ORD00000256","PROD000065","Product 65","BATCH00514","INS0015","Inspector 15","Quality Control","QC Department","FAC03","Factory 3","LINE005","Assembly Line 5",4279,31,"0.72",1224,"Discoloration","D003","None","Discoloration found in batch","69.42","77","37.23","Poor","Fail","Pending","Conditional Pass","No","No","null","Inspection completed - 0.72% defect rate","photo_INSP00000514.jpg"
"INSP00000515","2024-10-28","17:26",2024,2,"ORD00000809","PROD000066","Product 66","BATCH00515","INS0016","Inspector 16","Quality Control","QC Department","FAC04","Factory 4","LINE006","Assembly Line 6",3357,58,"1.73",402,"Misalignment","D004","Critical","Misalignment found in batch","55.53","67.33","27.07","Fair","Fail","On Hold","Pending","No","No","null","Inspection completed - 1.73% defect rate","null"
"INSP00000516","2024-04-21","13:17",2024,4,"ORD00000260","PROD000067","Product 67","BATCH00516","INS0017","Inspector 17","Quality Control","QC Department","FAC05","Factory 5","LINE007","Assembly Line 7",629,93,"14.79",114,"Missing Part","D005","Major","Missing Part found in batch","41","66.22","18.87","Poor","Fail","Completed","Passed","No","Yes","Supervisor 7","Inspection completed - 14.79% defect rate","null"
"INSP00000517","2024-10-04","16:21",2024,3,"ORD00000574","PROD000068","Product 68","BATCH00517","INS0018","Inspector 18","Quality Control","QC Department","FAC06","Factory 6","LINE008","Assembly Line 8",7938,99,"1.25",1811,"Malfunction","D006","Minor","Malfunction found in batch","12.16","98.29","19.37","Fair","Fail","In Progress","Failed","Yes","No","null","Inspection completed - 1.25% defect rate","null"
"INSP00000518","2024-03-22","08:34",2024,1,"ORD00000177","PROD000069","Product 69","BATCH00518","INS0019","Inspector 19","Quality Control","QC Department","FAC07","Factory 7","LINE009","Assembly Line 9",2769,87,"3.14",592,"Dimension Error","D007","Cosmetic","Dimension Error found in batch","48.23","81.79","6.51","Poor","Pass","Pending","Conditional Pass","No","No","null","Inspection completed - 3.14% defect rate","null"
"INSP00000519","2024-06-15","10:01",2024,4,"ORD00000235","PROD000070","Product 70","BATCH00519","INS0020","Inspector 20","Quality Control","QC Department","FAC08","Factory 8","LINE010","Assembly Line 10",3229,36,"1.11",2426,"None","D000","None","None found in batch","70.44","88.52","20.21","Poor","Pass","On Hold","Pending","No","No","null","Inspection completed - 1.11% defect rate","null"
"INSP00000520","2024-01-14","13:37",2024,2,"ORD00000141","PROD000071","Product 71","BATCH00520","INS0021","Inspector 21","Quality Control","QC Department","FAC01","Factory 1","LINE011","Assembly Line 11",6185,86,"1.39",4326,"Crack","D001","Critical","Crack found in batch","56.07","31.05","46.17","Good","Pass","Completed","Passed","No","Yes","Supervisor 1","Inspection completed - 1.39% defect rate","null"
"INSP00000521","2024-11-24","15:10",2024,4,"ORD00000711","PROD000072","Product 72","BATCH00521","INS0022","Inspector 22","Quality Control","QC Department","FAC02","Factory 2","LINE012","Assembly Line 12",7998,66,"0.83",3417,"Dent","D002","Major","Dent found in batch","36.68","95.09","23.03","Fair","Pass","In Progress","Failed","Yes","No","null","Inspection completed - 0.83% defect rate","photo_INSP00000521.jpg"
"INSP00000522","2024-11-23","14:12",2024,12,"ORD00000976","PROD000073","Product 73","BATCH00522","INS0023","Inspector 23","Quality Control","QC Department","FAC03","Factory 3","LINE013","Assembly Line 13",5658,81,"1.43",5249,"Discoloration","D003","Minor","Discoloration found in batch","19.11","47.72","2.11","Fair","Fail","Pending","Conditional Pass","No","No","null","Inspection completed - 1.43% defect rate","photo_INSP00000522.jpg"
"INSP00000523","2024-02-27","09:31",2024,4,"ORD00000117","PROD000074","Product 74","BATCH00523","INS0024","Inspector 24","Quality Control","QC Department","FAC04","Factory 4","LINE014","Assembly Line 14",6605,35,"0.53",1496,"Misalignment","D004","Cosmetic","Misalignment found in batch","19.55","51.79","45.77","Poor","Pass","On Hold","Pending","No","No","null","Inspection completed - 0.53% defect rate","null"
"INSP00000524","2024-09-19","15:31",2024,12,"ORD00000188","PROD000075","Product 75","BATCH00524","INS0025","Inspector 25","Quality Control","QC Department","FAC05","Factory 5","LINE015","Assembly Line 15",4101,62,"1.51",1880,"Missing Part","D005","None","Missing Part found in batch","69.15","15.09","45.32","Fair","Pass","Completed","Passed","No","Yes","Supervisor 5","Inspection completed - 1.51% defect rate","null"
"INSP00000525","2024-03-13","17:02",2024,8,"ORD00000785","PROD000076","Product 76","BATCH00525","INS0026","Inspector 26","Quality Control","QC Department","FAC06","Factory 6","LINE016","Assembly Line 16",4546,70,"1.54",2553,"Malfunction","D006","Critical","Malfunction found in batch","57.46","85.86","24.46","Poor","Fail","In Progress","Failed","Yes","No","null","Inspection completed - 1.54% defect rate","null"
"INSP00000526","2024-08-09","16:39",2024,9,"ORD00000632","PROD000077","Product 77","BATCH00526","INS0027","Inspector 27","Quality Control","QC Department","FAC07","Factory 7","LINE017","Assembly Line 17",4996,25,"0.5",2578,"Dimension Error","D007","Major","Dimension Error found in batch","43.72","90.27","25.67","Fair","Pass","Pending","Conditional Pass","No","No","null","Inspection completed - 0.5% defect rate","null"
"INSP00000527","2024-03-25","10:41",2024,11,"ORD00000435","PROD000078","Product 78","BATCH00527","INS0028","Inspector 28","Quality Control","QC Department","FAC08","Factory 8","LINE018","Assembly Line 18",3489,44,"1.26",1897,"None","D000","Minor","None found in batch","65.1","15.18","21.94","Fair","Fail","On Hold","Pending","No","No","null","Inspection completed - 1.26% defect rate","null"
"INSP00000528","2024-09-19","17:08",2024,11,"ORD00000622","PROD000079","Product 79","BATCH00528","INS0029","Inspector 29","Quality Control","QC Department","FAC01","Factory 1","LINE019","Assembly Line 19",4087,7,"0.17",2254,"Crack","D001","Cosmetic","Crack found in batch","56.65","39.28","36.65","Good","Pass","Completed","Passed","No","Yes","Supervisor 9","Inspection completed - 0.17% defect rate","photo_INSP00000528.jpg"
"INSP00000529","2024-04-13","12:53",2024,8,"ORD00000958","PROD000080","Product 80","BATCH00529","INS0030","Inspector 30","Quality Control","QC Department","FAC02","Factory 2","LINE020","Assembly Line 20",2904,78,"2.69",1929,"Dent","D002","None","Dent found in batch","95.91","25.15","10.91","Fair","Fail","In Progress","Failed","Yes","No","null","Inspection completed - 2.69% defect rate","photo_INSP00000529.jpg"
"INSP00000530","2024-08-02","17:11",2024,10,"ORD00000456","PROD000081","Product 81","BATCH00530","INS0031","Inspector 31","Quality Control","QC Department","FAC03","Factory 3","LINE021","Assembly Line 21",3122,97,"3.11",2305,"Discoloration","D003","Critical","Discoloration found in batch","49.03","43.93","2.11","Poor","Fail","Pending","Conditional Pass","No","No","null","Inspection completed - 3.11% defect rate","null"
"INSP00000531","2024-07-26","17:28",2024,4,"ORD00000234","PROD000082","Product 82","BATCH00531","INS0032","Inspector 32","Quality Control","QC Department","FAC04","Factory 4","LINE022","Assembly Line 22",1959,30,"1.53",528,"Misalignment","D004","Major","Misalignment found in batch","87.57","11.54","25.62","Poor","Pass","On Hold","Pending","No","No","null","Inspection completed - 1.53% defect rate","null"
"INSP00000532","2024-07-04","14:54",2024,3,"ORD00000997","PROD000083","Product 83","BATCH00532","INS0033","Inspector 33","Quality Control","QC Department","FAC05","Factory 5","LINE023","Assembly Line 23",3259,74,"2.27",986,"Missing Part","D005","Minor","Missing Part found in batch","95.63","74.29","28.46","Poor","Fail","Completed","Passed","No","Yes","Supervisor 3","Inspection completed - 2.27% defect rate","null"
"INSP00000533","2024-04-01","08:06",2024,9,"ORD00000088","PROD000084","Product 84","BATCH00533","INS0034","Inspector 34","Quality Control","QC Department","FAC06","Factory 6","LINE024","Assembly Line 24",4282,85,"1.99",1135,"Malfunction","D006","Cosmetic","Malfunction found in batch","44.1","61.57","20.57","Good","Pass","In Progress","Failed","Yes","No","null","Inspection completed - 1.99% defect rate","null"
"INSP00000534","2024-02-24","08:50",2024,12,"ORD00000440","PROD000085","Product 85","BATCH00534","INS0035","Inspector 35","Quality Control","QC Department","FAC07","Factory 7","LINE025","Assembly Line 25",7077,7,"0.1",6443,"Dimension Error","D007","None","Dimension Error found in batch","52.22","85.6","30.88","Poor","Pass","Pending","Conditional Pass","No","No","null","Inspection completed - 0.1% defect rate","photo_INSP00000534.jpg"
"INSP00000535","2024-04-02","16:47",2024,11,"ORD00000856","PROD000086","Product 86","BATCH00535","INS0036","Inspector 36","Quality Control","QC Department","FAC08","Factory 8","LINE026","Assembly Line 26",9371,61,"0.65",4227,"None","D000","Critical","None found in batch","34.32","20.72","3.59","Good","Pass","On Hold","Pending","No","No","null","Inspection completed - 0.65% defect rate","photo_INSP00000535.jpg"
"INSP00000536","2024-01-22","13:55",2024,2,"ORD00000888","PROD000087","Product 87","BATCH00536","INS0037","Inspector 37","Quality Control","QC Department","FAC01","Factory 1","LINE027","Assembly Line 27",4754,20,"0.42",3543,"Crack","D001","Major","Crack found in batch","21.71","52.65","16.16","Good","Pass","Completed","Passed","No","Yes","Supervisor 7","Inspection completed - 0.42% defect rate","photo_INSP00000536.jpg"
"INSP00000537","2024-11-11","15:39",2024,1,"ORD00000230","PROD000088","Product 88","BATCH00537","INS0038","Inspector 38","Quality Control","QC Department","FAC02","Factory 2","LINE028","Assembly Line 28",2701,91,"3.37",971,"Dent","D002","Minor","Dent found in batch","96.99","59.83","3.76","Poor","Pass","In Progress","Failed","Yes","No","null","Inspection completed - 3.37% defect rate","photo_INSP00000537.jpg"
"INSP00000538","2024-09-12","16:05",2024,10,"ORD00000149","PROD000089","Product 89","BATCH00538","INS0039","Inspector 39","Quality Control","QC Department","FAC03","Factory 3","LINE029","Assembly Line 29",6760,15,"0.22",2008,"Discoloration","D003","Cosmetic","Discoloration found in batch","35.46","94.05","46.31","Fair","Pass","Pending","Conditional Pass","No","No","null","Inspection completed - 0.22% defect rate","photo_INSP00000538.jpg"
"INSP00000539","2024-02-09","13:52",2024,2,"ORD00000999","PROD000090","Product 90","BATCH00539","INS0040","Inspector 40","Quality Control","QC Department","FAC04","Factory 4","LINE030","Assembly Line 30",6880,87,"1.26",4154,"Misalignment","D004","None","Misalignment found in batch","63.26","28.74","18.09","Poor","Fail","On Hold","Pending","No","No","null","Inspection completed - 1.26% defect rate","photo_INSP00000539.jpg"
"INSP00000540","2024-01-09","13:04",2024,8,"ORD00000966","PROD000091","Product 91","BATCH00540","INS0041","Inspector 41","Quality Control","QC Department","FAC05","Factory 5","LINE001","Assembly Line 1",4472,5,"0.11",3975,"Missing Part","D005","Critical","Missing Part found in batch","86.25","85.35","41.62","Poor","Fail","Completed","Passed","No","Yes","Supervisor 1","Inspection completed - 0.11% defect rate","null"
"INSP00000541","2024-05-23","12:37",2024,7,"ORD00000790","PROD000092","Product 92","BATCH00541","INS0042","Inspector 42","Quality Control","QC Department","FAC06","Factory 6","LINE002","Assembly Line 2",4177,19,"0.45",270,"Malfunction","D006","Major","Malfunction found in batch","56.98","60.88","16.9","Fair","Pass","In Progress","Failed","Yes","No","null","Inspection completed - 0.45% defect rate","null"
"INSP00000542","2024-09-17","16:20",2024,7,"ORD00000082","PROD000093","Product 93","BATCH00542","INS0043","Inspector 43","Quality Control","QC Department","FAC07","Factory 7","LINE003","Assembly Line 3",7801,75,"0.96",1041,"Dimension Error","D007","Minor","Dimension Error found in batch","63.16","26.09","13.27","Fair","Fail","Pending","Conditional Pass","No","No","null","Inspection completed - 0.96% defect rate","photo_INSP00000542.jpg"
"INSP00000543","2024-06-08","11:48",2024,7,"ORD00000122","PROD000094","Product 94","BATCH00543","INS0044","Inspector 44","Quality Control","QC Department","FAC08","Factory 8","LINE004","Assembly Line 4",9712,33,"0.34",839,"None","D000","Cosmetic","None found in batch","99.53","55.89","5.88","Fair","Pass","On Hold","Pending","No","No","null","Inspection completed - 0.34% defect rate","photo_INSP00000543.jpg"
"INSP00000544","2024-10-24","15:36",2024,9,"ORD00000709","PROD000095","Product 95","BATCH00544","INS0045","Inspector 45","Quality Control","QC Department","FAC01","Factory 1","LINE005","Assembly Line 5",1123,64,"5.7",1034,"Crack","D001","None","Crack found in batch","47.3","26.34","29.62","Fair","Fail","Completed","Passed","No","Yes","Supervisor 5","Inspection completed - 5.7% defect rate","null"
"INSP00000545","2024-07-12","17:05",2024,3,"ORD00000571","PROD000096","Product 96","BATCH00545","INS0046","Inspector 46","Quality Control","QC Department","FAC02","Factory 2","LINE006","Assembly Line 6",7532,43,"0.57",4050,"Dent","D002","Critical","Dent found in batch","72.17","83.7","38.96","Fair","Pass","In Progress","Failed","Yes","No","null","Inspection completed - 0.57% defect rate","photo_INSP00000545.jpg"
"INSP00000546","2024-09-25","16:02",2024,1,"ORD00000494","PROD000097","Product 97","BATCH00546","INS0047","Inspector 47","Quality Control","QC Department","FAC03","Factory 3","LINE007","Assembly Line 7",9982,24,"0.24",972,"Discoloration","D003","Major","Discoloration found in batch","56.23","69.72","10.17","Poor","Fail","Pending","Conditional Pass","No","No","null","Inspection completed - 0.24% defect rate","photo_INSP00000546.jpg"
"INSP00000547","2024-11-28","14:43",2024,7,"ORD00000012","PROD000098","Product 98","BATCH00547","INS0048","Inspector 48","Quality Control","QC Department","FAC04","Factory 4","LINE008","Assembly Line 8",9271,25,"0.27",5971,"Misalignment","D004","Minor","Misalignment found in batch","65.54","89.69","10.6","Good","Fail","On Hold","Pending","No","No","null","Inspection completed - 0.27% defect rate","null"
"INSP00000548","2024-03-20","10:08",2024,8,"ORD00000487","PROD000099","Product 99","BATCH00548","INS0049","Inspector 49","Quality Control","QC Department","FAC05","Factory 5","LINE009","Assembly Line 9",4413,83,"1.88",2644,"Missing Part","D005","Cosmetic","Missing Part found in batch","41.59","49.61","14.43","Fair","Pass","Completed","Passed","No","Yes","Supervisor 9","Inspection completed - 1.88% defect rate","null"
"INSP00000549","2024-02-28","15:24",2024,9,"ORD00000453","PROD000100","Product 100","BATCH00549","INS0050","Inspector 50","Quality Control","QC Department","FAC06","Factory 6","LINE010","Assembly Line 10",6533,73,"1.12",4528,"Malfunction","D006","None","Malfunction found in batch","44.28","96.46","25.79","Good","Fail","In Progress","Failed","Yes","No","null","Inspection completed - 1.12% defect rate","null"
"INSP00000550","2024-12-08","10:54",2024,6,"ORD00000417","PROD000101","Product 101","BATCH00550","INS0001","Inspector 1","Quality Control","QC Department","FAC07","Factory 7","LINE011","Assembly Line 11",1619,92,"5.68",1324,"Dimension Error","D007","Critical","Dimension Error found in batch","33.77","63.2","20.22","Good","Pass","Pending","Conditional Pass","No","No","null","Inspection completed - 5.68% defect rate","photo_INSP00000550.jpg"
"INSP00000551","2024-07-19","09:49",2024,5,"ORD00000478","PROD000102","Product 102","BATCH00551","INS0002","Inspector 2","Quality Control","QC Department","FAC08","Factory 8","LINE012","Assembly Line 12",9425,99,"1.05",228,"None","D000","Major","None found in batch","64.85","59.35","36.33","Fair","Fail","On Hold","Pending","No","No","null","Inspection completed - 1.05% defect rate","null"
"INSP00000552","2024-08-14","15:15",2024,7,"ORD00000242","PROD000103","Product 103","BATCH00552","INS0003","Inspector 3","Quality Control","QC Department","FAC01","Factory 1","LINE013","Assembly Line 13",7531,10,"0.13",4114,"Crack","D001","Minor","Crack found in batch","11.89","65.49","19.48","Fair","Fail","Completed","Passed","No","Yes","Supervisor 3","Inspection completed - 0.13% defect rate","null"
"INSP00000553","2024-01-28","15:43",2024,7,"ORD00000327","PROD000104","Product 104","BATCH00553","INS0004","Inspector 4","Quality Control","QC Department","FAC02","Factory 2","LINE014","Assembly Line 14",596,85,"14.26",54,"Dent","D002","Cosmetic","Dent found in batch","97.18","73.36","21.51","Good","Pass","In Progress","Failed","Yes","No","null","Inspection completed - 14.26% defect rate","null"
"INSP00000554","2024-10-03","10:26",2024,8,"ORD00000687","PROD000105","Product 105","BATCH00554","INS0005","Inspector 5","Quality Control","QC Department","FAC03","Factory 3","LINE015","Assembly Line 15",8681,8,"0.09",7573,"Discoloration","D003","None","Discoloration found in batch","14.37","38.59","17.15","Poor","Fail","Pending","Conditional Pass","No","No","null","Inspection completed - 0.09% defect rate","null"
"INSP00000555","2024-11-05","16:01",2024,12,"ORD00000714","PROD000106","Product 106","BATCH00555","INS0006","Inspector 6","Quality Control","QC Department","FAC04","Factory 4","LINE016","Assembly Line 16",3031,92,"3.04",1017,"Misalignment","D004","Critical","Misalignment found in batch","62.26","71.83","31.67","Poor","Pass","On Hold","Pending","No","No","null","Inspection completed - 3.04% defect rate","null"
"INSP00000556","2024-04-05","12:35",2024,2,"ORD00000589","PROD000107","Product 107","BATCH00556","INS0007","Inspector 7","Quality Control","QC Department","FAC05","Factory 5","LINE017","Assembly Line 17",2851,83,"2.91",2736,"Missing Part","D005","Major","Missing Part found in batch","16.12","46.12","43.77","Poor","Pass","Completed","Passed","No","Yes","Supervisor 7","Inspection completed - 2.91% defect rate","photo_INSP00000556.jpg"
"INSP00000557","2024-03-25","13:30",2024,4,"ORD00000055","PROD000108","Product 108","BATCH00557","INS0008","Inspector 8","Quality Control","QC Department","FAC06","Factory 6","LINE018","Assembly Line 18",4286,14,"0.33",1247,"Malfunction","D006","Minor","Malfunction found in batch","63.31","69.09","49.23","Good","Fail","In Progress","Failed","Yes","No","null","Inspection completed - 0.33% defect rate","photo_INSP00000557.jpg"
"INSP00000558","2024-02-10","11:49",2024,10,"ORD00000544","PROD000109","Product 109","BATCH00558","INS0009","Inspector 9","Quality Control","QC Department","FAC07","Factory 7","LINE019","Assembly Line 19",6922,100,"1.44",5197,"Dimension Error","D007","Cosmetic","Dimension Error found in batch","86.03","21.45","13.99","Poor","Fail","Pending","Conditional Pass","No","No","null","Inspection completed - 1.44% defect rate","null"
"INSP00000559","2024-04-24","10:55",2024,1,"ORD00000410","PROD000110","Product 110","BATCH00559","INS0010","Inspector 10","Quality Control","QC Department","FAC08","Factory 8","LINE020","Assembly Line 20",2157,73,"3.38",1595,"None","D000","None","None found in batch","51.03","77.29","35.19","Poor","Pass","On Hold","Pending","No","No","null","Inspection completed - 3.38% defect rate","photo_INSP00000559.jpg"
"INSP00000560","2024-09-04","17:50",2024,9,"ORD00000539","PROD000111","Product 111","BATCH00560","INS0011","Inspector 11","Quality Control","QC Department","FAC01","Factory 1","LINE021","Assembly Line 21",7288,7,"0.1",5028,"Crack","D001","Critical","Crack found in batch","54.28","24.21","10.13","Good","Fail","Completed","Passed","No","Yes","Supervisor 1","Inspection completed - 0.1% defect rate","null"
"INSP00000561","2024-10-19","14:43",2024,5,"ORD00000753","PROD000112","Product 112","BATCH00561","INS0012","Inspector 12","Quality Control","QC Department","FAC02","Factory 2","LINE022","Assembly Line 22",1951,5,"0.26",887,"Dent","D002","Major","Dent found in batch","23.19","38.77","26.42","Poor","Fail","In Progress","Failed","Yes","No","null","Inspection completed - 0.26% defect rate","photo_INSP00000561.jpg"
"INSP00000562","2024-04-15","15:08",2024,8,"ORD00000819","PROD000113","Product 113","BATCH00562","INS0013","Inspector 13","Quality Control","QC Department","FAC03","Factory 3","LINE023","Assembly Line 23",8195,4,"0.05",4194,"Discoloration","D003","Minor","Discoloration found in batch","63","39.11","41.26","Good","Fail","Pending","Conditional Pass","No","No","null","Inspection completed - 0.05% defect rate","photo_INSP00000562.jpg"
"INSP00000563","2024-02-16","15:23",2024,3,"ORD00000581","PROD000114","Product 114","BATCH00563","INS0014","Inspector 14","Quality Control","QC Department","FAC04","Factory 4","LINE024","Assembly Line 24",5203,23,"0.44",2729,"Misalignment","D004","Cosmetic","Misalignment found in batch","17.12","59.96","45.79","Good","Fail","On Hold","Pending","No","No","null","Inspection completed - 0.44% defect rate","null"
"INSP00000564","2024-10-09","11:02",2024,4,"ORD00000947","PROD000115","Product 115","BATCH00564","INS0015","Inspector 15","Quality Control","QC Department","FAC05","Factory 5","LINE025","Assembly Line 25",7603,33,"0.43",1202,"Missing Part","D005","None","Missing Part found in batch","55.66","49.4","3.75","Poor","Fail","Completed","Passed","No","Yes","Supervisor 5","Inspection completed - 0.43% defect rate","null"
"INSP00000565","2024-02-05","17:59",2024,12,"ORD00000238","PROD000116","Product 116","BATCH00565","INS0016","Inspector 16","Quality Control","QC Department","FAC06","Factory 6","LINE026","Assembly Line 26",3865,6,"0.16",3120,"Malfunction","D006","Critical","Malfunction found in batch","15.16","21.06","29.15","Fair","Pass","In Progress","Failed","Yes","No","null","Inspection completed - 0.16% defect rate","null"
"INSP00000566","2024-09-02","09:51",2024,1,"ORD00000284","PROD000117","Product 117","BATCH00566","INS0017","Inspector 17","Quality Control","QC Department","FAC07","Factory 7","LINE027","Assembly Line 27",4398,66,"1.5",340,"Dimension Error","D007","Major","Dimension Error found in batch","59.71","83.54","40.42","Poor","Pass","Pending","Conditional Pass","No","No","null","Inspection completed - 1.5% defect rate","null"
"INSP00000567","2024-03-11","09:22",2024,4,"ORD00000973","PROD000118","Product 118","BATCH00567","INS0018","Inspector 18","Quality Control","QC Department","FAC08","Factory 8","LINE028","Assembly Line 28",3600,53,"1.47",3369,"None","D000","Minor","None found in batch","39.25","68.56","38.09","Fair","Fail","On Hold","Pending","No","No","null","Inspection completed - 1.47% defect rate","photo_INSP00000567.jpg"
"INSP00000568","2024-12-27","14:27",2024,9,"ORD00000777","PROD000119","Product 119","BATCH00568","INS0019","Inspector 19","Quality Control","QC Department","FAC01","Factory 1","LINE029","Assembly Line 29",6016,57,"0.95",4355,"Crack","D001","Cosmetic","Crack found in batch","84.12","14.3","24.44","Fair","Fail","Completed","Passed","No","Yes","Supervisor 9","Inspection completed - 0.95% defect rate","photo_INSP00000568.jpg"
"INSP00000569","2024-11-03","09:54",2024,11,"ORD00000614","PROD000120","Product 120","BATCH00569","INS0020","Inspector 20","Quality Control","QC Department","FAC02","Factory 2","LINE030","Assembly Line 30",7305,65,"0.89",6073,"Dent","D002","None","Dent found in batch","57.34","53.58","25.62","Good","Pass","In Progress","Failed","Yes","No","null","Inspection completed - 0.89% defect rate","null"
"INSP00000570","2024-11-24","08:51",2024,3,"ORD00000208","PROD000121","Product 121","BATCH00570","INS0021","Inspector 21","Quality Control","QC Department","FAC03","Factory 3","LINE001","Assembly Line 1",2016,41,"2.03",1058,"Discoloration","D003","Critical","Discoloration found in batch","75.27","84.02","12.51","Good","Fail","Pending","Conditional Pass","No","No","null","Inspection completed - 2.03% defect rate","null"
"INSP00000571","2024-12-03","16:03",2024,3,"ORD00000548","PROD000122","Product 122","BATCH00571","INS0022","Inspector 22","Quality Control","QC Department","FAC04","Factory 4","LINE002","Assembly Line 2",7164,58,"0.81",519,"Misalignment","D004","Major","Misalignment found in batch","29.79","19.24","38.39","Poor","Pass","On Hold","Pending","No","No","null","Inspection completed - 0.81% defect rate","photo_INSP00000571.jpg"
"INSP00000572","2024-02-20","09:09",2024,4,"ORD00000238","PROD000123","Product 123","BATCH00572","INS0023","Inspector 23","Quality Control","QC Department","FAC05","Factory 5","LINE003","Assembly Line 3",5874,34,"0.58",3755,"Missing Part","D005","Minor","Missing Part found in batch","51.62","95.3","30.02","Poor","Fail","Completed","Passed","No","Yes","Supervisor 3","Inspection completed - 0.58% defect rate","null"
"INSP00000573","2024-03-15","16:35",2024,5,"ORD00000976","PROD000124","Product 124","BATCH00573","INS0024","Inspector 24","Quality Control","QC Department","FAC06","Factory 6","LINE004","Assembly Line 4",5353,79,"1.48",2833,"Malfunction","D006","Cosmetic","Malfunction found in batch","60.77","33.49","29.79","Poor","Pass","In Progress","Failed","Yes","No","null","Inspection completed - 1.48% defect rate","null"
"INSP00000574","2024-06-21","12:39",2024,2,"ORD00000416","PROD000125","Product 125","BATCH00574","INS0025","Inspector 25","Quality Control","QC Department","FAC07","Factory 7","LINE005","Assembly Line 5",5696,3,"0.05",2787,"Dimension Error","D007","None","Dimension Error found in batch","22.41","74.67","25.76","Fair","Pass","Pending","Conditional Pass","No","No","null","Inspection completed - 0.05% defect rate","null"
"INSP00000575","2024-02-23","15:24",2024,12,"ORD00000646","PROD000126","Product 126","BATCH00575","INS0026","Inspector 26","Quality Control","QC Department","FAC08","Factory 8","LINE006","Assembly Line 6",6681,54,"0.81",4953,"None","D000","Critical","None found in batch","89.26","61.97","31.42","Poor","Fail","On Hold","Pending","No","No","null","Inspection completed - 0.81% defect rate","null"
"INSP00000576","2024-03-20","08:00",2024,2,"ORD00000652","PROD000127","Product 127","BATCH00576","INS0027","Inspector 27","Quality Control","QC Department","FAC01","Factory 1","LINE007","Assembly Line 7",4182,8,"0.19",2878,"Crack","D001","Major","Crack found in batch","69.28","62.48","39.96","Good","Pass","Completed","Passed","No","Yes","Supervisor 7","Inspection completed - 0.19% defect rate","photo_INSP00000576.jpg"
"INSP00000577","2024-12-26","17:30",2024,3,"ORD00000194","PROD000128","Product 128","BATCH00577","INS0028","Inspector 28","Quality Control","QC Department","FAC02","Factory 2","LINE008","Assembly Line 8",1033,6,"0.58",1027,"Dent","D002","Minor","Dent found in batch","37.59","43.41","14.17","Poor","Fail","In Progress","Failed","Yes","No","null","Inspection completed - 0.58% defect rate","null"
"INSP00000578","2024-02-01","11:32",2024,11,"ORD00000283","PROD000129","Product 129","BATCH00578","INS0029","Inspector 29","Quality Control","QC Department","FAC03","Factory 3","LINE009","Assembly Line 9",2928,12,"0.41",2800,"Discoloration","D003","Cosmetic","Discoloration found in batch","17.26","64.48","16.87","Poor","Fail","Pending","Conditional Pass","No","No","null","Inspection completed - 0.41% defect rate","photo_INSP00000578.jpg"
"INSP00000579","2024-11-01","13:03",2024,5,"ORD00000891","PROD000130","Product 130","BATCH00579","INS0030","Inspector 30","Quality Control","QC Department","FAC04","Factory 4","LINE010","Assembly Line 10",9174,61,"0.66",397,"Misalignment","D004","None","Misalignment found in batch","62.66","35.85","4.02","Poor","Pass","On Hold","Pending","No","No","null","Inspection completed - 0.66% defect rate","null"
"INSP00000580","2024-05-14","08:12",2024,10,"ORD00000568","PROD000131","Product 131","BATCH00580","INS0031","Inspector 31","Quality Control","QC Department","FAC05","Factory 5","LINE011","Assembly Line 11",6878,42,"0.61",5997,"Missing Part","D005","Critical","Missing Part found in batch","57.4","40.52","4.21","Poor","Pass","Completed","Passed","No","Yes","Supervisor 1","Inspection completed - 0.61% defect rate","null"
"INSP00000581","2024-06-14","14:41",2024,2,"ORD00000201","PROD000132","Product 132","BATCH00581","INS0032","Inspector 32","Quality Control","QC Department","FAC06","Factory 6","LINE012","Assembly Line 12",4782,73,"1.53",3582,"Malfunction","D006","Major","Malfunction found in batch","28.87","43.82","12.97","Poor","Fail","In Progress","Failed","Yes","No","null","Inspection completed - 1.53% defect rate","null"
"INSP00000582","2024-09-05","10:29",2024,4,"ORD00000454","PROD000133","Product 133","BATCH00582","INS0033","Inspector 33","Quality Control","QC Department","FAC07","Factory 7","LINE013","Assembly Line 13",8873,63,"0.71",677,"Dimension Error","D007","Minor","Dimension Error found in batch","39.47","12.42","34.02","Fair","Fail","Pending","Conditional Pass","No","No","null","Inspection completed - 0.71% defect rate","null"
"INSP00000583","2024-11-24","10:21",2024,7,"ORD00000478","PROD000134","Product 134","BATCH00583","INS0034","Inspector 34","Quality Control","QC Department","FAC08","Factory 8","LINE014","Assembly Line 14",7274,72,"0.99",2246,"None","D000","Cosmetic","None found in batch","95.03","43.62","48.76","Poor","Fail","On Hold","Pending","No","No","null","Inspection completed - 0.99% defect rate","photo_INSP00000583.jpg"
"INSP00000584","2024-10-01","15:43",2024,6,"ORD00000069","PROD000135","Product 135","BATCH00584","INS0035","Inspector 35","Quality Control","QC Department","FAC01","Factory 1","LINE015","Assembly Line 15",6187,62,"1",639,"Crack","D001","None","Crack found in batch","82.81","95.34","43.63","Good","Pass","Completed","Passed","No","Yes","Supervisor 5","Inspection completed - 1.0% defect rate","null"
"INSP00000585","2024-12-02","08:50",2024,5,"ORD00000216","PROD000136","Product 136","BATCH00585","INS0036","Inspector 36","Quality Control","QC Department","FAC02","Factory 2","LINE016","Assembly Line 16",9984,40,"0.4",1832,"Dent","D002","Critical","Dent found in batch","50.71","77.11","36.15","Poor","Fail","In Progress","Failed","Yes","No","null","Inspection completed - 0.4% defect rate","null"
"INSP00000586","2024-04-09","17:24",2024,8,"ORD00000417","PROD000137","Product 137","BATCH00586","INS0037","Inspector 37","Quality Control","QC Department","FAC03","Factory 3","LINE017","Assembly Line 17",1096,30,"2.74",1045,"Discoloration","D003","Major","Discoloration found in batch","14.33","73.78","42.92","Fair","Pass","Pending","Conditional Pass","No","No","null","Inspection completed - 2.74% defect rate","null"
"INSP00000587","2024-01-14","08:38",2024,4,"ORD00000225","PROD000138","Product 138","BATCH00587","INS0038","Inspector 38","Quality Control","QC Department","FAC04","Factory 4","LINE018","Assembly Line 18",2557,51,"1.99",1956,"Misalignment","D004","Minor","Misalignment found in batch","96.75","72.11","16.4","Good","Pass","On Hold","Pending","No","No","null","Inspection completed - 1.99% defect rate","null"
"INSP00000588","2024-07-22","15:50",2024,2,"ORD00000261","PROD000139","Product 139","BATCH00588","INS0039","Inspector 39","Quality Control","QC Department","FAC05","Factory 5","LINE019","Assembly Line 19",6811,88,"1.29",2913,"Missing Part","D005","Cosmetic","Missing Part found in batch","68.15","73.98","25.56","Fair","Fail","Completed","Passed","No","Yes","Supervisor 9","Inspection completed - 1.29% defect rate","photo_INSP00000588.jpg"
"INSP00000589","2024-03-08","17:25",2024,3,"ORD00000177","PROD000140","Product 140","BATCH00589","INS0040","Inspector 40","Quality Control","QC Department","FAC06","Factory 6","LINE020","Assembly Line 20",8965,67,"0.75",3712,"Malfunction","D006","None","Malfunction found in batch","85.43","62.16","13","Fair","Fail","In Progress","Failed","Yes","No","null","Inspection completed - 0.75% defect rate","photo_INSP00000589.jpg"
"INSP00000590","2024-02-05","11:29",2024,5,"ORD00000928","PROD000141","Product 141","BATCH00590","INS0041","Inspector 41","Quality Control","QC Department","FAC07","Factory 7","LINE021","Assembly Line 21",8657,34,"0.39",1897,"Dimension Error","D007","Critical","Dimension Error found in batch","35.72","18.99","17.37","Fair","Pass","Pending","Conditional Pass","No","No","null","Inspection completed - 0.39% defect rate","null"
"INSP00000591","2024-08-04","11:48",2024,3,"ORD00000243","PROD000142","Product 142","BATCH00591","INS0042","Inspector 42","Quality Control","QC Department","FAC08","Factory 8","LINE022","Assembly Line 22",7653,46,"0.6",6609,"None","D000","Major","None found in batch","94.9","94.94","13.7","Good","Fail","On Hold","Pending","No","No","null","Inspection completed - 0.6% defect rate","photo_INSP00000591.jpg"
"INSP00000592","2024-09-07","15:04",2024,11,"ORD00000280","PROD000143","Product 143","BATCH00592","INS0043","Inspector 43","Quality Control","QC Department","FAC01","Factory 1","LINE023","Assembly Line 23",7037,65,"0.92",2117,"Crack","D001","Minor","Crack found in batch","45.17","26.83","10","Good","Pass","Completed","Passed","No","Yes","Supervisor 3","Inspection completed - 0.92% defect rate","photo_INSP00000592.jpg"
"INSP00000593","2024-12-15","14:30",2024,7,"ORD00000307","PROD000144","Product 144","BATCH00593","INS0044","Inspector 44","Quality Control","QC Department","FAC02","Factory 2","LINE024","Assembly Line 24",5118,60,"1.17",2746,"Dent","D002","Cosmetic","Dent found in batch","98.89","62.82","40.17","Fair","Fail","In Progress","Failed","Yes","No","null","Inspection completed - 1.17% defect rate","null"
"INSP00000594","2024-08-18","14:59",2024,12,"ORD00000101","PROD000145","Product 145","BATCH00594","INS0045","Inspector 45","Quality Control","QC Department","FAC03","Factory 3","LINE025","Assembly Line 25",6072,52,"0.86",1270,"Discoloration","D003","None","Discoloration found in batch","58.44","41.18","8.92","Poor","Fail","Pending","Conditional Pass","No","No","null","Inspection completed - 0.86% defect rate","photo_INSP00000594.jpg"
"INSP00000595","2024-10-02","17:58",2024,3,"ORD00000665","PROD000146","Product 146","BATCH00595","INS0046","Inspector 46","Quality Control","QC Department","FAC04","Factory 4","LINE026","Assembly Line 26",9576,27,"0.28",1343,"Misalignment","D004","Critical","Misalignment found in batch","83.46","18.11","36.52","Poor","Pass","On Hold","Pending","No","No","null","Inspection completed - 0.28% defect rate","null"
"INSP00000596","2024-08-15","08:00",2024,10,"ORD00000519","PROD000147","Product 147","BATCH00596","INS0047","Inspector 47","Quality Control","QC Department","FAC05","Factory 5","LINE027","Assembly Line 27",7558,34,"0.45",932,"Missing Part","D005","Major","Missing Part found in batch","22.4","71.97","20.15","Good","Fail","Completed","Passed","No","Yes","Supervisor 7","Inspection completed - 0.45% defect rate","null"
"INSP00000597","2024-09-26","08:57",2024,11,"ORD00000261","PROD000148","Product 148","BATCH00597","INS0048","Inspector 48","Quality Control","QC Department","FAC06","Factory 6","LINE028","Assembly Line 28",9568,29,"0.3",871,"Malfunction","D006","Minor","Malfunction found in batch","59.67","63.63","29.71","Fair","Fail","In Progress","Failed","Yes","No","null","Inspection completed - 0.3% defect rate","photo_INSP00000597.jpg"
"INSP00000598","2024-05-10","14:29",2024,4,"ORD00000697","PROD000149","Product 149","BATCH00598","INS0049","Inspector 49","Quality Control","QC Department","FAC07","Factory 7","LINE029","Assembly Line 29",3921,39,"0.99",522,"Dimension Error","D007","Cosmetic","Dimension Error found in batch","33.22","61.44","25.77","Good","Pass","Pending","Conditional Pass","No","No","null","Inspection completed - 0.99% defect rate","photo_INSP00000598.jpg"
"INSP00000599","2024-05-16","14:03",2024,10,"ORD00000568","PROD000150","Product 150","BATCH00599","INS0050","Inspector 50","Quality Control","QC Department","FAC08","Factory 8","LINE030","Assembly Line 30",1030,69,"6.7",854,"None","D000","None","None found in batch","91.63","54.69","49.48","Good","Fail","On Hold","Pending","No","No","null","Inspection completed - 6.7% defect rate","photo_INSP00000599.jpg"
"INSP00000600","2024-06-18","11:06",2024,6,"ORD00000910","PROD000001","Product 1","BATCH00600","INS0001","Inspector 1","Quality Control","QC Department","FAC01","Factory 1","LINE001","Assembly Line 1",5827,31,"0.53",4477,"Crack","D001","Critical","Crack found in batch","20.4","45.01","38.8","Poor","Fail","Completed","Passed","No","Yes","Supervisor 1","Inspection completed - 0.53% defect rate","null"
"INSP00000601","2024-01-16","08:08",2024,3,"ORD00000344","PROD000002","Product 2","BATCH00601","INS0002","Inspector 2","Quality Control","QC Department","FAC02","Factory 2","LINE002","Assembly Line 2",4864,82,"1.69",2676,"Dent","D002","Major","Dent found in batch","73.82","38","39.56","Fair","Pass","In Progress","Failed","Yes","No","null","Inspection completed - 1.69% defect rate","null"
"INSP00000602","2024-10-05","08:20",2024,10,"ORD00000261","PROD000003","Product 3","BATCH00602","INS0003","Inspector 3","Quality Control","QC Department","FAC03","Factory 3","LINE003","Assembly Line 3",6018,23,"0.38",1947,"Discoloration","D003","Minor","Discoloration found in batch","62.31","50.69","26.47","Fair","Fail","Pending","Conditional Pass","No","No","null","Inspection completed - 0.38% defect rate","null"
"INSP00000603","2024-09-16","09:56",2024,3,"ORD00000099","PROD000004","Product 4","BATCH00603","INS0004","Inspector 4","Quality Control","QC Department","FAC04","Factory 4","LINE004","Assembly Line 4",6096,70,"1.15",3220,"Misalignment","D004","Cosmetic","Misalignment found in batch","93.25","82.95","4.87","Good","Fail","On Hold","Pending","No","No","null","Inspection completed - 1.15% defect rate","photo_INSP00000603.jpg"
"INSP00000604","2024-06-13","09:04",2024,3,"ORD00000434","PROD000005","Product 5","BATCH00604","INS0005","Inspector 5","Quality Control","QC Department","FAC05","Factory 5","LINE005","Assembly Line 5",5915,40,"0.68",1323,"Missing Part","D005","None","Missing Part found in batch","26.33","76.08","46.28","Poor","Pass","Completed","Passed","No","Yes","Supervisor 5","Inspection completed - 0.68% defect rate","photo_INSP00000604.jpg"
"INSP00000605","2024-07-19","09:17",2024,3,"ORD00000713","PROD000006","Product 6","BATCH00605","INS0006","Inspector 6","Quality Control","QC Department","FAC06","Factory 6","LINE006","Assembly Line 6",8934,80,"0.9",4644,"Malfunction","D006","Critical","Malfunction found in batch","33.01","91","29.31","Poor","Pass","In Progress","Failed","Yes","No","null","Inspection completed - 0.9% defect rate","null"
"INSP00000606","2024-03-28","08:30",2024,9,"ORD00000368","PROD000007","Product 7","BATCH00606","INS0007","Inspector 7","Quality Control","QC Department","FAC07","Factory 7","LINE007","Assembly Line 7",5738,47,"0.82",2582,"Dimension Error","D007","Major","Dimension Error found in batch","57.06","28.57","38.13","Fair","Fail","Pending","Conditional Pass","No","No","null","Inspection completed - 0.82% defect rate","photo_INSP00000606.jpg"
"INSP00000607","2024-11-23","12:49",2024,12,"ORD00000828","PROD000008","Product 8","BATCH00607","INS0008","Inspector 8","Quality Control","QC Department","FAC08","Factory 8","LINE008","Assembly Line 8",7678,26,"0.34",1064,"None","D000","Minor","None found in batch","81","59.53","11.82","Fair","Pass","On Hold","Pending","No","No","null","Inspection completed - 0.34% defect rate","photo_INSP00000607.jpg"
"INSP00000608","2024-06-17","09:48",2024,1,"ORD00000324","PROD000009","Product 9","BATCH00608","INS0009","Inspector 9","Quality Control","QC Department","FAC01","Factory 1","LINE009","Assembly Line 9",9483,51,"0.54",3434,"Crack","D001","Cosmetic","Crack found in batch","53.28","13.21","5.27","Poor","Fail","Completed","Passed","No","Yes","Supervisor 9","Inspection completed - 0.54% defect rate","null"
"INSP00000609","2024-12-20","10:01",2024,10,"ORD00000142","PROD000010","Product 10","BATCH00609","INS0010","Inspector 10","Quality Control","QC Department","FAC02","Factory 2","LINE010","Assembly Line 10",8320,13,"0.16",944,"Dent","D002","None","Dent found in batch","37.85","50.73","18.25","Fair","Fail","In Progress","Failed","Yes","No","null","Inspection completed - 0.16% defect rate","null"
"INSP00000610","2024-11-20","13:42",2024,12,"ORD00000492","PROD000011","Product 11","BATCH00610","INS0011","Inspector 11","Quality Control","QC Department","FAC03","Factory 3","LINE011","Assembly Line 11",1378,38,"2.76",214,"Discoloration","D003","Critical","Discoloration found in batch","68.46","37.96","11.25","Fair","Fail","Pending","Conditional Pass","No","No","null","Inspection completed - 2.76% defect rate","null"
"INSP00000611","2024-03-09","11:05",2024,1,"ORD00000687","PROD000012","Product 12","BATCH00611","INS0012","Inspector 12","Quality Control","QC Department","FAC04","Factory 4","LINE012","Assembly Line 12",7853,40,"0.51",3782,"Misalignment","D004","Major","Misalignment found in batch","69.75","43.74","36.69","Good","Fail","On Hold","Pending","No","No","null","Inspection completed - 0.51% defect rate","photo_INSP00000611.jpg"
"INSP00000612","2024-01-13","14:01",2024,1,"ORD00000518","PROD000013","Product 13","BATCH00612","INS0013","Inspector 13","Quality Control","QC Department","FAC05","Factory 5","LINE013","Assembly Line 13",6369,7,"0.11",4917,"Missing Part","D005","Minor","Missing Part found in batch","37.11","20.42","5.98","Good","Pass","Completed","Passed","No","Yes","Supervisor 3","Inspection completed - 0.11% defect rate","photo_INSP00000612.jpg"
"INSP00000613","2024-06-12","17:28",2024,7,"ORD00000187","PROD000014","Product 14","BATCH00613","INS0014","Inspector 14","Quality Control","QC Department","FAC06","Factory 6","LINE014","Assembly Line 14",8970,24,"0.27",3350,"Malfunction","D006","Cosmetic","Malfunction found in batch","58.7","25.59","34.15","Good","Pass","In Progress","Failed","Yes","No","null","Inspection completed - 0.27% defect rate","photo_INSP00000613.jpg"
"INSP00000614","2024-02-27","09:34",2024,2,"ORD00000622","PROD000015","Product 15","BATCH00614","INS0015","Inspector 15","Quality Control","QC Department","FAC07","Factory 7","LINE015","Assembly Line 15",1144,75,"6.56",1095,"Dimension Error","D007","None","Dimension Error found in batch","74.54","96.97","25.62","Fair","Pass","Pending","Conditional Pass","No","No","null","Inspection completed - 6.56% defect rate","null"
"INSP00000615","2024-10-05","12:32",2024,8,"ORD00000722","PROD000016","Product 16","BATCH00615","INS0016","Inspector 16","Quality Control","QC Department","FAC08","Factory 8","LINE016","Assembly Line 16",2626,78,"2.97",2453,"None","D000","Critical","None found in batch","78.97","77.66","46.5","Fair","Pass","On Hold","Pending","No","No","null","Inspection completed - 2.97% defect rate","photo_INSP00000615.jpg"
"INSP00000616","2024-05-14","14:11",2024,8,"ORD00000243","PROD000017","Product 17","BATCH00616","INS0017","Inspector 17","Quality Control","QC Department","FAC01","Factory 1","LINE017","Assembly Line 17",9554,42,"0.44",886,"Crack","D001","Major","Crack found in batch","23.23","49.06","24.85","Poor","Fail","Completed","Passed","No","Yes","Supervisor 7","Inspection completed - 0.44% defect rate","null"
"INSP00000617","2024-10-22","10:25",2024,11,"ORD00000795","PROD000018","Product 18","BATCH00617","INS0018","Inspector 18","Quality Control","QC Department","FAC02","Factory 2","LINE018","Assembly Line 18",3606,92,"2.55",3270,"Dent","D002","Minor","Dent found in batch","92.98","20.79","26.4","Fair","Fail","In Progress","Failed","Yes","No","null","Inspection completed - 2.55% defect rate","null"
"INSP00000618","2024-09-02","10:49",2024,2,"ORD00000249","PROD000019","Product 19","BATCH00618","INS0019","Inspector 19","Quality Control","QC Department","FAC03","Factory 3","LINE019","Assembly Line 19",7929,41,"0.52",6530,"Discoloration","D003","Cosmetic","Discoloration found in batch","51.58","65.22","10.76","Good","Pass","Pending","Conditional Pass","No","No","null","Inspection completed - 0.52% defect rate","photo_INSP00000618.jpg"
"INSP00000619","2024-02-15","12:53",2024,5,"ORD00000334","PROD000020","Product 20","BATCH00619","INS0020","Inspector 20","Quality Control","QC Department","FAC04","Factory 4","LINE020","Assembly Line 20",5695,15,"0.26",2411,"Misalignment","D004","None","Misalignment found in batch","88.72","33.2","31.01","Good","Fail","On Hold","Pending","No","No","null","Inspection completed - 0.26% defect rate","null"
"INSP00000620","2024-07-07","11:55",2024,6,"ORD00000123","PROD000021","Product 21","BATCH00620","INS0021","Inspector 21","Quality Control","QC Department","FAC05","Factory 5","LINE021","Assembly Line 21",4003,99,"2.47",2916,"Missing Part","D005","Critical","Missing Part found in batch","52.32","76.9","1.61","Good","Pass","Completed","Passed","No","Yes","Supervisor 1","Inspection completed - 2.47% defect rate","photo_INSP00000620.jpg"
"INSP00000621","2024-08-26","09:28",2024,5,"ORD00000536","PROD000022","Product 22","BATCH00621","INS0022","Inspector 22","Quality Control","QC Department","FAC06","Factory 6","LINE022","Assembly Line 22",4595,72,"1.57",4066,"Malfunction","D006","Major","Malfunction found in batch","57.14","81.25","18.52","Good","Pass","In Progress","Failed","Yes","No","null","Inspection completed - 1.57% defect rate","photo_INSP00000621.jpg"
"INSP00000622","2024-12-23","14:23",2024,9,"ORD00000004","PROD000023","Product 23","BATCH00622","INS0023","Inspector 23","Quality Control","QC Department","FAC07","Factory 7","LINE023","Assembly Line 23",1372,89,"6.49",1326,"Dimension Error","D007","Minor","Dimension Error found in batch","83.29","97.97","21.37","Good","Pass","Pending","Conditional Pass","No","No","null","Inspection completed - 6.49% defect rate","null"
"INSP00000623","2024-01-03","12:25",2024,10,"ORD00000574","PROD000024","Product 24","BATCH00623","INS0024","Inspector 24","Quality Control","QC Department","FAC08","Factory 8","LINE024","Assembly Line 24",2602,88,"3.38",1903,"None","D000","Cosmetic","None found in batch","46.68","82.58","22.26","Good","Pass","On Hold","Pending","No","No","null","Inspection completed - 3.38% defect rate","null"
"INSP00000624","2024-06-05","09:45",2024,9,"ORD00000645","PROD000025","Product 25","BATCH00624","INS0025","Inspector 25","Quality Control","QC Department","FAC01","Factory 1","LINE025","Assembly Line 25",4581,68,"1.48",1104,"Crack","D001","None","Crack found in batch","16.97","90.82","37.83","Good","Pass","Completed","Passed","No","Yes","Supervisor 5","Inspection completed - 1.48% defect rate","photo_INSP00000624.jpg"
"INSP00000625","2024-08-14","16:12",2024,10,"ORD00000141","PROD000026","Product 26","BATCH00625","INS0026","Inspector 26","Quality Control","QC Department","FAC02","Factory 2","LINE026","Assembly Line 26",1834,28,"1.53",482,"Dent","D002","Critical","Dent found in batch","24.38","85.83","7.91","Poor","Pass","In Progress","Failed","Yes","No","null","Inspection completed - 1.53% defect rate","null"
"INSP00000626","2024-02-21","13:22",2024,1,"ORD00000948","PROD000027","Product 27","BATCH00626","INS0027","Inspector 27","Quality Control","QC Department","FAC03","Factory 3","LINE027","Assembly Line 27",4903,36,"0.73",4224,"Discoloration","D003","Major","Discoloration found in batch","77.08","62.4","21.1","Poor","Fail","Pending","Conditional Pass","No","No","null","Inspection completed - 0.73% defect rate","photo_INSP00000626.jpg"
"INSP00000627","2024-03-13","16:38",2024,4,"ORD00000014","PROD000028","Product 28","BATCH00627","INS0028","Inspector 28","Quality Control","QC Department","FAC04","Factory 4","LINE028","Assembly Line 28",728,8,"1.1",48,"Misalignment","D004","Minor","Misalignment found in batch","29.65","62.2","37.57","Good","Fail","On Hold","Pending","No","No","null","Inspection completed - 1.1% defect rate","null"
"INSP00000628","2024-01-26","11:10",2024,4,"ORD00000587","PROD000029","Product 29","BATCH00628","INS0029","Inspector 29","Quality Control","QC Department","FAC05","Factory 5","LINE029","Assembly Line 29",5624,18,"0.32",4985,"Missing Part","D005","Cosmetic","Missing Part found in batch","70.9","63.52","18.15","Good","Fail","Completed","Passed","No","Yes","Supervisor 9","Inspection completed - 0.32% defect rate","photo_INSP00000628.jpg"
"INSP00000629","2024-04-06","09:15",2024,5,"ORD00000910","PROD000030","Product 30","BATCH00629","INS0030","Inspector 30","Quality Control","QC Department","FAC06","Factory 6","LINE030","Assembly Line 30",1787,35,"1.96",1640,"Malfunction","D006","None","Malfunction found in batch","46.32","83.9","49.26","Poor","Pass","In Progress","Failed","Yes","No","null","Inspection completed - 1.96% defect rate","null"
"INSP00000630","2024-07-03","09:21",2024,12,"ORD00000753","PROD000031","Product 31","BATCH00630","INS0031","Inspector 31","Quality Control","QC Department","FAC07","Factory 7","LINE001","Assembly Line 1",4460,24,"0.54",3736,"Dimension Error","D007","Critical","Dimension Error found in batch","74.05","47.73","49.99","Good","Pass","Pending","Conditional Pass","No","No","null","Inspection completed - 0.54% defect rate","null"
"INSP00000631","2024-08-03","17:16",2024,1,"ORD00000970","PROD000032","Product 32","BATCH00631","INS0032","Inspector 32","Quality Control","QC Department","FAC08","Factory 8","LINE002","Assembly Line 2",3633,33,"0.91",3504,"None","D000","Major","None found in batch","86.57","52.42","22.76","Fair","Pass","On Hold","Pending","No","No","null","Inspection completed - 0.91% defect rate","null"
"INSP00000632","2024-01-25","14:01",2024,10,"ORD00000408","PROD000033","Product 33","BATCH00632","INS0033","Inspector 33","Quality Control","QC Department","FAC01","Factory 1","LINE003","Assembly Line 3",4597,12,"0.26",4068,"Crack","D001","Minor","Crack found in batch","10.71","37.31","33.63","Good","Fail","Completed","Passed","No","Yes","Supervisor 3","Inspection completed - 0.26% defect rate","photo_INSP00000632.jpg"
"INSP00000633","2024-03-27","16:41",2024,7,"ORD00000939","PROD000034","Product 34","BATCH00633","INS0034","Inspector 34","Quality Control","QC Department","FAC02","Factory 2","LINE004","Assembly Line 4",5099,24,"0.47",1144,"Dent","D002","Cosmetic","Dent found in batch","76.57","16.98","26.25","Fair","Fail","In Progress","Failed","Yes","No","null","Inspection completed - 0.47% defect rate","null"
"INSP00000634","2024-03-14","17:31",2024,2,"ORD00000705","PROD000035","Product 35","BATCH00634","INS0035","Inspector 35","Quality Control","QC Department","FAC03","Factory 3","LINE005","Assembly Line 5",8790,32,"0.36",4628,"Discoloration","D003","None","Discoloration found in batch","40.65","91.33","22.6","Fair","Fail","Pending","Conditional Pass","No","No","null","Inspection completed - 0.36% defect rate","photo_INSP00000634.jpg"
"INSP00000635","2024-01-09","09:59",2024,5,"ORD00000859","PROD000036","Product 36","BATCH00635","INS0036","Inspector 36","Quality Control","QC Department","FAC04","Factory 4","LINE006","Assembly Line 6",257,4,"1.56",63,"Misalignment","D004","Critical","Misalignment found in batch","52.51","81.8","33.5","Fair","Pass","On Hold","Pending","No","No","null","Inspection completed - 1.56% defect rate","photo_INSP00000635.jpg"
"INSP00000636","2024-12-02","17:02",2024,2,"ORD00000600","PROD000037","Product 37","BATCH00636","INS0037","Inspector 37","Quality Control","QC Department","FAC05","Factory 5","LINE007","Assembly Line 7",7891,46,"0.58",3988,"Missing Part","D005","Major","Missing Part found in batch","64.49","73.76","1.75","Good","Pass","Completed","Passed","No","Yes","Supervisor 7","Inspection completed - 0.58% defect rate","photo_INSP00000636.jpg"
"INSP00000637","2024-08-27","10:17",2024,9,"ORD00000223","PROD000038","Product 38","BATCH00637","INS0038","Inspector 38","Quality Control","QC Department","FAC06","Factory 6","LINE008","Assembly Line 8",7646,7,"0.09",5407,"Malfunction","D006","Minor","Malfunction found in batch","27.04","79.41","13.98","Poor","Pass","In Progress","Failed","Yes","No","null","Inspection completed - 0.09% defect rate","null"
"INSP00000638","2024-05-10","08:20",2024,2,"ORD00000783","PROD000039","Product 39","BATCH00638","INS0039","Inspector 39","Quality Control","QC Department","FAC07","Factory 7","LINE009","Assembly Line 9",1557,19,"1.22",655,"Dimension Error","D007","Cosmetic","Dimension Error found in batch","66.04","19.03","37.79","Good","Fail","Pending","Conditional Pass","No","No","null","Inspection completed - 1.22% defect rate","null"
"INSP00000639","2024-12-10","15:52",2024,3,"ORD00000238","PROD000040","Product 40","BATCH00639","INS0040","Inspector 40","Quality Control","QC Department","FAC08","Factory 8","LINE010","Assembly Line 10",7294,10,"0.14",409,"None","D000","None","None found in batch","62.91","97.16","14.95","Fair","Fail","On Hold","Pending","No","No","null","Inspection completed - 0.14% defect rate","null"
"INSP00000640","2024-10-14","11:21",2024,4,"ORD00000346","PROD000041","Product 41","BATCH00640","INS0041","Inspector 41","Quality Control","QC Department","FAC01","Factory 1","LINE011","Assembly Line 11",6071,88,"1.45",2875,"Crack","D001","Critical","Crack found in batch","86.66","60.4","8.07","Poor","Fail","Completed","Passed","No","Yes","Supervisor 1","Inspection completed - 1.45% defect rate","null"
"INSP00000641","2024-01-17","10:02",2024,11,"ORD00000372","PROD000042","Product 42","BATCH00641","INS0042","Inspector 42","Quality Control","QC Department","FAC02","Factory 2","LINE012","Assembly Line 12",7652,37,"0.48",6341,"Dent","D002","Major","Dent found in batch","48.68","96.6","43.47","Poor","Fail","In Progress","Failed","Yes","No","null","Inspection completed - 0.48% defect rate","photo_INSP00000641.jpg"
"INSP00000642","2024-03-13","09:21",2024,7,"ORD00000669","PROD000043","Product 43","BATCH00642","INS0043","Inspector 43","Quality Control","QC Department","FAC03","Factory 3","LINE013","Assembly Line 13",4983,77,"1.55",4968,"Discoloration","D003","Minor","Discoloration found in batch","69.93","54.69","42.71","Fair","Pass","Pending","Conditional Pass","No","No","null","Inspection completed - 1.55% defect rate","photo_INSP00000642.jpg"
"INSP00000643","2024-10-20","10:17",2024,11,"ORD00000194","PROD000044","Product 44","BATCH00643","INS0044","Inspector 44","Quality Control","QC Department","FAC04","Factory 4","LINE014","Assembly Line 14",7982,22,"0.28",594,"Misalignment","D004","Cosmetic","Misalignment found in batch","79.72","57.79","41.36","Poor","Pass","On Hold","Pending","No","No","null","Inspection completed - 0.28% defect rate","null"
"INSP00000644","2024-11-25","11:08",2024,1,"ORD00000439","PROD000045","Product 45","BATCH00644","INS0045","Inspector 45","Quality Control","QC Department","FAC05","Factory 5","LINE015","Assembly Line 15",4209,82,"1.95",718,"Missing Part","D005","None","Missing Part found in batch","60.03","19.45","2.53","Poor","Fail","Completed","Passed","No","Yes","Supervisor 5","Inspection completed - 1.95% defect rate","null"
"INSP00000645","2024-10-28","15:12",2024,3,"ORD00000164","PROD000046","Product 46","BATCH00645","INS0046","Inspector 46","Quality Control","QC Department","FAC06","Factory 6","LINE016","Assembly Line 16",3009,79,"2.63",526,"Malfunction","D006","Critical","Malfunction found in batch","43.64","65.29","49.19","Fair","Pass","In Progress","Failed","Yes","No","null","Inspection completed - 2.63% defect rate","null"
"INSP00000646","2024-06-12","13:23",2024,3,"ORD00000573","PROD000047","Product 47","BATCH00646","INS0047","Inspector 47","Quality Control","QC Department","FAC07","Factory 7","LINE017","Assembly Line 17",1587,93,"5.86",572,"Dimension Error","D007","Major","Dimension Error found in batch","85.83","54.13","31.31","Good","Pass","Pending","Conditional Pass","No","No","null","Inspection completed - 5.86% defect rate","photo_INSP00000646.jpg"
"INSP00000647","2024-02-27","16:12",2024,1,"ORD00000132","PROD000048","Product 48","BATCH00647","INS0048","Inspector 48","Quality Control","QC Department","FAC08","Factory 8","LINE018","Assembly Line 18",1219,2,"0.16",1113,"None","D000","Minor","None found in batch","83.16","55.21","33.02","Fair","Pass","On Hold","Pending","No","No","null","Inspection completed - 0.16% defect rate","null"
"INSP00000648","2024-04-09","15:39",2024,10,"ORD00000785","PROD000049","Product 49","BATCH00648","INS0049","Inspector 49","Quality Control","QC Department","FAC01","Factory 1","LINE019","Assembly Line 19",8190,98,"1.2",4003,"Crack","D001","Cosmetic","Crack found in batch","71.16","82.71","19.64","Fair","Fail","Completed","Passed","No","Yes","Supervisor 9","Inspection completed - 1.2% defect rate","null"
"INSP00000649","2024-08-12","13:12",2024,11,"ORD00000646","PROD000050","Product 50","BATCH00649","INS0050","Inspector 50","Quality Control","QC Department","FAC02","Factory 2","LINE020","Assembly Line 20",2500,61,"2.44",1574,"Dent","D002","None","Dent found in batch","56.84","96.12","11.1","Fair","Fail","In Progress","Failed","Yes","No","null","Inspection completed - 2.44% defect rate","null"
"INSP00000650","2024-11-18","13:04",2024,8,"ORD00000898","PROD000051","Product 51","BATCH00650","INS0001","Inspector 1","Quality Control","QC Department","FAC03","Factory 3","LINE021","Assembly Line 21",2702,17,"0.63",2267,"Discoloration","D003","Critical","Discoloration found in batch","81.17","58.74","17.21","Good","Pass","Pending","Conditional Pass","No","No","null","Inspection completed - 0.63% defect rate","null"
"INSP00000651","2024-01-08","16:24",2024,2,"ORD00000803","PROD000052","Product 52","BATCH00651","INS0002","Inspector 2","Quality Control","QC Department","FAC04","Factory 4","LINE022","Assembly Line 22",5838,70,"1.2",5418,"Misalignment","D004","Major","Misalignment found in batch","97.42","29.85","10.9","Good","Fail","On Hold","Pending","No","No","null","Inspection completed - 1.2% defect rate","photo_INSP00000651.jpg"
"INSP00000652","2024-12-22","15:41",2024,12,"ORD00000696","PROD000053","Product 53","BATCH00652","INS0003","Inspector 3","Quality Control","QC Department","FAC05","Factory 5","LINE023","Assembly Line 23",8490,93,"1.1",6659,"Missing Part","D005","Minor","Missing Part found in batch","16.48","65.65","12.72","Good","Fail","Completed","Passed","No","Yes","Supervisor 3","Inspection completed - 1.1% defect rate","photo_INSP00000652.jpg"
"INSP00000653","2024-11-10","10:07",2024,1,"ORD00000778","PROD000054","Product 54","BATCH00653","INS0004","Inspector 4","Quality Control","QC Department","FAC06","Factory 6","LINE024","Assembly Line 24",8510,78,"0.92",1315,"Malfunction","D006","Cosmetic","Malfunction found in batch","24.65","69.47","48.86","Poor","Fail","In Progress","Failed","Yes","No","null","Inspection completed - 0.92% defect rate","null"
"INSP00000654","2024-05-01","09:04",2024,5,"ORD00000132","PROD000055","Product 55","BATCH00654","INS0005","Inspector 5","Quality Control","QC Department","FAC07","Factory 7","LINE025","Assembly Line 25",578,52,"9",140,"Dimension Error","D007","None","Dimension Error found in batch","72.22","73.07","25.51","Poor","Pass","Pending","Conditional Pass","No","No","null","Inspection completed - 9.0% defect rate","null"
"INSP00000655","2024-01-22","10:27",2024,6,"ORD00000692","PROD000056","Product 56","BATCH00655","INS0006","Inspector 6","Quality Control","QC Department","FAC08","Factory 8","LINE026","Assembly Line 26",1190,14,"1.18",785,"None","D000","Critical","None found in batch","82.72","70.8","7.8","Fair","Pass","On Hold","Pending","No","No","null","Inspection completed - 1.18% defect rate","photo_INSP00000655.jpg"
"INSP00000656","2024-07-15","13:37",2024,1,"ORD00000420","PROD000057","Product 57","BATCH00656","INS0007","Inspector 7","Quality Control","QC Department","FAC01","Factory 1","LINE027","Assembly Line 27",7036,92,"1.31",1176,"Crack","D001","Major","Crack found in batch","98.42","56.72","32.37","Poor","Pass","Completed","Passed","No","Yes","Supervisor 7","Inspection completed - 1.31% defect rate","null"
"INSP00000657","2024-07-06","15:04",2024,7,"ORD00000725","PROD000058","Product 58","BATCH00657","INS0008","Inspector 8","Quality Control","QC Department","FAC02","Factory 2","LINE028","Assembly Line 28",5901,39,"0.66",5861,"Dent","D002","Minor","Dent found in batch","10.2","14.54","13.97","Poor","Fail","In Progress","Failed","Yes","No","null","Inspection completed - 0.66% defect rate","photo_INSP00000657.jpg"
"INSP00000658","2024-08-11","15:11",2024,2,"ORD00000880","PROD000059","Product 59","BATCH00658","INS0009","Inspector 9","Quality Control","QC Department","FAC03","Factory 3","LINE029","Assembly Line 29",9900,63,"0.64",8477,"Discoloration","D003","Cosmetic","Discoloration found in batch","69.68","30.05","38.48","Good","Pass","Pending","Conditional Pass","No","No","null","Inspection completed - 0.64% defect rate","photo_INSP00000658.jpg"
"INSP00000659","2024-11-20","15:06",2024,8,"ORD00000442","PROD000060","Product 60","BATCH00659","INS0010","Inspector 10","Quality Control","QC Department","FAC04","Factory 4","LINE030","Assembly Line 30",6439,48,"0.75",1403,"Misalignment","D004","None","Misalignment found in batch","66.59","76.87","4.84","Poor","Fail","On Hold","Pending","No","No","null","Inspection completed - 0.75% defect rate","null"
"INSP00000660","2024-11-03","16:18",2024,10,"ORD00000104","PROD000061","Product 61","BATCH00660","INS0011","Inspector 11","Quality Control","QC Department","FAC05","Factory 5","LINE001","Assembly Line 1",9386,51,"0.54",3496,"Missing Part","D005","Critical","Missing Part found in batch","68.66","89.72","34.1","Fair","Pass","Completed","Passed","No","Yes","Supervisor 1","Inspection completed - 0.54% defect rate","photo_INSP00000660.jpg"
"INSP00000661","2024-11-23","15:32",2024,10,"ORD00000351","PROD000062","Product 62","BATCH00661","INS0012","Inspector 12","Quality Control","QC Department","FAC06","Factory 6","LINE002","Assembly Line 2",6626,57,"0.86",5264,"Malfunction","D006","Major","Malfunction found in batch","51.56","30.91","34.93","Poor","Pass","In Progress","Failed","Yes","No","null","Inspection completed - 0.86% defect rate","photo_INSP00000661.jpg"
"INSP00000662","2024-04-27","13:31",2024,5,"ORD00000700","PROD000063","Product 63","BATCH00662","INS0013","Inspector 13","Quality Control","QC Department","FAC07","Factory 7","LINE003","Assembly Line 3",2499,1,"0.04",1410,"Dimension Error","D007","Minor","Dimension Error found in batch","81.38","74.14","43.34","Fair","Pass","Pending","Conditional Pass","No","No","null","Inspection completed - 0.04% defect rate","null"
"INSP00000663","2024-11-09","16:27",2024,2,"ORD00000602","PROD000064","Product 64","BATCH00663","INS0014","Inspector 14","Quality Control","QC Department","FAC08","Factory 8","LINE004","Assembly Line 4",3165,50,"1.58",1912,"None","D000","Cosmetic","None found in batch","44.65","19.6","35.33","Fair","Fail","On Hold","Pending","No","No","null","Inspection completed - 1.58% defect rate","null"
"INSP00000664","2024-07-13","10:20",2024,6,"ORD00000342","PROD000065","Product 65","BATCH00664","INS0015","Inspector 15","Quality Control","QC Department","FAC01","Factory 1","LINE005","Assembly Line 5",1555,57,"3.67",1303,"Crack","D001","None","Crack found in batch","79.58","20.29","5.87","Poor","Fail","Completed","Passed","No","Yes","Supervisor 5","Inspection completed - 3.67% defect rate","null"
"INSP00000665","2024-07-26","09:29",2024,6,"ORD00000966","PROD000066","Product 66","BATCH00665","INS0016","Inspector 16","Quality Control","QC Department","FAC02","Factory 2","LINE006","Assembly Line 6",1425,44,"3.09",1054,"Dent","D002","Critical","Dent found in batch","73.61","91.52","1.97","Good","Fail","In Progress","Failed","Yes","No","null","Inspection completed - 3.09% defect rate","photo_INSP00000665.jpg"
"INSP00000666","2024-01-18","15:34",2024,10,"ORD00000305","PROD000067","Product 67","BATCH00666","INS0017","Inspector 17","Quality Control","QC Department","FAC03","Factory 3","LINE007","Assembly Line 7",4900,1,"0.02",4420,"Discoloration","D003","Major","Discoloration found in batch","40.25","25.79","14.53","Good","Pass","Pending","Conditional Pass","No","No","null","Inspection completed - 0.02% defect rate","photo_INSP00000666.jpg"
"INSP00000667","2024-08-16","12:26",2024,12,"ORD00000032","PROD000068","Product 68","BATCH00667","INS0018","Inspector 18","Quality Control","QC Department","FAC04","Factory 4","LINE008","Assembly Line 8",5728,96,"1.68",4325,"Misalignment","D004","Minor","Misalignment found in batch","12.02","22.85","47.95","Fair","Fail","On Hold","Pending","No","No","null","Inspection completed - 1.68% defect rate","null"
"INSP00000668","2024-10-11","14:37",2024,8,"ORD00000614","PROD000069","Product 69","BATCH00668","INS0019","Inspector 19","Quality Control","QC Department","FAC05","Factory 5","LINE009","Assembly Line 9",7733,24,"0.31",2994,"Missing Part","D005","Cosmetic","Missing Part found in batch","12.64","49.32","44.93","Fair","Fail","Completed","Passed","No","Yes","Supervisor 9","Inspection completed - 0.31% defect rate","photo_INSP00000668.jpg"
"INSP00000669","2024-12-09","08:43",2024,3,"ORD00000868","PROD000070","Product 70","BATCH00669","INS0020","Inspector 20","Quality Control","QC Department","FAC06","Factory 6","LINE010","Assembly Line 10",752,19,"2.53",306,"Malfunction","D006","None","Malfunction found in batch","33.22","82.59","42.11","Good","Fail","In Progress","Failed","Yes","No","null","Inspection completed - 2.53% defect rate","null"
"INSP00000670","2024-05-19","12:53",2024,8,"ORD00000612","PROD000071","Product 71","BATCH00670","INS0021","Inspector 21","Quality Control","QC Department","FAC07","Factory 7","LINE011","Assembly Line 11",8520,99,"1.16",7199,"Dimension Error","D007","Critical","Dimension Error found in batch","81.7","51.67","2.43","Poor","Fail","Pending","Conditional Pass","No","No","null","Inspection completed - 1.16% defect rate","photo_INSP00000670.jpg"
"INSP00000671","2024-04-26","13:00",2024,2,"ORD00000231","PROD000072","Product 72","BATCH00671","INS0022","Inspector 22","Quality Control","QC Department","FAC08","Factory 8","LINE012","Assembly Line 12",3313,22,"0.66",2533,"None","D000","Major","None found in batch","29.25","18.09","24.4","Good","Fail","On Hold","Pending","No","No","null","Inspection completed - 0.66% defect rate","photo_INSP00000671.jpg"
"INSP00000672","2024-05-28","12:05",2024,12,"ORD00000572","PROD000073","Product 73","BATCH00672","INS0023","Inspector 23","Quality Control","QC Department","FAC01","Factory 1","LINE013","Assembly Line 13",9735,24,"0.25",6530,"Crack","D001","Minor","Crack found in batch","23.09","42.62","48.9","Poor","Pass","Completed","Passed","No","Yes","Supervisor 3","Inspection completed - 0.25% defect rate","photo_INSP00000672.jpg"
"INSP00000673","2024-12-17","16:43",2024,8,"ORD00000496","PROD000074","Product 74","BATCH00673","INS0024","Inspector 24","Quality Control","QC Department","FAC02","Factory 2","LINE014","Assembly Line 14",980,99,"10.1",86,"Dent","D002","Cosmetic","Dent found in batch","79.99","98.55","3.82","Poor","Pass","In Progress","Failed","Yes","No","null","Inspection completed - 10.1% defect rate","null"
"INSP00000674","2024-10-19","17:58",2024,3,"ORD00000816","PROD000075","Product 75","BATCH00674","INS0025","Inspector 25","Quality Control","QC Department","FAC03","Factory 3","LINE015","Assembly Line 15",633,91,"14.38",97,"Discoloration","D003","None","Discoloration found in batch","74.48","86.37","1.63","Good","Fail","Pending","Conditional Pass","No","No","null","Inspection completed - 14.38% defect rate","photo_INSP00000674.jpg"
"INSP00000675","2024-06-03","14:17",2024,6,"ORD00000589","PROD000076","Product 76","BATCH00675","INS0026","Inspector 26","Quality Control","QC Department","FAC04","Factory 4","LINE016","Assembly Line 16",6876,76,"1.11",6585,"Misalignment","D004","Critical","Misalignment found in batch","53.23","26.58","12.77","Good","Pass","On Hold","Pending","No","No","null","Inspection completed - 1.11% defect rate","null"
"INSP00000676","2024-04-14","13:32",2024,10,"ORD00000685","PROD000077","Product 77","BATCH00676","INS0027","Inspector 27","Quality Control","QC Department","FAC05","Factory 5","LINE017","Assembly Line 17",3326,62,"1.86",390,"Missing Part","D005","Major","Missing Part found in batch","99.41","85.67","36.15","Fair","Fail","Completed","Passed","No","Yes","Supervisor 7","Inspection completed - 1.86% defect rate","photo_INSP00000676.jpg"
"INSP00000677","2024-08-13","08:05",2024,4,"ORD00000481","PROD000078","Product 78","BATCH00677","INS0028","Inspector 28","Quality Control","QC Department","FAC06","Factory 6","LINE018","Assembly Line 18",8670,7,"0.08",7490,"Malfunction","D006","Minor","Malfunction found in batch","31.35","65.6","37.41","Fair","Pass","In Progress","Failed","Yes","No","null","Inspection completed - 0.08% defect rate","photo_INSP00000677.jpg"
"INSP00000678","2024-03-01","09:59",2024,1,"ORD00000382","PROD000079","Product 79","BATCH00678","INS0029","Inspector 29","Quality Control","QC Department","FAC07","Factory 7","LINE019","Assembly Line 19",4861,75,"1.54",4816,"Dimension Error","D007","Cosmetic","Dimension Error found in batch","68.5","59.87","21.85","Good","Fail","Pending","Conditional Pass","No","No","null","Inspection completed - 1.54% defect rate","null"
"INSP00000679","2024-10-03","11:41",2024,6,"ORD00000412","PROD000080","Product 80","BATCH00679","INS0030","Inspector 30","Quality Control","QC Department","FAC08","Factory 8","LINE020","Assembly Line 20",7102,20,"0.28",6926,"None","D000","None","None found in batch","34.24","37.72","39.98","Poor","Fail","On Hold","Pending","No","No","null","Inspection completed - 0.28% defect rate","photo_INSP00000679.jpg"
"INSP00000680","2024-04-21","08:38",2024,7,"ORD00000865","PROD000081","Product 81","BATCH00680","INS0031","Inspector 31","Quality Control","QC Department","FAC01","Factory 1","LINE021","Assembly Line 21",7628,60,"0.79",5979,"Crack","D001","Critical","Crack found in batch","75.45","44.71","28.89","Fair","Fail","Completed","Passed","No","Yes","Supervisor 1","Inspection completed - 0.79% defect rate","null"
"INSP00000681","2024-08-20","16:33",2024,7,"ORD00000104","PROD000082","Product 82","BATCH00681","INS0032","Inspector 32","Quality Control","QC Department","FAC02","Factory 2","LINE022","Assembly Line 22",739,52,"7.04",185,"Dent","D002","Major","Dent found in batch","12.12","64.29","30.66","Fair","Pass","In Progress","Failed","Yes","No","null","Inspection completed - 7.04% defect rate","photo_INSP00000681.jpg"
"INSP00000682","2024-05-10","12:36",2024,7,"ORD00000963","PROD000083","Product 83","BATCH00682","INS0033","Inspector 33","Quality Control","QC Department","FAC03","Factory 3","LINE023","Assembly Line 23",3823,70,"1.83",3417,"Discoloration","D003","Minor","Discoloration found in batch","36.72","84.89","40.51","Poor","Pass","Pending","Conditional Pass","No","No","null","Inspection completed - 1.83% defect rate","photo_INSP00000682.jpg"
"INSP00000683","2024-04-16","13:40",2024,9,"ORD00000337","PROD000084","Product 84","BATCH00683","INS0034","Inspector 34","Quality Control","QC Department","FAC04","Factory 4","LINE024","Assembly Line 24",8318,16,"0.19",5840,"Misalignment","D004","Cosmetic","Misalignment found in batch","31.06","85.5","37.48","Good","Pass","On Hold","Pending","No","No","null","Inspection completed - 0.19% defect rate","photo_INSP00000683.jpg"
"INSP00000684","2024-02-18","14:22",2024,4,"ORD00000386","PROD000085","Product 85","BATCH00684","INS0035","Inspector 35","Quality Control","QC Department","FAC05","Factory 5","LINE025","Assembly Line 25",9650,61,"0.63",2574,"Missing Part","D005","None","Missing Part found in batch","18.73","46.93","34.87","Poor","Fail","Completed","Passed","No","Yes","Supervisor 5","Inspection completed - 0.63% defect rate","photo_INSP00000684.jpg"
"INSP00000685","2024-02-04","08:15",2024,8,"ORD00000172","PROD000086","Product 86","BATCH00685","INS0036","Inspector 36","Quality Control","QC Department","FAC06","Factory 6","LINE026","Assembly Line 26",2022,73,"3.61",1892,"Malfunction","D006","Critical","Malfunction found in batch","14.54","80.87","49.38","Fair","Pass","In Progress","Failed","Yes","No","null","Inspection completed - 3.61% defect rate","null"
"INSP00000686","2024-10-20","13:21",2024,8,"ORD00000981","PROD000087","Product 87","BATCH00686","INS0037","Inspector 37","Quality Control","QC Department","FAC07","Factory 7","LINE027","Assembly Line 27",706,65,"9.21",401,"Dimension Error","D007","Major","Dimension Error found in batch","25","26.55","41.21","Good","Fail","Pending","Conditional Pass","No","No","null","Inspection completed - 9.21% defect rate","photo_INSP00000686.jpg"
"INSP00000687","2024-11-07","08:42",2024,3,"ORD00000438","PROD000088","Product 88","BATCH00687","INS0038","Inspector 38","Quality Control","QC Department","FAC08","Factory 8","LINE028","Assembly Line 28",5357,86,"1.61",825,"None","D000","Minor","None found in batch","49.64","31.11","40.6","Fair","Fail","On Hold","Pending","No","No","null","Inspection completed - 1.61% defect rate","null"
"INSP00000688","2024-02-10","15:56",2024,11,"ORD00000624","PROD000089","Product 89","BATCH00688","INS0039","Inspector 39","Quality Control","QC Department","FAC01","Factory 1","LINE029","Assembly Line 29",1290,57,"4.42",1147,"Crack","D001","Cosmetic","Crack found in batch","34.05","92.22","29.81","Poor","Pass","Completed","Passed","No","Yes","Supervisor 9","Inspection completed - 4.42% defect rate","photo_INSP00000688.jpg"
"INSP00000689","2024-01-16","10:11",2024,12,"ORD00000826","PROD000090","Product 90","BATCH00689","INS0040","Inspector 40","Quality Control","QC Department","FAC02","Factory 2","LINE030","Assembly Line 30",2506,68,"2.71",1321,"Dent","D002","None","Dent found in batch","16.85","16.43","8.17","Good","Pass","In Progress","Failed","Yes","No","null","Inspection completed - 2.71% defect rate","photo_INSP00000689.jpg"
"INSP00000690","2024-05-12","10:12",2024,3,"ORD00000629","PROD000091","Product 91","BATCH00690","INS0041","Inspector 41","Quality Control","QC Department","FAC03","Factory 3","LINE001","Assembly Line 1",6516,53,"0.81",3717,"Discoloration","D003","Critical","Discoloration found in batch","31.43","29.84","18.44","Poor","Pass","Pending","Conditional Pass","No","No","null","Inspection completed - 0.81% defect rate","photo_INSP00000690.jpg"
"INSP00000691","2024-10-28","09:59",2024,3,"ORD00000881","PROD000092","Product 92","BATCH00691","INS0042","Inspector 42","Quality Control","QC Department","FAC04","Factory 4","LINE002","Assembly Line 2",1987,24,"1.21",945,"Misalignment","D004","Major","Misalignment found in batch","86.73","50.75","36.88","Good","Pass","On Hold","Pending","No","No","null","Inspection completed - 1.21% defect rate","null"
"INSP00000692","2024-01-26","16:42",2024,9,"ORD00000413","PROD000093","Product 93","BATCH00692","INS0043","Inspector 43","Quality Control","QC Department","FAC05","Factory 5","LINE003","Assembly Line 3",1087,28,"2.58",915,"Missing Part","D005","Minor","Missing Part found in batch","16.23","72.62","43.02","Poor","Pass","Completed","Passed","No","Yes","Supervisor 3","Inspection completed - 2.58% defect rate","photo_INSP00000692.jpg"
"INSP00000693","2024-02-17","17:16",2024,11,"ORD00000699","PROD000094","Product 94","BATCH00693","INS0044","Inspector 44","Quality Control","QC Department","FAC06","Factory 6","LINE004","Assembly Line 4",964,91,"9.44",355,"Malfunction","D006","Cosmetic","Malfunction found in batch","75.11","99.58","19.3","Poor","Pass","In Progress","Failed","Yes","No","null","Inspection completed - 9.44% defect rate","photo_INSP00000693.jpg"
"INSP00000694","2024-07-13","13:12",2024,12,"ORD00000926","PROD000095","Product 95","BATCH00694","INS0045","Inspector 45","Quality Control","QC Department","FAC07","Factory 7","LINE005","Assembly Line 5",2645,91,"3.44",2554,"Dimension Error","D007","None","Dimension Error found in batch","49.13","37.21","38.16","Good","Fail","Pending","Conditional Pass","No","No","null","Inspection completed - 3.44% defect rate","null"
"INSP00000695","2024-10-19","15:58",2024,6,"ORD00000566","PROD000096","Product 96","BATCH00695","INS0046","Inspector 46","Quality Control","QC Department","FAC08","Factory 8","LINE006","Assembly Line 6",3539,35,"0.99",371,"None","D000","Critical","None found in batch","24.75","31.71","23.58","Fair","Pass","On Hold","Pending","No","No","null","Inspection completed - 0.99% defect rate","photo_INSP00000695.jpg"
"INSP00000696","2024-05-25","12:40",2024,7,"ORD00000726","PROD000097","Product 97","BATCH00696","INS0047","Inspector 47","Quality Control","QC Department","FAC01","Factory 1","LINE007","Assembly Line 7",3418,35,"1.02",1041,"Crack","D001","Major","Crack found in batch","17.67","65.96","15.93","Poor","Fail","Completed","Passed","No","Yes","Supervisor 7","Inspection completed - 1.02% defect rate","null"
"INSP00000697","2024-03-01","09:25",2024,10,"ORD00000465","PROD000098","Product 98","BATCH00697","INS0048","Inspector 48","Quality Control","QC Department","FAC02","Factory 2","LINE008","Assembly Line 8",9461,38,"0.4",7667,"Dent","D002","Minor","Dent found in batch","12.89","75.52","19.9","Poor","Pass","In Progress","Failed","Yes","No","null","Inspection completed - 0.4% defect rate","photo_INSP00000697.jpg"
"INSP00000698","2024-09-09","13:55",2024,8,"ORD00000159","PROD000099","Product 99","BATCH00698","INS0049","Inspector 49","Quality Control","QC Department","FAC03","Factory 3","LINE009","Assembly Line 9",2969,34,"1.15",1964,"Discoloration","D003","Cosmetic","Discoloration found in batch","42.99","13.03","30.33","Poor","Pass","Pending","Conditional Pass","No","No","null","Inspection completed - 1.15% defect rate","photo_INSP00000698.jpg"
"INSP00000699","2024-06-05","11:16",2024,4,"ORD00000398","PROD000100","Product 100","BATCH00699","INS0050","Inspector 50","Quality Control","QC Department","FAC04","Factory 4","LINE010","Assembly Line 10",631,76,"12.04",52,"Misalignment","D004","None","Misalignment found in batch","100","67.69","29.52","Poor","Pass","On Hold","Pending","No","No","null","Inspection completed - 12.04% defect rate","photo_INSP00000699.jpg"
"INSP00000700","2024-08-08","14:29",2024,6,"ORD00000793","PROD000101","Product 101","BATCH00700","INS0001","Inspector 1","Quality Control","QC Department","FAC05","Factory 5","LINE011","Assembly Line 11",9877,93,"0.94",2193,"Missing Part","D005","Critical","Missing Part found in batch","78.79","62.85","45.02","Fair","Pass","Completed","Passed","No","Yes","Supervisor 1","Inspection completed - 0.94% defect rate","photo_INSP00000700.jpg"
